update business_date_master set eod_sod_flg=0;
commit;


---CLIENT SETUP SCRIPTS---
Delete from GTB_CUSTOMER WHERE customer_id IN (10203001, 10203002, 90807001, 90807002, 10203003, 90807003, 10203004, 90807004);
Delete from GTB_CUSTOMER_PREF where company_id IN (10203001, 10203002, 90807001, 90807002, 10203003, 90807003, 10203004, 90807004);
Delete from GTB_CUST_PROD_PREF where company_id IN (10203001, 10203002, 90807001, 90807002, 10203003, 90807003, 10203004, 90807004);
Delete from GTB_CUST_FILE_PREF where company_id IN (10203001, 10203002, 90807001, 90807002, 10203003, 90807003, 10203004, 90807004);
Delete from GTB_CUST_ACCOUNT where company_id IN (10203001, 10203002, 90807001, 90807002, 10203003, 90807003, 10203004, 90807004);
Delete from GTB_CUST_ACCOUNT_PREF Where company_id IN (10203001, 10203002, 90807001, 90807002, 10203003, 90807003, 10203004, 90807004);
Delete from GTB_ACC_OWNERSHIP where company_id IN (10203001, 10203002, 90807001, 90807002, 10203003, 90807003, 10203004, 90807004);
Delete from GTB_ORIGINATOR Where company_id IN (10203001, 10203002, 90807001, 90807002, 10203003, 90807003, 10203004, 90807004);
Delete from GTB_CLIENT_MIGRATION Where company_id IN (10203001, 10203002, 90807001, 90807002, 10203003, 90807003, 10203004, 90807004);
commit;

Insert into GTB_CUSTOMER (APPLICATION_ID,ENTITY_ID,CUSTOMER_ID,CUSTOMER_LEGAL_NAME,CUSTOMER_SHORT_NAME,DOB_DOI,CUSTOMER_TYPE,GENDER,LEGAL_STATUS,KYC_STATUS,ACTIVATION_DATE,COUNTRY_CODE,IS_ACTIVE,CUSTOMER_CATEGORY_CODE,SALUTATION,FIRST_NAME,MIDDLE_NAME,LAST_NAME,GRP_CODE,PRIMARY_ENTITY,INDUSTRY_TYPE,CREDIT_RATING,BANK_CODE,BEI,EXPECTED_TURNOVER,KYC_DATE,KYC_REVIEW_DATE,KYC_OFFICER,DEACTIVATION_DATE,REASON,BANK_IBAN,BANK_BIC,BANK_TELEX,BANK_ABA,MAKER_ID,MAKER_DATE,AUTHORISER_ID,AUTHORISED_DATE,COMPANY_ID,PAY_AUTH_ID,FX_ID,CLIENT_TYPE,LANGUAGE,ENTITY_LEVEL,INS_PARTY_LINK,LEGAL_NAME,LEGACY_CLIENT_IND) values (1,3,'90807002','BBD Automation L Client 2',null,null,'C',null,null,null,null,null,'0',null,null,null,null,null,null,null,null,null,'CIBCCATT',null,null,null,null,null,null,null,null,'LBBDCA02XXX',null,null,'BCCMKR1',to_date('14-12-20','DD-MM-RR'),'BCCCKR1 ',to_date('14-12-20','DD-MM-RR'),90807002,9080700000000002,'FXID9080702','E','en_US','Primary',null,null,'L');
Insert into GTB_CUSTOMER (APPLICATION_ID,ENTITY_ID,CUSTOMER_ID,CUSTOMER_LEGAL_NAME,CUSTOMER_SHORT_NAME,DOB_DOI,CUSTOMER_TYPE,GENDER,LEGAL_STATUS,KYC_STATUS,ACTIVATION_DATE,COUNTRY_CODE,IS_ACTIVE,CUSTOMER_CATEGORY_CODE,SALUTATION,FIRST_NAME,MIDDLE_NAME,LAST_NAME,GRP_CODE,PRIMARY_ENTITY,INDUSTRY_TYPE,CREDIT_RATING,BANK_CODE,BEI,EXPECTED_TURNOVER,KYC_DATE,KYC_REVIEW_DATE,KYC_OFFICER,DEACTIVATION_DATE,REASON,BANK_IBAN,BANK_BIC,BANK_TELEX,BANK_ABA,MAKER_ID,MAKER_DATE,AUTHORISER_ID,AUTHORISED_DATE,COMPANY_ID,PAY_AUTH_ID,FX_ID,CLIENT_TYPE,LANGUAGE,ENTITY_LEVEL,INS_PARTY_LINK,LEGAL_NAME,LEGACY_CLIENT_IND) values (1,3,'10203001','BBD Automation NL Client 1',null,null,'C',null,null,null,null,null,'0',null,null,null,null,null,null,null,null,null,'CIBCCATT',null,null,null,null,null,null,null,null,'NLBBCA01XXX',null,null,'BBDUSER01',to_date('09-12-20','DD-MM-RR'),'BBDUSER01',to_date('09-12-20','DD-MM-RR'),10203001,1020300000000001,'FXID1020301','E','en_US','Primary',null,null,null);
Insert into GTB_CUSTOMER (APPLICATION_ID,ENTITY_ID,CUSTOMER_ID,CUSTOMER_LEGAL_NAME,CUSTOMER_SHORT_NAME,DOB_DOI,CUSTOMER_TYPE,GENDER,LEGAL_STATUS,KYC_STATUS,ACTIVATION_DATE,COUNTRY_CODE,IS_ACTIVE,CUSTOMER_CATEGORY_CODE,SALUTATION,FIRST_NAME,MIDDLE_NAME,LAST_NAME,GRP_CODE,PRIMARY_ENTITY,INDUSTRY_TYPE,CREDIT_RATING,BANK_CODE,BEI,EXPECTED_TURNOVER,KYC_DATE,KYC_REVIEW_DATE,KYC_OFFICER,DEACTIVATION_DATE,REASON,BANK_IBAN,BANK_BIC,BANK_TELEX,BANK_ABA,MAKER_ID,MAKER_DATE,AUTHORISER_ID,AUTHORISED_DATE,COMPANY_ID,PAY_AUTH_ID,FX_ID,CLIENT_TYPE,LANGUAGE,ENTITY_LEVEL,INS_PARTY_LINK,LEGAL_NAME,LEGACY_CLIENT_IND) values (1,3,'90807001','BBD Automation L Client 1',null,null,'C',null,null,null,null,null,'0',null,null,null,null,null,null,null,null,null,'CIBCCATT',null,null,null,null,null,null,null,null,'LBBDCA01XXX',null,null,'BCCMKR1',to_date('14-12-20','DD-MM-RR'),'BCCCKR1 ',to_date('14-12-20','DD-MM-RR'),90807001,9080700000000001,'FXID9080701','E','en_US','Primary',null,null,'L');
Insert into GTB_CUSTOMER (APPLICATION_ID,ENTITY_ID,CUSTOMER_ID,CUSTOMER_LEGAL_NAME,CUSTOMER_SHORT_NAME,DOB_DOI,CUSTOMER_TYPE,GENDER,LEGAL_STATUS,KYC_STATUS,ACTIVATION_DATE,COUNTRY_CODE,IS_ACTIVE,CUSTOMER_CATEGORY_CODE,SALUTATION,FIRST_NAME,MIDDLE_NAME,LAST_NAME,GRP_CODE,PRIMARY_ENTITY,INDUSTRY_TYPE,CREDIT_RATING,BANK_CODE,BEI,EXPECTED_TURNOVER,KYC_DATE,KYC_REVIEW_DATE,KYC_OFFICER,DEACTIVATION_DATE,REASON,BANK_IBAN,BANK_BIC,BANK_TELEX,BANK_ABA,MAKER_ID,MAKER_DATE,AUTHORISER_ID,AUTHORISED_DATE,COMPANY_ID,PAY_AUTH_ID,FX_ID,CLIENT_TYPE,LANGUAGE,ENTITY_LEVEL,INS_PARTY_LINK,LEGAL_NAME,LEGACY_CLIENT_IND) values (1,3,'10203002','BBD Automation NL Client 2',null,null,'C',null,null,null,null,null,'0',null,null,null,null,null,null,null,null,null,'CIBCCATT',null,null,null,null,null,null,null,null,'NLBBCA02XXX',null,null,'BBDUSER01',to_date('09-12-20','DD-MM-RR'),'BBDUSER01',to_date('09-12-20','DD-MM-RR'),10203002,1020300000000002,'FXID1020302','E','en_US','Primary',null,null,null);
Insert into GTB_CUSTOMER (APPLICATION_ID,ENTITY_ID,CUSTOMER_ID,CUSTOMER_LEGAL_NAME,CUSTOMER_SHORT_NAME,DOB_DOI,CUSTOMER_TYPE,GENDER,LEGAL_STATUS,KYC_STATUS,ACTIVATION_DATE,COUNTRY_CODE,IS_ACTIVE,CUSTOMER_CATEGORY_CODE,SALUTATION,FIRST_NAME,MIDDLE_NAME,LAST_NAME,GRP_CODE,PRIMARY_ENTITY,INDUSTRY_TYPE,CREDIT_RATING,BANK_CODE,BEI,EXPECTED_TURNOVER,KYC_DATE,KYC_REVIEW_DATE,KYC_OFFICER,DEACTIVATION_DATE,REASON,BANK_IBAN,BANK_BIC,BANK_TELEX,BANK_ABA,MAKER_ID,MAKER_DATE,AUTHORISER_ID,AUTHORISED_DATE,COMPANY_ID,PAY_AUTH_ID,FX_ID,CLIENT_TYPE,LANGUAGE,ENTITY_LEVEL,INS_PARTY_LINK,LEGAL_NAME,LEGACY_CLIENT_IND) values (1,3,'10203003','BBD Automation NL Client 3',null,null,'C',null,null,null,null,null,'0',null,null,null,null,null,null,null,null,null,'CIBCCATT',null,null,null,null,null,null,null,null,'NLBBCA03XXX',null,null,'BBDUSER01',to_date('27-12-20','DD-MM-RR'),'BBDUSER01',to_date('27-12-20','DD-MM-RR'),10203003,1020300000000003,'FXID1020303','E','en_US','Primary',null,null,null);
Insert into GTB_CUSTOMER (APPLICATION_ID,ENTITY_ID,CUSTOMER_ID,CUSTOMER_LEGAL_NAME,CUSTOMER_SHORT_NAME,DOB_DOI,CUSTOMER_TYPE,GENDER,LEGAL_STATUS,KYC_STATUS,ACTIVATION_DATE,COUNTRY_CODE,IS_ACTIVE,CUSTOMER_CATEGORY_CODE,SALUTATION,FIRST_NAME,MIDDLE_NAME,LAST_NAME,GRP_CODE,PRIMARY_ENTITY,INDUSTRY_TYPE,CREDIT_RATING,BANK_CODE,BEI,EXPECTED_TURNOVER,KYC_DATE,KYC_REVIEW_DATE,KYC_OFFICER,DEACTIVATION_DATE,REASON,BANK_IBAN,BANK_BIC,BANK_TELEX,BANK_ABA,MAKER_ID,MAKER_DATE,AUTHORISER_ID,AUTHORISED_DATE,COMPANY_ID,PAY_AUTH_ID,FX_ID,CLIENT_TYPE,LANGUAGE,ENTITY_LEVEL,INS_PARTY_LINK,LEGAL_NAME,LEGACY_CLIENT_IND) values (1,3,'90807003','BBD Automation L Client 3',null,null,'C',null,null,null,null,null,'0',null,null,null,null,null,null,null,null,null,'CIBCCATT',null,null,null,null,null,null,null,null,'LBBDCA03XXX',null,null,'BCCMKR1',to_date('27-12-20','DD-MM-RR'),'BCCCKR1 ',to_date('27-12-20','DD-MM-RR'),90807003,9080700000000003,'FXID9080703','E','en_US','Primary',null,null,'L');
Insert into GTB_CUSTOMER (APPLICATION_ID,ENTITY_ID,CUSTOMER_ID,CUSTOMER_LEGAL_NAME,CUSTOMER_SHORT_NAME,DOB_DOI,CUSTOMER_TYPE,GENDER,LEGAL_STATUS,KYC_STATUS,ACTIVATION_DATE,COUNTRY_CODE,IS_ACTIVE,CUSTOMER_CATEGORY_CODE,SALUTATION,FIRST_NAME,MIDDLE_NAME,LAST_NAME,GRP_CODE,PRIMARY_ENTITY,INDUSTRY_TYPE,CREDIT_RATING,BANK_CODE,BEI,EXPECTED_TURNOVER,KYC_DATE,KYC_REVIEW_DATE,KYC_OFFICER,DEACTIVATION_DATE,REASON,BANK_IBAN,BANK_BIC,BANK_TELEX,BANK_ABA,MAKER_ID,MAKER_DATE,AUTHORISER_ID,AUTHORISED_DATE,COMPANY_ID,PAY_AUTH_ID,FX_ID,CLIENT_TYPE,LANGUAGE,ENTITY_LEVEL,INS_PARTY_LINK,LEGAL_NAME,LEGACY_CLIENT_IND) values (1,3,'10203004','BBD Automation NL Client 4',null,null,'C',null,null,null,null,null,'0',null,null,null,null,null,null,null,null,null,'CIBCCATT',null,null,null,null,null,null,null,null,'NLBBCA04XXX',null,null,'BBDUSER01',to_date('27-12-20','DD-MM-RR'),'BBDUSER01',to_date('27-12-20','DD-MM-RR'),10203004,1020300000000004,'FXID1020304','E','en_US','Primary',null,null,null);
Insert into GTB_CUSTOMER (APPLICATION_ID,ENTITY_ID,CUSTOMER_ID,CUSTOMER_LEGAL_NAME,CUSTOMER_SHORT_NAME,DOB_DOI,CUSTOMER_TYPE,GENDER,LEGAL_STATUS,KYC_STATUS,ACTIVATION_DATE,COUNTRY_CODE,IS_ACTIVE,CUSTOMER_CATEGORY_CODE,SALUTATION,FIRST_NAME,MIDDLE_NAME,LAST_NAME,GRP_CODE,PRIMARY_ENTITY,INDUSTRY_TYPE,CREDIT_RATING,BANK_CODE,BEI,EXPECTED_TURNOVER,KYC_DATE,KYC_REVIEW_DATE,KYC_OFFICER,DEACTIVATION_DATE,REASON,BANK_IBAN,BANK_BIC,BANK_TELEX,BANK_ABA,MAKER_ID,MAKER_DATE,AUTHORISER_ID,AUTHORISED_DATE,COMPANY_ID,PAY_AUTH_ID,FX_ID,CLIENT_TYPE,LANGUAGE,ENTITY_LEVEL,INS_PARTY_LINK,LEGAL_NAME,LEGACY_CLIENT_IND) values (1,3,'90807004','BBD Automation L Client 4',null,null,'C',null,null,null,null,null,'0',null,null,null,null,null,null,null,null,null,'CIBCCATT',null,null,null,null,null,null,null,null,'LBBDCA04XXX',null,null,'BCCMKR1',to_date('27-12-20','DD-MM-RR'),'BCCCKR1 ',to_date('27-12-20','DD-MM-RR'),90807004,9080700000000004,'FXID9080704','E','en_US','Primary',null,null,'L');
-------------------------------------------------
commit;
Insert into GTB_CUSTOMER_PREF (IS_ACTIVE,ACTIVATION_DATE,DEACTIVATION_DATE,MAKER_ID,MAKER_DATE,AUTHORISER_ID,AUTHORISED_DATE,CHANNEL,ALERT_LANGUAGE,CUSTOMER_LEGAL_NAME,COMPANY_ID,PROD_ID,BRANCH_CODE,CREATE_DT,HUMAN_RESP_TYPE,HR_RESP_CHNL,HR_RESP_FMT,IS_INITIATE_PRTY) values ('0',to_date('14-12-20','DD-MM-RR'),to_date('31-12-99','DD-MM-RR'),'BCCMKR1',to_date('14-12-20','DD-MM-RR'),'BCCCKR1',to_date('14-12-20','DD-MM-RR'),null,null,'BBD Automation NL Client 1',10203001,null,null,null,'NOC Report
File Ack/Nack
Payments Status Report
EOD Status Report
Return Item Report','FTS','CSV','Yes');
Insert into GTB_CUSTOMER_PREF (IS_ACTIVE,ACTIVATION_DATE,DEACTIVATION_DATE,MAKER_ID,MAKER_DATE,AUTHORISER_ID,AUTHORISED_DATE,CHANNEL,ALERT_LANGUAGE,CUSTOMER_LEGAL_NAME,COMPANY_ID,PROD_ID,BRANCH_CODE,CREATE_DT,HUMAN_RESP_TYPE,HR_RESP_CHNL,HR_RESP_FMT,IS_INITIATE_PRTY) values ('0',to_date('14-12-20','DD-MM-RR'),to_date('31-12-99','DD-MM-RR'),'BCCMKR1',to_date('14-12-20','DD-MM-RR'),'BCCCKR1',to_date('14-12-20','DD-MM-RR'),null,null,'BBD Automation NL Client 2',10203002,null,null,null,'NOC Report
File Ack/Nack
Payments Status Report
EOD Status Report
Return Item Report','FTS','CSV','Yes');
Insert into GTB_CUSTOMER_PREF (IS_ACTIVE,ACTIVATION_DATE,DEACTIVATION_DATE,MAKER_ID,MAKER_DATE,AUTHORISER_ID,AUTHORISED_DATE,CHANNEL,ALERT_LANGUAGE,CUSTOMER_LEGAL_NAME,COMPANY_ID,PROD_ID,BRANCH_CODE,CREATE_DT,HUMAN_RESP_TYPE,HR_RESP_CHNL,HR_RESP_FMT,IS_INITIATE_PRTY) values ('0',to_date('14-12-20','DD-MM-RR'),to_date('31-12-99','DD-MM-RR'),'BCCMKR1',to_date('14-12-20','DD-MM-RR'),'BCCCKR1',to_date('14-12-20','DD-MM-RR'),null,null,'BBD Automation L Client 1',90807001,null,null,null,null,'FTS','CSV','Yes');
Insert into GTB_CUSTOMER_PREF (IS_ACTIVE,ACTIVATION_DATE,DEACTIVATION_DATE,MAKER_ID,MAKER_DATE,AUTHORISER_ID,AUTHORISED_DATE,CHANNEL,ALERT_LANGUAGE,CUSTOMER_LEGAL_NAME,COMPANY_ID,PROD_ID,BRANCH_CODE,CREATE_DT,HUMAN_RESP_TYPE,HR_RESP_CHNL,HR_RESP_FMT,IS_INITIATE_PRTY) values ('0',to_date('14-12-20','DD-MM-RR'),to_date('31-12-99','DD-MM-RR'),'BCCMKR1',to_date('14-12-20','DD-MM-RR'),'BCCCKR1',to_date('14-12-20','DD-MM-RR'),null,null,'BBD Automation L Client 2',90807002,null,null,null,null,'FTS','CSV','Yes');
Insert into GTB_CUSTOMER_PREF (IS_ACTIVE,ACTIVATION_DATE,DEACTIVATION_DATE,MAKER_ID,MAKER_DATE,AUTHORISER_ID,AUTHORISED_DATE,CHANNEL,ALERT_LANGUAGE,CUSTOMER_LEGAL_NAME,COMPANY_ID,PROD_ID,BRANCH_CODE,CREATE_DT,HUMAN_RESP_TYPE,HR_RESP_CHNL,HR_RESP_FMT,IS_INITIATE_PRTY) values ('0',to_date('27-12-20','DD-MM-RR'),to_date('31-12-99','DD-MM-RR'),'BCCMKR1',to_date('27-12-20','DD-MM-RR'),'BCCCKR1 ',to_date('27-12-20','DD-MM-RR'),null,null,'BBD Automation NL Client 3',10203003,null,null,null,'NOC Report
File Ack/Nack
Payments Status Report
EOD Status Report
Return Item Report','FTS','CSV','Yes');
Insert into GTB_CUSTOMER_PREF (IS_ACTIVE,ACTIVATION_DATE,DEACTIVATION_DATE,MAKER_ID,MAKER_DATE,AUTHORISER_ID,AUTHORISED_DATE,CHANNEL,ALERT_LANGUAGE,CUSTOMER_LEGAL_NAME,COMPANY_ID,PROD_ID,BRANCH_CODE,CREATE_DT,HUMAN_RESP_TYPE,HR_RESP_CHNL,HR_RESP_FMT,IS_INITIATE_PRTY) values ('0',to_date('27-12-20','DD-MM-RR'),to_date('31-12-99','DD-MM-RR'),'BCCMKR1',to_date('27-12-20','DD-MM-RR'),'BCCCKR1',to_date('27-12-20','DD-MM-RR'),null,null,'BBD Automation L Client 3',90807003,null,null,null,null,'FTS','CSV','Yes');
Insert into GTB_CUSTOMER_PREF (IS_ACTIVE,ACTIVATION_DATE,DEACTIVATION_DATE,MAKER_ID,MAKER_DATE,AUTHORISER_ID,AUTHORISED_DATE,CHANNEL,ALERT_LANGUAGE,CUSTOMER_LEGAL_NAME,COMPANY_ID,PROD_ID,BRANCH_CODE,CREATE_DT,HUMAN_RESP_TYPE,HR_RESP_CHNL,HR_RESP_FMT,IS_INITIATE_PRTY) values ('0',to_date('27-12-20','DD-MM-RR'),to_date('31-12-99','DD-MM-RR'),'BCCMKR1',to_date('27-12-20','DD-MM-RR'),'BCCCKR1',to_date('27-12-20','DD-MM-RR'),null,null,'BBD Automation NL Client 4',10203004,null,null,null,'NOC Report
File Ack/Nack
Payments Status Report
EOD Status Report
Return Item Report','FTS','CSV','Yes');
Insert into GTB_CUSTOMER_PREF (IS_ACTIVE,ACTIVATION_DATE,DEACTIVATION_DATE,MAKER_ID,MAKER_DATE,AUTHORISER_ID,AUTHORISED_DATE,CHANNEL,ALERT_LANGUAGE,CUSTOMER_LEGAL_NAME,COMPANY_ID,PROD_ID,BRANCH_CODE,CREATE_DT,HUMAN_RESP_TYPE,HR_RESP_CHNL,HR_RESP_FMT,IS_INITIATE_PRTY) values ('0',to_date('27-12-20','DD-MM-RR'),to_date('31-12-99','DD-MM-RR'),'BCCMKR1',to_date('27-12-20','DD-MM-RR'),'BCCCKR1',to_date('27-12-20','DD-MM-RR'),null,null,'BBD Automation L Client 4',90807004,null,null,null,null,'FTS','CSV','Yes');
commit;
-------------------------------------------------
Insert into GTB_CUST_PROD_PREF (COMPANY_ID,FUTURE_DATE_ALLO,NO_FUTURE_DAYS,TXN_LIMIT_REQD,TXN_LIMIT_CURRENCY,TXN_LIMIT_FROM,TXN_LIMIT_TO,EXT_CUTOFF_REQD,EXT_CUTOFF_TIME,PREF_CURRENCY,PREF_COUNTRY,MAKER_ID,MAKER_DATE,AUTHORISER_ID,AUTHORISED_DATE,SEQNO,PROD_ID,PROD_DESC,REMIT_ALLOWED,IS_PREF_SERVICE,IS_BATCH_DEBIT) values (90807001,null,null,null,null,null,null,null,null,null,null,'BCCMKR1',to_date('14-12-20','DD-MM-RR'),'BCCCKR1',to_date('14-12-20','DD-MM-RR'),1,'ACH','ACH','Y',null,'Single');
Insert into GTB_CUST_PROD_PREF (COMPANY_ID,FUTURE_DATE_ALLO,NO_FUTURE_DAYS,TXN_LIMIT_REQD,TXN_LIMIT_CURRENCY,TXN_LIMIT_FROM,TXN_LIMIT_TO,EXT_CUTOFF_REQD,EXT_CUTOFF_TIME,PREF_CURRENCY,PREF_COUNTRY,MAKER_ID,MAKER_DATE,AUTHORISER_ID,AUTHORISED_DATE,SEQNO,PROD_ID,PROD_DESC,REMIT_ALLOWED,IS_PREF_SERVICE,IS_BATCH_DEBIT) values (90807001,null,null,null,null,null,null,null,null,null,null,'BCCMKR1',to_date('14-12-20','DD-MM-RR'),'BCCCKR1',to_date('14-12-20','DD-MM-RR'),2,'EFT','EFT','Y',null,'Single');
Insert into GTB_CUST_PROD_PREF (COMPANY_ID,FUTURE_DATE_ALLO,NO_FUTURE_DAYS,TXN_LIMIT_REQD,TXN_LIMIT_CURRENCY,TXN_LIMIT_FROM,TXN_LIMIT_TO,EXT_CUTOFF_REQD,EXT_CUTOFF_TIME,PREF_CURRENCY,PREF_COUNTRY,MAKER_ID,MAKER_DATE,AUTHORISER_ID,AUTHORISED_DATE,SEQNO,PROD_ID,PROD_DESC,REMIT_ALLOWED,IS_PREF_SERVICE,IS_BATCH_DEBIT) values (10203001,null,null,null,null,null,null,null,null,null,null,'BCCMKR1',to_date('14-12-20','DD-MM-RR'),'BCCCKR1',to_date('14-12-20','DD-MM-RR'),1,'Wires','Wires','Y',null,'Single');
Insert into GTB_CUST_PROD_PREF (COMPANY_ID,FUTURE_DATE_ALLO,NO_FUTURE_DAYS,TXN_LIMIT_REQD,TXN_LIMIT_CURRENCY,TXN_LIMIT_FROM,TXN_LIMIT_TO,EXT_CUTOFF_REQD,EXT_CUTOFF_TIME,PREF_CURRENCY,PREF_COUNTRY,MAKER_ID,MAKER_DATE,AUTHORISER_ID,AUTHORISED_DATE,SEQNO,PROD_ID,PROD_DESC,REMIT_ALLOWED,IS_PREF_SERVICE,IS_BATCH_DEBIT) values (10203001,null,null,null,null,null,null,null,null,null,null,'BCCMKR1',to_date('14-12-20','DD-MM-RR'),'BCCCKR1',to_date('14-12-20','DD-MM-RR'),2,'ACH','ACH','Y',null,'Single');
Insert into GTB_CUST_PROD_PREF (COMPANY_ID,FUTURE_DATE_ALLO,NO_FUTURE_DAYS,TXN_LIMIT_REQD,TXN_LIMIT_CURRENCY,TXN_LIMIT_FROM,TXN_LIMIT_TO,EXT_CUTOFF_REQD,EXT_CUTOFF_TIME,PREF_CURRENCY,PREF_COUNTRY,MAKER_ID,MAKER_DATE,AUTHORISER_ID,AUTHORISED_DATE,SEQNO,PROD_ID,PROD_DESC,REMIT_ALLOWED,IS_PREF_SERVICE,IS_BATCH_DEBIT) values (10203001,null,null,null,null,null,null,null,null,null,null,'BCCMKR1',to_date('14-12-20','DD-MM-RR'),'BCCCKR1',to_date('14-12-20','DD-MM-RR'),3,'EFT','EFT','Y',null,'Single');
Insert into GTB_CUST_PROD_PREF (COMPANY_ID,FUTURE_DATE_ALLO,NO_FUTURE_DAYS,TXN_LIMIT_REQD,TXN_LIMIT_CURRENCY,TXN_LIMIT_FROM,TXN_LIMIT_TO,EXT_CUTOFF_REQD,EXT_CUTOFF_TIME,PREF_CURRENCY,PREF_COUNTRY,MAKER_ID,MAKER_DATE,AUTHORISER_ID,AUTHORISED_DATE,SEQNO,PROD_ID,PROD_DESC,REMIT_ALLOWED,IS_PREF_SERVICE,IS_BATCH_DEBIT) values (10203001,null,null,null,null,null,null,null,null,null,null,'BCCMKR1',to_date('14-12-20','DD-MM-RR'),'BCCCKR1',to_date('14-12-20','DD-MM-RR'),4,'CHK','Cheques','Y',null,'Single');
Insert into GTB_CUST_PROD_PREF (COMPANY_ID,FUTURE_DATE_ALLO,NO_FUTURE_DAYS,TXN_LIMIT_REQD,TXN_LIMIT_CURRENCY,TXN_LIMIT_FROM,TXN_LIMIT_TO,EXT_CUTOFF_REQD,EXT_CUTOFF_TIME,PREF_CURRENCY,PREF_COUNTRY,MAKER_ID,MAKER_DATE,AUTHORISER_ID,AUTHORISED_DATE,SEQNO,PROD_ID,PROD_DESC,REMIT_ALLOWED,IS_PREF_SERVICE,IS_BATCH_DEBIT) values (10203001,null,null,null,null,null,null,null,null,null,null,'BCCMKR1',to_date('14-12-20','DD-MM-RR'),'BCCCKR1',to_date('14-12-20','DD-MM-RR'),5,'CTR','Account Transfer',null,null,'Single');
Insert into GTB_CUST_PROD_PREF (COMPANY_ID,FUTURE_DATE_ALLO,NO_FUTURE_DAYS,TXN_LIMIT_REQD,TXN_LIMIT_CURRENCY,TXN_LIMIT_FROM,TXN_LIMIT_TO,EXT_CUTOFF_REQD,EXT_CUTOFF_TIME,PREF_CURRENCY,PREF_COUNTRY,MAKER_ID,MAKER_DATE,AUTHORISER_ID,AUTHORISED_DATE,SEQNO,PROD_ID,PROD_DESC,REMIT_ALLOWED,IS_PREF_SERVICE,IS_BATCH_DEBIT) values (10203001,null,null,null,null,null,null,null,null,null,null,'BCCMKR1',to_date('14-12-20','DD-MM-RR'),'BCCCKR1',to_date('14-12-20','DD-MM-RR'),6,'EMT','Bulk eTransfer',null,null,'Single');
Insert into GTB_CUST_PROD_PREF (COMPANY_ID,FUTURE_DATE_ALLO,NO_FUTURE_DAYS,TXN_LIMIT_REQD,TXN_LIMIT_CURRENCY,TXN_LIMIT_FROM,TXN_LIMIT_TO,EXT_CUTOFF_REQD,EXT_CUTOFF_TIME,PREF_CURRENCY,PREF_COUNTRY,MAKER_ID,MAKER_DATE,AUTHORISER_ID,AUTHORISED_DATE,SEQNO,PROD_ID,PROD_DESC,REMIT_ALLOWED,IS_PREF_SERVICE,IS_BATCH_DEBIT) values (90807002,null,null,null,null,null,null,null,null,null,null,'BCCMKR1',to_date('14-12-20','DD-MM-RR'),'BCCCKR1',to_date('14-12-20','DD-MM-RR'),1,'ACH','ACH','Y',null,'Single');
Insert into GTB_CUST_PROD_PREF (COMPANY_ID,FUTURE_DATE_ALLO,NO_FUTURE_DAYS,TXN_LIMIT_REQD,TXN_LIMIT_CURRENCY,TXN_LIMIT_FROM,TXN_LIMIT_TO,EXT_CUTOFF_REQD,EXT_CUTOFF_TIME,PREF_CURRENCY,PREF_COUNTRY,MAKER_ID,MAKER_DATE,AUTHORISER_ID,AUTHORISED_DATE,SEQNO,PROD_ID,PROD_DESC,REMIT_ALLOWED,IS_PREF_SERVICE,IS_BATCH_DEBIT) values (90807002,null,null,null,null,null,null,null,null,null,null,'BCCMKR1',to_date('14-12-20','DD-MM-RR'),'BCCCKR1',to_date('14-12-20','DD-MM-RR'),2,'EFT','EFT','Y',null,'Single');
Insert into GTB_CUST_PROD_PREF (COMPANY_ID,FUTURE_DATE_ALLO,NO_FUTURE_DAYS,TXN_LIMIT_REQD,TXN_LIMIT_CURRENCY,TXN_LIMIT_FROM,TXN_LIMIT_TO,EXT_CUTOFF_REQD,EXT_CUTOFF_TIME,PREF_CURRENCY,PREF_COUNTRY,MAKER_ID,MAKER_DATE,AUTHORISER_ID,AUTHORISED_DATE,SEQNO,PROD_ID,PROD_DESC,REMIT_ALLOWED,IS_PREF_SERVICE,IS_BATCH_DEBIT) values (10203002,null,null,null,null,null,null,null,null,null,null,'BCCMKR1',to_date('14-12-20','DD-MM-RR'),'BCCCKR1',to_date('14-12-20','DD-MM-RR'),1,'Wires','Wires','Y',null,'Single');
Insert into GTB_CUST_PROD_PREF (COMPANY_ID,FUTURE_DATE_ALLO,NO_FUTURE_DAYS,TXN_LIMIT_REQD,TXN_LIMIT_CURRENCY,TXN_LIMIT_FROM,TXN_LIMIT_TO,EXT_CUTOFF_REQD,EXT_CUTOFF_TIME,PREF_CURRENCY,PREF_COUNTRY,MAKER_ID,MAKER_DATE,AUTHORISER_ID,AUTHORISED_DATE,SEQNO,PROD_ID,PROD_DESC,REMIT_ALLOWED,IS_PREF_SERVICE,IS_BATCH_DEBIT) values (10203002,null,null,null,null,null,null,null,null,null,null,'BCCMKR1',to_date('14-12-20','DD-MM-RR'),'BCCCKR1',to_date('14-12-20','DD-MM-RR'),2,'ACH','ACH','Y',null,'Single');
Insert into GTB_CUST_PROD_PREF (COMPANY_ID,FUTURE_DATE_ALLO,NO_FUTURE_DAYS,TXN_LIMIT_REQD,TXN_LIMIT_CURRENCY,TXN_LIMIT_FROM,TXN_LIMIT_TO,EXT_CUTOFF_REQD,EXT_CUTOFF_TIME,PREF_CURRENCY,PREF_COUNTRY,MAKER_ID,MAKER_DATE,AUTHORISER_ID,AUTHORISED_DATE,SEQNO,PROD_ID,PROD_DESC,REMIT_ALLOWED,IS_PREF_SERVICE,IS_BATCH_DEBIT) values (10203002,null,null,null,null,null,null,null,null,null,null,'BCCMKR1',to_date('14-12-20','DD-MM-RR'),'BCCCKR1',to_date('14-12-20','DD-MM-RR'),3,'EFT','EFT','Y',null,'Single');
Insert into GTB_CUST_PROD_PREF (COMPANY_ID,FUTURE_DATE_ALLO,NO_FUTURE_DAYS,TXN_LIMIT_REQD,TXN_LIMIT_CURRENCY,TXN_LIMIT_FROM,TXN_LIMIT_TO,EXT_CUTOFF_REQD,EXT_CUTOFF_TIME,PREF_CURRENCY,PREF_COUNTRY,MAKER_ID,MAKER_DATE,AUTHORISER_ID,AUTHORISED_DATE,SEQNO,PROD_ID,PROD_DESC,REMIT_ALLOWED,IS_PREF_SERVICE,IS_BATCH_DEBIT) values (10203002,null,null,null,null,null,null,null,null,null,null,'BCCMKR1',to_date('14-12-20','DD-MM-RR'),'BCCCKR1',to_date('14-12-20','DD-MM-RR'),4,'CHK','Cheques','Y',null,'Single');
Insert into GTB_CUST_PROD_PREF (COMPANY_ID,FUTURE_DATE_ALLO,NO_FUTURE_DAYS,TXN_LIMIT_REQD,TXN_LIMIT_CURRENCY,TXN_LIMIT_FROM,TXN_LIMIT_TO,EXT_CUTOFF_REQD,EXT_CUTOFF_TIME,PREF_CURRENCY,PREF_COUNTRY,MAKER_ID,MAKER_DATE,AUTHORISER_ID,AUTHORISED_DATE,SEQNO,PROD_ID,PROD_DESC,REMIT_ALLOWED,IS_PREF_SERVICE,IS_BATCH_DEBIT) values (10203002,null,null,null,null,null,null,null,null,null,null,'BCCMKR1',to_date('14-12-20','DD-MM-RR'),'BCCCKR1',to_date('14-12-20','DD-MM-RR'),5,'CTR','Account Transfer',null,null,'Single');
Insert into GTB_CUST_PROD_PREF (COMPANY_ID,FUTURE_DATE_ALLO,NO_FUTURE_DAYS,TXN_LIMIT_REQD,TXN_LIMIT_CURRENCY,TXN_LIMIT_FROM,TXN_LIMIT_TO,EXT_CUTOFF_REQD,EXT_CUTOFF_TIME,PREF_CURRENCY,PREF_COUNTRY,MAKER_ID,MAKER_DATE,AUTHORISER_ID,AUTHORISED_DATE,SEQNO,PROD_ID,PROD_DESC,REMIT_ALLOWED,IS_PREF_SERVICE,IS_BATCH_DEBIT) values (10203002,null,null,null,null,null,null,null,null,null,null,'BCCMKR1',to_date('14-12-20','DD-MM-RR'),'BCCCKR1',to_date('14-12-20','DD-MM-RR'),6,'EMT','Bulk eTransfer',null,null,'Single');
Insert into GTB_CUST_PROD_PREF (COMPANY_ID,FUTURE_DATE_ALLO,NO_FUTURE_DAYS,TXN_LIMIT_REQD,TXN_LIMIT_CURRENCY,TXN_LIMIT_FROM,TXN_LIMIT_TO,EXT_CUTOFF_REQD,EXT_CUTOFF_TIME,PREF_CURRENCY,PREF_COUNTRY,MAKER_ID,MAKER_DATE,AUTHORISER_ID,AUTHORISED_DATE,SEQNO,PROD_ID,PROD_DESC,REMIT_ALLOWED,IS_PREF_SERVICE,IS_BATCH_DEBIT) values (10203003,null,null,null,null,null,null,null,null,null,null,'BCCMKR1',to_date('27-12-20','DD-MM-RR'),'BCCCKR1',to_date('27-12-20','DD-MM-RR'),1,'Wires','Wires','Y',null,'Single');
Insert into GTB_CUST_PROD_PREF (COMPANY_ID,FUTURE_DATE_ALLO,NO_FUTURE_DAYS,TXN_LIMIT_REQD,TXN_LIMIT_CURRENCY,TXN_LIMIT_FROM,TXN_LIMIT_TO,EXT_CUTOFF_REQD,EXT_CUTOFF_TIME,PREF_CURRENCY,PREF_COUNTRY,MAKER_ID,MAKER_DATE,AUTHORISER_ID,AUTHORISED_DATE,SEQNO,PROD_ID,PROD_DESC,REMIT_ALLOWED,IS_PREF_SERVICE,IS_BATCH_DEBIT) values (10203003,null,null,null,null,null,null,null,null,null,null,'BCCMKR1',to_date('27-12-20','DD-MM-RR'),'BCCCKR1',to_date('27-12-20','DD-MM-RR'),2,'ACH','ACH','Y',null,'Single');
Insert into GTB_CUST_PROD_PREF (COMPANY_ID,FUTURE_DATE_ALLO,NO_FUTURE_DAYS,TXN_LIMIT_REQD,TXN_LIMIT_CURRENCY,TXN_LIMIT_FROM,TXN_LIMIT_TO,EXT_CUTOFF_REQD,EXT_CUTOFF_TIME,PREF_CURRENCY,PREF_COUNTRY,MAKER_ID,MAKER_DATE,AUTHORISER_ID,AUTHORISED_DATE,SEQNO,PROD_ID,PROD_DESC,REMIT_ALLOWED,IS_PREF_SERVICE,IS_BATCH_DEBIT) values (10203003,null,null,null,null,null,null,null,null,null,null,'BCCMKR1',to_date('27-12-20','DD-MM-RR'),'BCCCKR1',to_date('27-12-20','DD-MM-RR'),3,'EFT','EFT','Y',null,'Single');
Insert into GTB_CUST_PROD_PREF (COMPANY_ID,FUTURE_DATE_ALLO,NO_FUTURE_DAYS,TXN_LIMIT_REQD,TXN_LIMIT_CURRENCY,TXN_LIMIT_FROM,TXN_LIMIT_TO,EXT_CUTOFF_REQD,EXT_CUTOFF_TIME,PREF_CURRENCY,PREF_COUNTRY,MAKER_ID,MAKER_DATE,AUTHORISER_ID,AUTHORISED_DATE,SEQNO,PROD_ID,PROD_DESC,REMIT_ALLOWED,IS_PREF_SERVICE,IS_BATCH_DEBIT) values (10203003,null,null,null,null,null,null,null,null,null,null,'BCCMKR1',to_date('27-12-20','DD-MM-RR'),'BCCCKR1',to_date('27-12-20','DD-MM-RR'),4,'CHK','Cheques','Y',null,'Single');
Insert into GTB_CUST_PROD_PREF (COMPANY_ID,FUTURE_DATE_ALLO,NO_FUTURE_DAYS,TXN_LIMIT_REQD,TXN_LIMIT_CURRENCY,TXN_LIMIT_FROM,TXN_LIMIT_TO,EXT_CUTOFF_REQD,EXT_CUTOFF_TIME,PREF_CURRENCY,PREF_COUNTRY,MAKER_ID,MAKER_DATE,AUTHORISER_ID,AUTHORISED_DATE,SEQNO,PROD_ID,PROD_DESC,REMIT_ALLOWED,IS_PREF_SERVICE,IS_BATCH_DEBIT) values (10203003,null,null,null,null,0,0,null,null,null,null,'BCCMKR1',to_date('27-12-20','DD-MM-RR'),'BCCCKR1',to_date('27-12-20','DD-MM-RR'),5,'CTR','Account Transfer',null,'Y','Single');
Insert into GTB_CUST_PROD_PREF (COMPANY_ID,FUTURE_DATE_ALLO,NO_FUTURE_DAYS,TXN_LIMIT_REQD,TXN_LIMIT_CURRENCY,TXN_LIMIT_FROM,TXN_LIMIT_TO,EXT_CUTOFF_REQD,EXT_CUTOFF_TIME,PREF_CURRENCY,PREF_COUNTRY,MAKER_ID,MAKER_DATE,AUTHORISER_ID,AUTHORISED_DATE,SEQNO,PROD_ID,PROD_DESC,REMIT_ALLOWED,IS_PREF_SERVICE,IS_BATCH_DEBIT) values (10203003,null,null,null,null,null,null,null,null,null,null,'BCCMKR1',to_date('27-12-20','DD-MM-RR'),'BCCCKR1',to_date('27-12-20','DD-MM-RR'),6,'EMT','Bulk eTransfer',null,null,'Single');
Insert into GTB_CUST_PROD_PREF (COMPANY_ID,FUTURE_DATE_ALLO,NO_FUTURE_DAYS,TXN_LIMIT_REQD,TXN_LIMIT_CURRENCY,TXN_LIMIT_FROM,TXN_LIMIT_TO,EXT_CUTOFF_REQD,EXT_CUTOFF_TIME,PREF_CURRENCY,PREF_COUNTRY,MAKER_ID,MAKER_DATE,AUTHORISER_ID,AUTHORISED_DATE,SEQNO,PROD_ID,PROD_DESC,REMIT_ALLOWED,IS_PREF_SERVICE,IS_BATCH_DEBIT) values (90807003,null,null,null,null,null,null,null,null,null,null,'BCCMKR1',to_date('27-12-20','DD-MM-RR'),'BCCCKR1',to_date('27-12-20','DD-MM-RR'),1,'ACH','ACH','Y',null,'Single');
Insert into GTB_CUST_PROD_PREF (COMPANY_ID,FUTURE_DATE_ALLO,NO_FUTURE_DAYS,TXN_LIMIT_REQD,TXN_LIMIT_CURRENCY,TXN_LIMIT_FROM,TXN_LIMIT_TO,EXT_CUTOFF_REQD,EXT_CUTOFF_TIME,PREF_CURRENCY,PREF_COUNTRY,MAKER_ID,MAKER_DATE,AUTHORISER_ID,AUTHORISED_DATE,SEQNO,PROD_ID,PROD_DESC,REMIT_ALLOWED,IS_PREF_SERVICE,IS_BATCH_DEBIT) values (90807003,null,null,null,null,null,null,null,null,null,null,'BCCMKR1',to_date('27-12-20','DD-MM-RR'),'BCCCKR1',to_date('27-12-20','DD-MM-RR'),2,'EFT','EFT','Y',null,'Single');
Insert into GTB_CUST_PROD_PREF (COMPANY_ID,FUTURE_DATE_ALLO,NO_FUTURE_DAYS,TXN_LIMIT_REQD,TXN_LIMIT_CURRENCY,TXN_LIMIT_FROM,TXN_LIMIT_TO,EXT_CUTOFF_REQD,EXT_CUTOFF_TIME,PREF_CURRENCY,PREF_COUNTRY,MAKER_ID,MAKER_DATE,AUTHORISER_ID,AUTHORISED_DATE,SEQNO,PROD_ID,PROD_DESC,REMIT_ALLOWED,IS_PREF_SERVICE,IS_BATCH_DEBIT) values (10203004,null,null,null,null,null,null,null,null,null,null,'BCCMKR1',to_date('27-12-20','DD-MM-RR'),'BCCCKR1',to_date('27-12-20','DD-MM-RR'),1,'Wires','Wires','Y',null,'Single');
Insert into GTB_CUST_PROD_PREF (COMPANY_ID,FUTURE_DATE_ALLO,NO_FUTURE_DAYS,TXN_LIMIT_REQD,TXN_LIMIT_CURRENCY,TXN_LIMIT_FROM,TXN_LIMIT_TO,EXT_CUTOFF_REQD,EXT_CUTOFF_TIME,PREF_CURRENCY,PREF_COUNTRY,MAKER_ID,MAKER_DATE,AUTHORISER_ID,AUTHORISED_DATE,SEQNO,PROD_ID,PROD_DESC,REMIT_ALLOWED,IS_PREF_SERVICE,IS_BATCH_DEBIT) values (10203004,null,null,null,null,null,null,null,null,null,null,'BCCMKR1',to_date('27-12-20','DD-MM-RR'),'BCCCKR1',to_date('27-12-20','DD-MM-RR'),2,'ACH','ACH','Y',null,'Single');
Insert into GTB_CUST_PROD_PREF (COMPANY_ID,FUTURE_DATE_ALLO,NO_FUTURE_DAYS,TXN_LIMIT_REQD,TXN_LIMIT_CURRENCY,TXN_LIMIT_FROM,TXN_LIMIT_TO,EXT_CUTOFF_REQD,EXT_CUTOFF_TIME,PREF_CURRENCY,PREF_COUNTRY,MAKER_ID,MAKER_DATE,AUTHORISER_ID,AUTHORISED_DATE,SEQNO,PROD_ID,PROD_DESC,REMIT_ALLOWED,IS_PREF_SERVICE,IS_BATCH_DEBIT) values (10203004,null,null,null,null,null,null,null,null,null,null,'BCCMKR1',to_date('27-12-20','DD-MM-RR'),'BCCCKR1',to_date('27-12-20','DD-MM-RR'),3,'EFT','EFT','Y',null,'Single');
Insert into GTB_CUST_PROD_PREF (COMPANY_ID,FUTURE_DATE_ALLO,NO_FUTURE_DAYS,TXN_LIMIT_REQD,TXN_LIMIT_CURRENCY,TXN_LIMIT_FROM,TXN_LIMIT_TO,EXT_CUTOFF_REQD,EXT_CUTOFF_TIME,PREF_CURRENCY,PREF_COUNTRY,MAKER_ID,MAKER_DATE,AUTHORISER_ID,AUTHORISED_DATE,SEQNO,PROD_ID,PROD_DESC,REMIT_ALLOWED,IS_PREF_SERVICE,IS_BATCH_DEBIT) values (10203004,null,null,null,null,null,null,null,null,null,null,'BCCMKR1',to_date('27-12-20','DD-MM-RR'),'BCCCKR1',to_date('27-12-20','DD-MM-RR'),4,'CHK','Cheques','Y',null,'Single');
Insert into GTB_CUST_PROD_PREF (COMPANY_ID,FUTURE_DATE_ALLO,NO_FUTURE_DAYS,TXN_LIMIT_REQD,TXN_LIMIT_CURRENCY,TXN_LIMIT_FROM,TXN_LIMIT_TO,EXT_CUTOFF_REQD,EXT_CUTOFF_TIME,PREF_CURRENCY,PREF_COUNTRY,MAKER_ID,MAKER_DATE,AUTHORISER_ID,AUTHORISED_DATE,SEQNO,PROD_ID,PROD_DESC,REMIT_ALLOWED,IS_PREF_SERVICE,IS_BATCH_DEBIT) values (10203004,null,null,null,null,null,null,null,null,null,null,'BCCMKR1',to_date('27-12-20','DD-MM-RR'),'BCCCKR1',to_date('27-12-20','DD-MM-RR'),5,'CTR','Account Transfer',null,null,'Single');
Insert into GTB_CUST_PROD_PREF (COMPANY_ID,FUTURE_DATE_ALLO,NO_FUTURE_DAYS,TXN_LIMIT_REQD,TXN_LIMIT_CURRENCY,TXN_LIMIT_FROM,TXN_LIMIT_TO,EXT_CUTOFF_REQD,EXT_CUTOFF_TIME,PREF_CURRENCY,PREF_COUNTRY,MAKER_ID,MAKER_DATE,AUTHORISER_ID,AUTHORISED_DATE,SEQNO,PROD_ID,PROD_DESC,REMIT_ALLOWED,IS_PREF_SERVICE,IS_BATCH_DEBIT) values (10203004,null,null,null,null,null,null,null,null,null,null,'BCCMKR1',to_date('27-12-20','DD-MM-RR'),'BCCCKR1',to_date('27-12-20','DD-MM-RR'),6,'EMT','Bulk eTransfer',null,null,'Single');
Insert into GTB_CUST_PROD_PREF (COMPANY_ID,FUTURE_DATE_ALLO,NO_FUTURE_DAYS,TXN_LIMIT_REQD,TXN_LIMIT_CURRENCY,TXN_LIMIT_FROM,TXN_LIMIT_TO,EXT_CUTOFF_REQD,EXT_CUTOFF_TIME,PREF_CURRENCY,PREF_COUNTRY,MAKER_ID,MAKER_DATE,AUTHORISER_ID,AUTHORISED_DATE,SEQNO,PROD_ID,PROD_DESC,REMIT_ALLOWED,IS_PREF_SERVICE,IS_BATCH_DEBIT) values (10203004,null,null,null,null,null,null,null,null,null,null,'shashank',to_date('30-03-21','DD-MM-RR'),'BCCCKR1',to_date('30-03-21','DD-MM-RR'),7,'SAR','Standalone Remittances',null,null,'Single');
Insert into GTB_CUST_PROD_PREF (COMPANY_ID,FUTURE_DATE_ALLO,NO_FUTURE_DAYS,TXN_LIMIT_REQD,TXN_LIMIT_CURRENCY,TXN_LIMIT_FROM,TXN_LIMIT_TO,EXT_CUTOFF_REQD,EXT_CUTOFF_TIME,PREF_CURRENCY,PREF_COUNTRY,MAKER_ID,MAKER_DATE,AUTHORISER_ID,AUTHORISED_DATE,SEQNO,PROD_ID,PROD_DESC,REMIT_ALLOWED,IS_PREF_SERVICE,IS_BATCH_DEBIT) values (90807004,null,null,null,null,null,null,null,null,null,null,'BCCMKR1',to_date('27-12-20','DD-MM-RR'),'BCCCKR1',to_date('27-12-20','DD-MM-RR'),1,'ACH','ACH','Y',null,'Single');
Insert into GTB_CUST_PROD_PREF (COMPANY_ID,FUTURE_DATE_ALLO,NO_FUTURE_DAYS,TXN_LIMIT_REQD,TXN_LIMIT_CURRENCY,TXN_LIMIT_FROM,TXN_LIMIT_TO,EXT_CUTOFF_REQD,EXT_CUTOFF_TIME,PREF_CURRENCY,PREF_COUNTRY,MAKER_ID,MAKER_DATE,AUTHORISER_ID,AUTHORISED_DATE,SEQNO,PROD_ID,PROD_DESC,REMIT_ALLOWED,IS_PREF_SERVICE,IS_BATCH_DEBIT) values (90807004,null,null,null,null,null,null,null,null,null,null,'BCCMKR1',to_date('27-12-20','DD-MM-RR'),'BCCCKR1',to_date('27-12-20','DD-MM-RR'),2,'EFT','EFT','Y',null,'Single');
Insert into GTB_CUST_PROD_PREF (COMPANY_ID,FUTURE_DATE_ALLO,NO_FUTURE_DAYS,TXN_LIMIT_REQD,TXN_LIMIT_CURRENCY,TXN_LIMIT_FROM,TXN_LIMIT_TO,EXT_CUTOFF_REQD,EXT_CUTOFF_TIME,PREF_CURRENCY,PREF_COUNTRY,MAKER_ID,MAKER_DATE,AUTHORISER_ID,AUTHORISED_DATE,SEQNO,PROD_ID,PROD_DESC,REMIT_ALLOWED,IS_PREF_SERVICE,IS_BATCH_DEBIT) values (90807004,null,null,null,null,null,null,null,null,null,null,'shashank',to_date('30-03-21','DD-MM-RR'),'BCCCKR1',to_date('30-03-21','DD-MM-RR'),3,'Wires','Wires',null,null,'Single');
commit;
-------------------------------------------------
Insert into GTB_CUST_FILE_PREF (COMPANY_ID,FORMAT_ID,OD_REQUIRED,LIMIT_CHECK,RECORD_COUNT,FILE_SIZE,RECIPTION_ACK_REQD,EOP_ACK_REQD,EOD_ACK_REQD,EOW_ACK_REQD,EOM_ACK_REQD,INCULDE_FILE_PSR,ACK_LANGUAGE,CHANNEL_ID,MAKER_ID,MAKER_DATE,AUTHORISER_ID,AUTHORISED_DATE,SEQNO,FORMAT_DESC,MACHINE_RESP_TYPE,RESP_FILE_FORMAT,MACHINE_RESP_CHANNEL) values (10203002,'2000015',null,null,null,null,null,null,null,null,null,null,null,'FTS
SCA','BCCMKR1',to_date('14-12-20','DD-MM-RR'),'BCCCKR1',to_date('14-12-20','DD-MM-RR'),1,'ISO Pain 001.001.03 (Credits Only)','File Ack/Nack
Payments Status Report
Daily Outstanding Transfers Report
Daily Finalized Transfers Report
Intraday Outstanding Transfers Report
Intraday Finalized Transfers Report
Warehouse Drain Report','2000024
1050124791','FTS
SCA');
Insert into GTB_CUST_FILE_PREF (COMPANY_ID,FORMAT_ID,OD_REQUIRED,LIMIT_CHECK,RECORD_COUNT,FILE_SIZE,RECIPTION_ACK_REQD,EOP_ACK_REQD,EOD_ACK_REQD,EOW_ACK_REQD,EOM_ACK_REQD,INCULDE_FILE_PSR,ACK_LANGUAGE,CHANNEL_ID,MAKER_ID,MAKER_DATE,AUTHORISER_ID,AUTHORISED_DATE,SEQNO,FORMAT_DESC,MACHINE_RESP_TYPE,RESP_FILE_FORMAT,MACHINE_RESP_CHANNEL) values (10203002,'731769866',null,null,null,null,null,null,null,null,null,null,null,'FTS
SCA
FIN','BCCMKR1',to_date('14-12-20','DD-MM-RR'),'BCCCKR1',to_date('14-12-20','DD-MM-RR'),2,'MT101 (Credits Only)','File Ack/Nack
Payments Status Report
Confirmation of Debit(COD)','292672977
589571768','FTS
SCA
FIN');
Insert into GTB_CUST_FILE_PREF (COMPANY_ID,FORMAT_ID,OD_REQUIRED,LIMIT_CHECK,RECORD_COUNT,FILE_SIZE,RECIPTION_ACK_REQD,EOP_ACK_REQD,EOD_ACK_REQD,EOW_ACK_REQD,EOM_ACK_REQD,INCULDE_FILE_PSR,ACK_LANGUAGE,CHANNEL_ID,MAKER_ID,MAKER_DATE,AUTHORISER_ID,AUTHORISED_DATE,SEQNO,FORMAT_DESC,MACHINE_RESP_TYPE,RESP_FILE_FORMAT,MACHINE_RESP_CHANNEL) values (90807002,'1050124785',null,null,null,null,null,null,null,null,null,null,null,'FTS
FTT
NDM/VAN','BCCMKR1',to_date('14-12-20','DD-MM-RR'),'BCCCKR1',to_date('14-12-20','DD-MM-RR'),1,'NACHA 94 IAT - Legacy',null,null,'FTS
SCA');
Insert into GTB_CUST_FILE_PREF (COMPANY_ID,FORMAT_ID,OD_REQUIRED,LIMIT_CHECK,RECORD_COUNT,FILE_SIZE,RECIPTION_ACK_REQD,EOP_ACK_REQD,EOD_ACK_REQD,EOW_ACK_REQD,EOM_ACK_REQD,INCULDE_FILE_PSR,ACK_LANGUAGE,CHANNEL_ID,MAKER_ID,MAKER_DATE,AUTHORISER_ID,AUTHORISED_DATE,SEQNO,FORMAT_DESC,MACHINE_RESP_TYPE,RESP_FILE_FORMAT,MACHINE_RESP_CHANNEL) values (90807002,'1050124784',null,null,null,null,null,null,null,null,null,null,null,'FTS
FTT
NDM/VAN','BCCMKR1',to_date('14-12-20','DD-MM-RR'),'BCCCKR1',to_date('14-12-20','DD-MM-RR'),2,'CIBC 80 - Legacy',null,null,'FTS
SCA');
Insert into GTB_CUST_FILE_PREF (COMPANY_ID,FORMAT_ID,OD_REQUIRED,LIMIT_CHECK,RECORD_COUNT,FILE_SIZE,RECIPTION_ACK_REQD,EOP_ACK_REQD,EOD_ACK_REQD,EOW_ACK_REQD,EOM_ACK_REQD,INCULDE_FILE_PSR,ACK_LANGUAGE,CHANNEL_ID,MAKER_ID,MAKER_DATE,AUTHORISER_ID,AUTHORISED_DATE,SEQNO,FORMAT_DESC,MACHINE_RESP_TYPE,RESP_FILE_FORMAT,MACHINE_RESP_CHANNEL) values (10203001,'2000015',null,null,null,null,null,null,null,null,null,null,null,'FTS
SCA','BCCMKR1',to_date('14-12-20','DD-MM-RR'),'BCCCKR1',to_date('14-12-20','DD-MM-RR'),1,'ISO Pain 001.001.03 (Credits Only)','File Ack/Nack
Payments Status Report
Daily Outstanding Transfers Report
Daily Finalized Transfers Report
Intraday Outstanding Transfers Report
Intraday Finalized Transfers Report
Warehouse Drain Report','2000024
1050124791','FTS
SCA');
Insert into GTB_CUST_FILE_PREF (COMPANY_ID,FORMAT_ID,OD_REQUIRED,LIMIT_CHECK,RECORD_COUNT,FILE_SIZE,RECIPTION_ACK_REQD,EOP_ACK_REQD,EOD_ACK_REQD,EOW_ACK_REQD,EOM_ACK_REQD,INCULDE_FILE_PSR,ACK_LANGUAGE,CHANNEL_ID,MAKER_ID,MAKER_DATE,AUTHORISER_ID,AUTHORISED_DATE,SEQNO,FORMAT_DESC,MACHINE_RESP_TYPE,RESP_FILE_FORMAT,MACHINE_RESP_CHANNEL) values (10203001,'731769866',null,null,null,null,null,null,null,null,null,null,null,'FTS
SCA
FIN','BCCMKR1',to_date('14-12-20','DD-MM-RR'),'BCCCKR1',to_date('14-12-20','DD-MM-RR'),2,'MT101 (Credits Only)','File Ack/Nack
Payments Status Report
Confirmation of Debit(COD)','292672977
589571768','FTS
SCA
FIN');
Insert into GTB_CUST_FILE_PREF (COMPANY_ID,FORMAT_ID,OD_REQUIRED,LIMIT_CHECK,RECORD_COUNT,FILE_SIZE,RECIPTION_ACK_REQD,EOP_ACK_REQD,EOD_ACK_REQD,EOW_ACK_REQD,EOM_ACK_REQD,INCULDE_FILE_PSR,ACK_LANGUAGE,CHANNEL_ID,MAKER_ID,MAKER_DATE,AUTHORISER_ID,AUTHORISED_DATE,SEQNO,FORMAT_DESC,MACHINE_RESP_TYPE,RESP_FILE_FORMAT,MACHINE_RESP_CHANNEL) values (90807001,'1050124785',null,null,null,null,null,null,null,null,null,null,null,'FTS
FTT
NDM/VAN','BCCMKR1',to_date('14-12-20','DD-MM-RR'),'BCCCKR1',to_date('14-12-20','DD-MM-RR'),1,'NACHA 94 IAT - Legacy',null,null,'FTS
SCA');
Insert into GTB_CUST_FILE_PREF (COMPANY_ID,FORMAT_ID,OD_REQUIRED,LIMIT_CHECK,RECORD_COUNT,FILE_SIZE,RECIPTION_ACK_REQD,EOP_ACK_REQD,EOD_ACK_REQD,EOW_ACK_REQD,EOM_ACK_REQD,INCULDE_FILE_PSR,ACK_LANGUAGE,CHANNEL_ID,MAKER_ID,MAKER_DATE,AUTHORISER_ID,AUTHORISED_DATE,SEQNO,FORMAT_DESC,MACHINE_RESP_TYPE,RESP_FILE_FORMAT,MACHINE_RESP_CHANNEL) values (90807001,'1050124784',null,null,null,null,null,null,null,null,null,null,null,'FTS
FTT
NDM/VAN','BCCMKR1',to_date('14-12-20','DD-MM-RR'),'BCCCKR1',to_date('14-12-20','DD-MM-RR'),2,'CIBC 80 - Legacy',null,null,'FTS
SCA');
Insert into GTB_CUST_FILE_PREF (COMPANY_ID,FORMAT_ID,OD_REQUIRED,LIMIT_CHECK,RECORD_COUNT,FILE_SIZE,RECIPTION_ACK_REQD,EOP_ACK_REQD,EOD_ACK_REQD,EOW_ACK_REQD,EOM_ACK_REQD,INCULDE_FILE_PSR,ACK_LANGUAGE,CHANNEL_ID,MAKER_ID,MAKER_DATE,AUTHORISER_ID,AUTHORISED_DATE,SEQNO,FORMAT_DESC,MACHINE_RESP_TYPE,RESP_FILE_FORMAT,MACHINE_RESP_CHANNEL) values (10203003,'2000015',null,null,null,null,null,null,null,null,null,null,null,'FTS
SCA','BCCMKR1',to_date('27-12-20','DD-MM-RR'),'BCCCKR1',to_date('27-12-20','DD-MM-RR'),1,'ISO Pain 001.001.03 (Credits Only)','File Ack/Nack
Payments Status Report
Daily Outstanding Transfers Report
Daily Finalized Transfers Report
Intraday Outstanding Transfers Report
Intraday Finalized Transfers Report
Warehouse Drain Report','2000024
1050124791','FTS
SCA');
Insert into GTB_CUST_FILE_PREF (COMPANY_ID,FORMAT_ID,OD_REQUIRED,LIMIT_CHECK,RECORD_COUNT,FILE_SIZE,RECIPTION_ACK_REQD,EOP_ACK_REQD,EOD_ACK_REQD,EOW_ACK_REQD,EOM_ACK_REQD,INCULDE_FILE_PSR,ACK_LANGUAGE,CHANNEL_ID,MAKER_ID,MAKER_DATE,AUTHORISER_ID,AUTHORISED_DATE,SEQNO,FORMAT_DESC,MACHINE_RESP_TYPE,RESP_FILE_FORMAT,MACHINE_RESP_CHANNEL) values (10203003,'731769866',null,null,null,null,null,null,null,null,null,null,null,'FTS
SCA
FIN','BCCMKR1',to_date('27-12-20','DD-MM-RR'),'BCCCKR1',to_date('27-12-20','DD-MM-RR'),2,'MT101 (Credits Only)','File Ack/Nack
Payments Status Report
Confirmation of Debit(COD)','292672977
589571768','FTS
SCA
FIN');
Insert into GTB_CUST_FILE_PREF (COMPANY_ID,FORMAT_ID,OD_REQUIRED,LIMIT_CHECK,RECORD_COUNT,FILE_SIZE,RECIPTION_ACK_REQD,EOP_ACK_REQD,EOD_ACK_REQD,EOW_ACK_REQD,EOM_ACK_REQD,INCULDE_FILE_PSR,ACK_LANGUAGE,CHANNEL_ID,MAKER_ID,MAKER_DATE,AUTHORISER_ID,AUTHORISED_DATE,SEQNO,FORMAT_DESC,MACHINE_RESP_TYPE,RESP_FILE_FORMAT,MACHINE_RESP_CHANNEL) values (90807003,'1050124785',null,null,null,null,null,null,null,null,null,null,null,'FTS
FTT
NDM/VAN','BCCMKR1',to_date('27-12-20','DD-MM-RR'),'BCCCKR1',to_date('27-12-20','DD-MM-RR'),1,'NACHA 94 IAT - Legacy',null,null,'FTS
SCA');
Insert into GTB_CUST_FILE_PREF (COMPANY_ID,FORMAT_ID,OD_REQUIRED,LIMIT_CHECK,RECORD_COUNT,FILE_SIZE,RECIPTION_ACK_REQD,EOP_ACK_REQD,EOD_ACK_REQD,EOW_ACK_REQD,EOM_ACK_REQD,INCULDE_FILE_PSR,ACK_LANGUAGE,CHANNEL_ID,MAKER_ID,MAKER_DATE,AUTHORISER_ID,AUTHORISED_DATE,SEQNO,FORMAT_DESC,MACHINE_RESP_TYPE,RESP_FILE_FORMAT,MACHINE_RESP_CHANNEL) values (90807003,'1050124784',null,null,null,null,null,null,null,null,null,null,null,'FTS
FTT
NDM/VAN','BCCMKR1',to_date('27-12-20','DD-MM-RR'),'BCCCKR1',to_date('27-12-20','DD-MM-RR'),2,'CIBC 80 - Legacy',null,null,'FTS
SCA');
Insert into GTB_CUST_FILE_PREF (COMPANY_ID,FORMAT_ID,OD_REQUIRED,LIMIT_CHECK,RECORD_COUNT,FILE_SIZE,RECIPTION_ACK_REQD,EOP_ACK_REQD,EOD_ACK_REQD,EOW_ACK_REQD,EOM_ACK_REQD,INCULDE_FILE_PSR,ACK_LANGUAGE,CHANNEL_ID,MAKER_ID,MAKER_DATE,AUTHORISER_ID,AUTHORISED_DATE,SEQNO,FORMAT_DESC,MACHINE_RESP_TYPE,RESP_FILE_FORMAT,MACHINE_RESP_CHANNEL) values (10203004,'2000015',null,null,null,null,null,null,null,null,null,null,null,'FTS
SCA','BCCMKR1',to_date('27-12-20','DD-MM-RR'),'BCCCKR1',to_date('27-12-20','DD-MM-RR'),1,'ISO Pain 001.001.03 (Credits Only)','File Ack/Nack
Payments Status Report
Daily Outstanding Transfers Report
Daily Finalized Transfers Report
Intraday Outstanding Transfers Report
Intraday Finalized Transfers Report
Warehouse Drain Report','2000024
1050124791','FTS
SCA');
Insert into GTB_CUST_FILE_PREF (COMPANY_ID,FORMAT_ID,OD_REQUIRED,LIMIT_CHECK,RECORD_COUNT,FILE_SIZE,RECIPTION_ACK_REQD,EOP_ACK_REQD,EOD_ACK_REQD,EOW_ACK_REQD,EOM_ACK_REQD,INCULDE_FILE_PSR,ACK_LANGUAGE,CHANNEL_ID,MAKER_ID,MAKER_DATE,AUTHORISER_ID,AUTHORISED_DATE,SEQNO,FORMAT_DESC,MACHINE_RESP_TYPE,RESP_FILE_FORMAT,MACHINE_RESP_CHANNEL) values (10203004,'731769866',null,null,null,null,null,null,null,null,null,null,null,'FTS
SCA
FIN','BCCMKR1',to_date('27-12-20','DD-MM-RR'),'BCCCKR1',to_date('27-12-20','DD-MM-RR'),2,'MT101 (Credits Only)','File Ack/Nack
Payments Status Report
Confirmation of Debit(COD)','292672977
589571768','FTS
SCA
FIN');
Insert into GTB_CUST_FILE_PREF (COMPANY_ID,FORMAT_ID,OD_REQUIRED,LIMIT_CHECK,RECORD_COUNT,FILE_SIZE,RECIPTION_ACK_REQD,EOP_ACK_REQD,EOD_ACK_REQD,EOW_ACK_REQD,EOM_ACK_REQD,INCULDE_FILE_PSR,ACK_LANGUAGE,CHANNEL_ID,MAKER_ID,MAKER_DATE,AUTHORISER_ID,AUTHORISED_DATE,SEQNO,FORMAT_DESC,MACHINE_RESP_TYPE,RESP_FILE_FORMAT,MACHINE_RESP_CHANNEL) values (90807004,'1050124785',null,null,null,null,null,null,null,null,null,null,null,'FTS
FTT
NDM/VAN','BCCMKR1',to_date('27-12-20','DD-MM-RR'),'BCCCKR1',to_date('27-12-20','DD-MM-RR'),1,'NACHA 94 IAT - Legacy',null,null,'FTS
SCA');
Insert into GTB_CUST_FILE_PREF (COMPANY_ID,FORMAT_ID,OD_REQUIRED,LIMIT_CHECK,RECORD_COUNT,FILE_SIZE,RECIPTION_ACK_REQD,EOP_ACK_REQD,EOD_ACK_REQD,EOW_ACK_REQD,EOM_ACK_REQD,INCULDE_FILE_PSR,ACK_LANGUAGE,CHANNEL_ID,MAKER_ID,MAKER_DATE,AUTHORISER_ID,AUTHORISED_DATE,SEQNO,FORMAT_DESC,MACHINE_RESP_TYPE,RESP_FILE_FORMAT,MACHINE_RESP_CHANNEL) values (90807004,'1050124784',null,null,null,null,null,null,null,null,null,null,null,'FTS
FTT
NDM/VAN','BCCMKR1',to_date('27-12-20','DD-MM-RR'),'BCCCKR1',to_date('27-12-20','DD-MM-RR'),2,'CIBC 80 - Legacy',null,null,'FTS
SCA');
commit;
-------------------------------------------------
Insert into GTB_CUST_ACCOUNT (APPLICATION_ID,ENTITY_ID,ACCOUNT_NO,CURRENCY_CODE,ACCOUNT_TYPE,PRODUCT,OPEN_DATE,COUNTRY_CODE,IS_ACTIVE,ACTIVATION_DATE,BRANCH_CODE,ACCOUNT_DESC,CLOSE_DATE,LANGUAGE,IBAN,RM,ACCOUNT_GROUP_ID,IS_INTERNAL_ACC,IS_STAFF_ACCOUNT,IS_DORMANT,IS_CREDIT_BLOCK,IS_DEBIT_BLOCK,IS_FROZEN,DEACTIVATION_DATE,REASON,MAKER_ID,MAKER_DATE,AUTHORISER_ID,AUTHORISED_DATE,ACCOUNT_STATUS,COMPANY_NAME,COMPANY_ID,ENTITY_CODE,TRANSIT_NO,ECIF_ID) values (1,3,'1020202','USD','CFM','WIRES',null,'CA','0',null,'00412','BBD Automation NL Client 2',null,null,null,null,null,null,null,null,null,null,null,null,null,'BBDUSER01',to_date('14-12-20','DD-MM-RR'),'BBDUSER01',to_date('14-12-20','DD-MM-RR'),null,null,'10203002',null,'00412',null);
Insert into GTB_CUST_ACCOUNT (APPLICATION_ID,ENTITY_ID,ACCOUNT_NO,CURRENCY_CODE,ACCOUNT_TYPE,PRODUCT,OPEN_DATE,COUNTRY_CODE,IS_ACTIVE,ACTIVATION_DATE,BRANCH_CODE,ACCOUNT_DESC,CLOSE_DATE,LANGUAGE,IBAN,RM,ACCOUNT_GROUP_ID,IS_INTERNAL_ACC,IS_STAFF_ACCOUNT,IS_DORMANT,IS_CREDIT_BLOCK,IS_DEBIT_BLOCK,IS_FROZEN,DEACTIVATION_DATE,REASON,MAKER_ID,MAKER_DATE,AUTHORISER_ID,AUTHORISED_DATE,ACCOUNT_STATUS,COMPANY_NAME,COMPANY_ID,ENTITY_CODE,TRANSIT_NO,ECIF_ID) values (1,3,'9080201','USD','CFM','WIRES',null,'CA','0',null,'00412','BBD Automation L Client 2',null,null,null,null,null,null,null,null,null,null,null,null,null,'BBDUSER01',to_date('14-12-20','DD-MM-RR'),'BBDUSER01',to_date('14-12-20','DD-MM-RR'),null,null,'90807002',null,'00412',null);
Insert into GTB_CUST_ACCOUNT (APPLICATION_ID,ENTITY_ID,ACCOUNT_NO,CURRENCY_CODE,ACCOUNT_TYPE,PRODUCT,OPEN_DATE,COUNTRY_CODE,IS_ACTIVE,ACTIVATION_DATE,BRANCH_CODE,ACCOUNT_DESC,CLOSE_DATE,LANGUAGE,IBAN,RM,ACCOUNT_GROUP_ID,IS_INTERNAL_ACC,IS_STAFF_ACCOUNT,IS_DORMANT,IS_CREDIT_BLOCK,IS_DEBIT_BLOCK,IS_FROZEN,DEACTIVATION_DATE,REASON,MAKER_ID,MAKER_DATE,AUTHORISER_ID,AUTHORISED_DATE,ACCOUNT_STATUS,COMPANY_NAME,COMPANY_ID,ENTITY_CODE,TRANSIT_NO,ECIF_ID) values (1,3,'9080101','CAD','CFM','WIRES',null,'CA','0',null,'00412','BBD Automation L Client 1',null,null,null,null,null,null,null,null,null,null,null,null,null,'BBDUSER01',to_date('14-12-20','DD-MM-RR'),'BBDUSER01',to_date('14-12-20','DD-MM-RR'),null,null,'90807001',null,'00412',null);
Insert into GTB_CUST_ACCOUNT (APPLICATION_ID,ENTITY_ID,ACCOUNT_NO,CURRENCY_CODE,ACCOUNT_TYPE,PRODUCT,OPEN_DATE,COUNTRY_CODE,IS_ACTIVE,ACTIVATION_DATE,BRANCH_CODE,ACCOUNT_DESC,CLOSE_DATE,LANGUAGE,IBAN,RM,ACCOUNT_GROUP_ID,IS_INTERNAL_ACC,IS_STAFF_ACCOUNT,IS_DORMANT,IS_CREDIT_BLOCK,IS_DEBIT_BLOCK,IS_FROZEN,DEACTIVATION_DATE,REASON,MAKER_ID,MAKER_DATE,AUTHORISER_ID,AUTHORISED_DATE,ACCOUNT_STATUS,COMPANY_NAME,COMPANY_ID,ENTITY_CODE,TRANSIT_NO,ECIF_ID) values (1,3,'9080102','USD','CFM','WIRES',null,'CA','0',null,'00412','BBD Automation L Client 1',null,null,null,null,null,null,null,null,null,null,null,null,null,'BBDUSER01',to_date('14-12-20','DD-MM-RR'),'BBDUSER01',to_date('14-12-20','DD-MM-RR'),null,null,'90807001',null,'00412',null);
Insert into GTB_CUST_ACCOUNT (APPLICATION_ID,ENTITY_ID,ACCOUNT_NO,CURRENCY_CODE,ACCOUNT_TYPE,PRODUCT,OPEN_DATE,COUNTRY_CODE,IS_ACTIVE,ACTIVATION_DATE,BRANCH_CODE,ACCOUNT_DESC,CLOSE_DATE,LANGUAGE,IBAN,RM,ACCOUNT_GROUP_ID,IS_INTERNAL_ACC,IS_STAFF_ACCOUNT,IS_DORMANT,IS_CREDIT_BLOCK,IS_DEBIT_BLOCK,IS_FROZEN,DEACTIVATION_DATE,REASON,MAKER_ID,MAKER_DATE,AUTHORISER_ID,AUTHORISED_DATE,ACCOUNT_STATUS,COMPANY_NAME,COMPANY_ID,ENTITY_CODE,TRANSIT_NO,ECIF_ID) values (1,3,'1020101','CAD','CFM','WIRES',null,'CA','0',null,'00412','BBD Automation NL Client 1',null,null,null,null,null,null,null,null,null,null,null,null,null,'BBDUSER01',to_date('14-12-20','DD-MM-RR'),'BBDUSER01',to_date('14-12-20','DD-MM-RR'),null,null,'10203001',null,'00412',null);
Insert into GTB_CUST_ACCOUNT (APPLICATION_ID,ENTITY_ID,ACCOUNT_NO,CURRENCY_CODE,ACCOUNT_TYPE,PRODUCT,OPEN_DATE,COUNTRY_CODE,IS_ACTIVE,ACTIVATION_DATE,BRANCH_CODE,ACCOUNT_DESC,CLOSE_DATE,LANGUAGE,IBAN,RM,ACCOUNT_GROUP_ID,IS_INTERNAL_ACC,IS_STAFF_ACCOUNT,IS_DORMANT,IS_CREDIT_BLOCK,IS_DEBIT_BLOCK,IS_FROZEN,DEACTIVATION_DATE,REASON,MAKER_ID,MAKER_DATE,AUTHORISER_ID,AUTHORISED_DATE,ACCOUNT_STATUS,COMPANY_NAME,COMPANY_ID,ENTITY_CODE,TRANSIT_NO,ECIF_ID) values (1,3,'1020102','USD','CFM','WIRES',null,'CA','0',null,'00412','BBD Automation NL Client 1',null,null,null,null,null,null,null,null,null,null,null,null,null,'BBDUSER01',to_date('14-12-20','DD-MM-RR'),'BBDUSER01',to_date('14-12-20','DD-MM-RR'),null,null,'10203001',null,'00412',null);
Insert into GTB_CUST_ACCOUNT (APPLICATION_ID,ENTITY_ID,ACCOUNT_NO,CURRENCY_CODE,ACCOUNT_TYPE,PRODUCT,OPEN_DATE,COUNTRY_CODE,IS_ACTIVE,ACTIVATION_DATE,BRANCH_CODE,ACCOUNT_DESC,CLOSE_DATE,LANGUAGE,IBAN,RM,ACCOUNT_GROUP_ID,IS_INTERNAL_ACC,IS_STAFF_ACCOUNT,IS_DORMANT,IS_CREDIT_BLOCK,IS_DEBIT_BLOCK,IS_FROZEN,DEACTIVATION_DATE,REASON,MAKER_ID,MAKER_DATE,AUTHORISER_ID,AUTHORISED_DATE,ACCOUNT_STATUS,COMPANY_NAME,COMPANY_ID,ENTITY_CODE,TRANSIT_NO,ECIF_ID) values (1,3,'1020201','CAD','CFM','WIRES',null,'CA','0',null,'00412','BBD Automation NL Client 2',null,null,null,null,null,null,null,null,null,null,null,null,null,'BBDUSER01',to_date('14-12-20','DD-MM-RR'),'BBDUSER01',to_date('14-12-20','DD-MM-RR'),null,null,'10203002',null,'00412',null);
Insert into GTB_CUST_ACCOUNT (APPLICATION_ID,ENTITY_ID,ACCOUNT_NO,CURRENCY_CODE,ACCOUNT_TYPE,PRODUCT,OPEN_DATE,COUNTRY_CODE,IS_ACTIVE,ACTIVATION_DATE,BRANCH_CODE,ACCOUNT_DESC,CLOSE_DATE,LANGUAGE,IBAN,RM,ACCOUNT_GROUP_ID,IS_INTERNAL_ACC,IS_STAFF_ACCOUNT,IS_DORMANT,IS_CREDIT_BLOCK,IS_DEBIT_BLOCK,IS_FROZEN,DEACTIVATION_DATE,REASON,MAKER_ID,MAKER_DATE,AUTHORISER_ID,AUTHORISED_DATE,ACCOUNT_STATUS,COMPANY_NAME,COMPANY_ID,ENTITY_CODE,TRANSIT_NO,ECIF_ID) values (1,3,'1020301','CAD','CFM','WIRES',null,'CA','0',null,'00412','BBD NL Client 3 Acct1',null,null,null,null,null,null,null,null,null,null,null,null,null,'BBDUSER01',to_date('09-02-21','DD-MM-RR'),'BBDUSER01',to_date('09-02-21','DD-MM-RR'),null,null,'10203003',null,'00412',null);
Insert into GTB_CUST_ACCOUNT (APPLICATION_ID,ENTITY_ID,ACCOUNT_NO,CURRENCY_CODE,ACCOUNT_TYPE,PRODUCT,OPEN_DATE,COUNTRY_CODE,IS_ACTIVE,ACTIVATION_DATE,BRANCH_CODE,ACCOUNT_DESC,CLOSE_DATE,LANGUAGE,IBAN,RM,ACCOUNT_GROUP_ID,IS_INTERNAL_ACC,IS_STAFF_ACCOUNT,IS_DORMANT,IS_CREDIT_BLOCK,IS_DEBIT_BLOCK,IS_FROZEN,DEACTIVATION_DATE,REASON,MAKER_ID,MAKER_DATE,AUTHORISER_ID,AUTHORISED_DATE,ACCOUNT_STATUS,COMPANY_NAME,COMPANY_ID,ENTITY_CODE,TRANSIT_NO,ECIF_ID) values (1,3,'1020302','USD','CFM','WIRES',null,'CA','0',null,'00412','BBD NL Client 3 Acct2',null,null,null,null,null,null,null,null,null,null,null,null,null,'BBDUSER01',to_date('09-02-21','DD-MM-RR'),'BBDUSER01',to_date('09-02-21','DD-MM-RR'),null,null,'10203003',null,'00412',null);
Insert into GTB_CUST_ACCOUNT (APPLICATION_ID,ENTITY_ID,ACCOUNT_NO,CURRENCY_CODE,ACCOUNT_TYPE,PRODUCT,OPEN_DATE,COUNTRY_CODE,IS_ACTIVE,ACTIVATION_DATE,BRANCH_CODE,ACCOUNT_DESC,CLOSE_DATE,LANGUAGE,IBAN,RM,ACCOUNT_GROUP_ID,IS_INTERNAL_ACC,IS_STAFF_ACCOUNT,IS_DORMANT,IS_CREDIT_BLOCK,IS_DEBIT_BLOCK,IS_FROZEN,DEACTIVATION_DATE,REASON,MAKER_ID,MAKER_DATE,AUTHORISER_ID,AUTHORISED_DATE,ACCOUNT_STATUS,COMPANY_NAME,COMPANY_ID,ENTITY_CODE,TRANSIT_NO,ECIF_ID) values (1,3,'1020303','CAD','CFM','WIRES',null,'CA','0',null,'00412','BBD NL Client 3 Acct3',null,null,null,null,null,null,null,null,null,null,null,null,null,'BBDUSER01',to_date('09-02-21','DD-MM-RR'),'BBDUSER01',to_date('09-02-21','DD-MM-RR'),null,null,'10203003',null,'00412',null);
Insert into GTB_CUST_ACCOUNT (APPLICATION_ID,ENTITY_ID,ACCOUNT_NO,CURRENCY_CODE,ACCOUNT_TYPE,PRODUCT,OPEN_DATE,COUNTRY_CODE,IS_ACTIVE,ACTIVATION_DATE,BRANCH_CODE,ACCOUNT_DESC,CLOSE_DATE,LANGUAGE,IBAN,RM,ACCOUNT_GROUP_ID,IS_INTERNAL_ACC,IS_STAFF_ACCOUNT,IS_DORMANT,IS_CREDIT_BLOCK,IS_DEBIT_BLOCK,IS_FROZEN,DEACTIVATION_DATE,REASON,MAKER_ID,MAKER_DATE,AUTHORISER_ID,AUTHORISED_DATE,ACCOUNT_STATUS,COMPANY_NAME,COMPANY_ID,ENTITY_CODE,TRANSIT_NO,ECIF_ID) values (1,3,'1020304','CAD','CFM','WIRES',null,'CA','0',null,'00412','BBD NL Client 3 Acct4',null,null,null,null,null,null,null,null,null,null,null,null,null,'BBDUSER01',to_date('11-02-21','DD-MM-RR'),'BBDUSER01',to_date('11-02-21','DD-MM-RR'),null,null,'10203003',null,'00412',null);
Insert into GTB_CUST_ACCOUNT (APPLICATION_ID,ENTITY_ID,ACCOUNT_NO,CURRENCY_CODE,ACCOUNT_TYPE,PRODUCT,OPEN_DATE,COUNTRY_CODE,IS_ACTIVE,ACTIVATION_DATE,BRANCH_CODE,ACCOUNT_DESC,CLOSE_DATE,LANGUAGE,IBAN,RM,ACCOUNT_GROUP_ID,IS_INTERNAL_ACC,IS_STAFF_ACCOUNT,IS_DORMANT,IS_CREDIT_BLOCK,IS_DEBIT_BLOCK,IS_FROZEN,DEACTIVATION_DATE,REASON,MAKER_ID,MAKER_DATE,AUTHORISER_ID,AUTHORISED_DATE,ACCOUNT_STATUS,COMPANY_NAME,COMPANY_ID,ENTITY_CODE,TRANSIT_NO,ECIF_ID) values (1,3,'1020305','USD','CFM','WIRES',null,'CA','0',null,'00412','BBD NL Client 3 Acct5',null,null,null,null,null,null,null,null,null,null,null,null,null,'BBDUSER01',to_date('11-02-21','DD-MM-RR'),'BBDUSER01',to_date('11-02-21','DD-MM-RR'),null,null,'10203003',null,'00412',null);
Insert into GTB_CUST_ACCOUNT (APPLICATION_ID,ENTITY_ID,ACCOUNT_NO,CURRENCY_CODE,ACCOUNT_TYPE,PRODUCT,OPEN_DATE,COUNTRY_CODE,IS_ACTIVE,ACTIVATION_DATE,BRANCH_CODE,ACCOUNT_DESC,CLOSE_DATE,LANGUAGE,IBAN,RM,ACCOUNT_GROUP_ID,IS_INTERNAL_ACC,IS_STAFF_ACCOUNT,IS_DORMANT,IS_CREDIT_BLOCK,IS_DEBIT_BLOCK,IS_FROZEN,DEACTIVATION_DATE,REASON,MAKER_ID,MAKER_DATE,AUTHORISER_ID,AUTHORISED_DATE,ACCOUNT_STATUS,COMPANY_NAME,COMPANY_ID,ENTITY_CODE,TRANSIT_NO,ECIF_ID) values (1,3,'1020306','CAD','CFM','WIRES',null,'CA','0',null,'00412','BBD NL Client 3 Acct6',null,null,null,null,null,null,null,null,null,null,null,null,null,'BBDUSER01',to_date('11-02-21','DD-MM-RR'),'BBDUSER01',to_date('11-02-21','DD-MM-RR'),null,null,'10203003',null,'00412',null);
Insert into GTB_CUST_ACCOUNT (APPLICATION_ID,ENTITY_ID,ACCOUNT_NO,CURRENCY_CODE,ACCOUNT_TYPE,PRODUCT,OPEN_DATE,COUNTRY_CODE,IS_ACTIVE,ACTIVATION_DATE,BRANCH_CODE,ACCOUNT_DESC,CLOSE_DATE,LANGUAGE,IBAN,RM,ACCOUNT_GROUP_ID,IS_INTERNAL_ACC,IS_STAFF_ACCOUNT,IS_DORMANT,IS_CREDIT_BLOCK,IS_DEBIT_BLOCK,IS_FROZEN,DEACTIVATION_DATE,REASON,MAKER_ID,MAKER_DATE,AUTHORISER_ID,AUTHORISED_DATE,ACCOUNT_STATUS,COMPANY_NAME,COMPANY_ID,ENTITY_CODE,TRANSIT_NO,ECIF_ID) values (1,3,'1020307','CAD','CFM','WIRES',null,'CA','0',null,'00412','BBD NL Client 3 Acct7',null,null,null,null,null,null,null,null,null,null,null,null,null,'BBDUSER01',to_date('27-12-20','DD-MM-RR'),'BBDUSER01',to_date('27-12-20','DD-MM-RR'),null,null,'10203003',null,'00412',null);
Insert into GTB_CUST_ACCOUNT (APPLICATION_ID,ENTITY_ID,ACCOUNT_NO,CURRENCY_CODE,ACCOUNT_TYPE,PRODUCT,OPEN_DATE,COUNTRY_CODE,IS_ACTIVE,ACTIVATION_DATE,BRANCH_CODE,ACCOUNT_DESC,CLOSE_DATE,LANGUAGE,IBAN,RM,ACCOUNT_GROUP_ID,IS_INTERNAL_ACC,IS_STAFF_ACCOUNT,IS_DORMANT,IS_CREDIT_BLOCK,IS_DEBIT_BLOCK,IS_FROZEN,DEACTIVATION_DATE,REASON,MAKER_ID,MAKER_DATE,AUTHORISER_ID,AUTHORISED_DATE,ACCOUNT_STATUS,COMPANY_NAME,COMPANY_ID,ENTITY_CODE,TRANSIT_NO,ECIF_ID) values (1,3,'1020308','USD','CFM','WIRES',null,'CA','0',null,'00412','BBD NL Client 3 Acct8',null,null,null,null,null,null,null,null,null,null,null,null,null,'BBDUSER01',to_date('27-12-20','DD-MM-RR'),'BBDUSER01',to_date('27-12-20','DD-MM-RR'),null,null,'10203003',null,'00412',null);
Insert into GTB_CUST_ACCOUNT (APPLICATION_ID,ENTITY_ID,ACCOUNT_NO,CURRENCY_CODE,ACCOUNT_TYPE,PRODUCT,OPEN_DATE,COUNTRY_CODE,IS_ACTIVE,ACTIVATION_DATE,BRANCH_CODE,ACCOUNT_DESC,CLOSE_DATE,LANGUAGE,IBAN,RM,ACCOUNT_GROUP_ID,IS_INTERNAL_ACC,IS_STAFF_ACCOUNT,IS_DORMANT,IS_CREDIT_BLOCK,IS_DEBIT_BLOCK,IS_FROZEN,DEACTIVATION_DATE,REASON,MAKER_ID,MAKER_DATE,AUTHORISER_ID,AUTHORISED_DATE,ACCOUNT_STATUS,COMPANY_NAME,COMPANY_ID,ENTITY_CODE,TRANSIT_NO,ECIF_ID) values (1,3,'1020309','CAD','CFM','WIRES',null,'CA','0',null,'00412','BBD NL Client 3 Acct9',null,null,null,null,null,null,null,null,null,null,null,null,null,'BBDUSER01',to_date('27-12-20','DD-MM-RR'),'BBDUSER01',to_date('27-12-20','DD-MM-RR'),null,null,'10203003',null,'00412',null);
Insert into GTB_CUST_ACCOUNT (APPLICATION_ID,ENTITY_ID,ACCOUNT_NO,CURRENCY_CODE,ACCOUNT_TYPE,PRODUCT,OPEN_DATE,COUNTRY_CODE,IS_ACTIVE,ACTIVATION_DATE,BRANCH_CODE,ACCOUNT_DESC,CLOSE_DATE,LANGUAGE,IBAN,RM,ACCOUNT_GROUP_ID,IS_INTERNAL_ACC,IS_STAFF_ACCOUNT,IS_DORMANT,IS_CREDIT_BLOCK,IS_DEBIT_BLOCK,IS_FROZEN,DEACTIVATION_DATE,REASON,MAKER_ID,MAKER_DATE,AUTHORISER_ID,AUTHORISED_DATE,ACCOUNT_STATUS,COMPANY_NAME,COMPANY_ID,ENTITY_CODE,TRANSIT_NO,ECIF_ID) values (1,3,'1020310','USD','CFM','WIRES',null,'CA','0',null,'00412','BBD NL Client 3 Acct10',null,null,null,null,null,null,null,null,null,null,null,null,null,'BBDUSER01',to_date('27-12-20','DD-MM-RR'),'BBDUSER01',to_date('27-12-20','DD-MM-RR'),null,null,'10203003',null,'00412',null);
Insert into GTB_CUST_ACCOUNT (APPLICATION_ID,ENTITY_ID,ACCOUNT_NO,CURRENCY_CODE,ACCOUNT_TYPE,PRODUCT,OPEN_DATE,COUNTRY_CODE,IS_ACTIVE,ACTIVATION_DATE,BRANCH_CODE,ACCOUNT_DESC,CLOSE_DATE,LANGUAGE,IBAN,RM,ACCOUNT_GROUP_ID,IS_INTERNAL_ACC,IS_STAFF_ACCOUNT,IS_DORMANT,IS_CREDIT_BLOCK,IS_DEBIT_BLOCK,IS_FROZEN,DEACTIVATION_DATE,REASON,MAKER_ID,MAKER_DATE,AUTHORISER_ID,AUTHORISED_DATE,ACCOUNT_STATUS,COMPANY_NAME,COMPANY_ID,ENTITY_CODE,TRANSIT_NO,ECIF_ID) values (1,3,'1020311','CAD','CFM','WIRES',null,'CA','0',null,'00412','BBD NL Client 3 Acct11',null,null,null,null,null,null,null,null,null,null,null,null,null,'BBDUSER01',to_date('27-12-20','DD-MM-RR'),'BBDUSER01',to_date('27-12-20','DD-MM-RR'),null,null,'10203003',null,'00412',null);
Insert into GTB_CUST_ACCOUNT (APPLICATION_ID,ENTITY_ID,ACCOUNT_NO,CURRENCY_CODE,ACCOUNT_TYPE,PRODUCT,OPEN_DATE,COUNTRY_CODE,IS_ACTIVE,ACTIVATION_DATE,BRANCH_CODE,ACCOUNT_DESC,CLOSE_DATE,LANGUAGE,IBAN,RM,ACCOUNT_GROUP_ID,IS_INTERNAL_ACC,IS_STAFF_ACCOUNT,IS_DORMANT,IS_CREDIT_BLOCK,IS_DEBIT_BLOCK,IS_FROZEN,DEACTIVATION_DATE,REASON,MAKER_ID,MAKER_DATE,AUTHORISER_ID,AUTHORISED_DATE,ACCOUNT_STATUS,COMPANY_NAME,COMPANY_ID,ENTITY_CODE,TRANSIT_NO,ECIF_ID) values (1,3,'1020312','USD','CFM','WIRES',null,'CA','0',null,'00412','BBD NL Client 3 Acct12',null,null,null,null,null,null,null,null,null,null,null,null,null,'BBDUSER01',to_date('27-12-20','DD-MM-RR'),'BBDUSER01',to_date('27-12-20','DD-MM-RR'),null,null,'10203003',null,'00412',null);
Insert into GTB_CUST_ACCOUNT (APPLICATION_ID,ENTITY_ID,ACCOUNT_NO,CURRENCY_CODE,ACCOUNT_TYPE,PRODUCT,OPEN_DATE,COUNTRY_CODE,IS_ACTIVE,ACTIVATION_DATE,BRANCH_CODE,ACCOUNT_DESC,CLOSE_DATE,LANGUAGE,IBAN,RM,ACCOUNT_GROUP_ID,IS_INTERNAL_ACC,IS_STAFF_ACCOUNT,IS_DORMANT,IS_CREDIT_BLOCK,IS_DEBIT_BLOCK,IS_FROZEN,DEACTIVATION_DATE,REASON,MAKER_ID,MAKER_DATE,AUTHORISER_ID,AUTHORISED_DATE,ACCOUNT_STATUS,COMPANY_NAME,COMPANY_ID,ENTITY_CODE,TRANSIT_NO,ECIF_ID) values (1,3,'9080301','CAD','CFM','WIRES',null,'CA','0',null,'00412','BBD L Client 3 Acct1',null,null,null,null,null,null,null,null,null,null,null,null,null,'BBDUSER01',to_date('09-02-21','DD-MM-RR'),'BBDUSER01',to_date('09-02-21','DD-MM-RR'),null,null,'90807003',null,'00412',null);
Insert into GTB_CUST_ACCOUNT (APPLICATION_ID,ENTITY_ID,ACCOUNT_NO,CURRENCY_CODE,ACCOUNT_TYPE,PRODUCT,OPEN_DATE,COUNTRY_CODE,IS_ACTIVE,ACTIVATION_DATE,BRANCH_CODE,ACCOUNT_DESC,CLOSE_DATE,LANGUAGE,IBAN,RM,ACCOUNT_GROUP_ID,IS_INTERNAL_ACC,IS_STAFF_ACCOUNT,IS_DORMANT,IS_CREDIT_BLOCK,IS_DEBIT_BLOCK,IS_FROZEN,DEACTIVATION_DATE,REASON,MAKER_ID,MAKER_DATE,AUTHORISER_ID,AUTHORISED_DATE,ACCOUNT_STATUS,COMPANY_NAME,COMPANY_ID,ENTITY_CODE,TRANSIT_NO,ECIF_ID) values (1,3,'9080302','USD','CFM','WIRES',null,'CA','0',null,'00412','BBD L Client 3 Acct2',null,null,null,null,null,null,null,null,null,null,null,null,null,'BBDUSER01',to_date('09-02-21','DD-MM-RR'),'BBDUSER01',to_date('09-02-21','DD-MM-RR'),null,null,'90807003',null,'00412',null);
Insert into GTB_CUST_ACCOUNT (APPLICATION_ID,ENTITY_ID,ACCOUNT_NO,CURRENCY_CODE,ACCOUNT_TYPE,PRODUCT,OPEN_DATE,COUNTRY_CODE,IS_ACTIVE,ACTIVATION_DATE,BRANCH_CODE,ACCOUNT_DESC,CLOSE_DATE,LANGUAGE,IBAN,RM,ACCOUNT_GROUP_ID,IS_INTERNAL_ACC,IS_STAFF_ACCOUNT,IS_DORMANT,IS_CREDIT_BLOCK,IS_DEBIT_BLOCK,IS_FROZEN,DEACTIVATION_DATE,REASON,MAKER_ID,MAKER_DATE,AUTHORISER_ID,AUTHORISED_DATE,ACCOUNT_STATUS,COMPANY_NAME,COMPANY_ID,ENTITY_CODE,TRANSIT_NO,ECIF_ID) values (1,3,'9080303','USD','CFM','WIRES',null,'CA','0',null,'00412','BBD L Client 3 Acct3',null,null,null,null,null,null,null,null,null,null,null,null,null,'BBDUSER01',to_date('11-02-21','DD-MM-RR'),'BBDUSER01',to_date('11-02-21','DD-MM-RR'),null,null,'90807003',null,'00412',null);
Insert into GTB_CUST_ACCOUNT (APPLICATION_ID,ENTITY_ID,ACCOUNT_NO,CURRENCY_CODE,ACCOUNT_TYPE,PRODUCT,OPEN_DATE,COUNTRY_CODE,IS_ACTIVE,ACTIVATION_DATE,BRANCH_CODE,ACCOUNT_DESC,CLOSE_DATE,LANGUAGE,IBAN,RM,ACCOUNT_GROUP_ID,IS_INTERNAL_ACC,IS_STAFF_ACCOUNT,IS_DORMANT,IS_CREDIT_BLOCK,IS_DEBIT_BLOCK,IS_FROZEN,DEACTIVATION_DATE,REASON,MAKER_ID,MAKER_DATE,AUTHORISER_ID,AUTHORISED_DATE,ACCOUNT_STATUS,COMPANY_NAME,COMPANY_ID,ENTITY_CODE,TRANSIT_NO,ECIF_ID) values (1,3,'9080304','CAD','CFM','WIRES',null,'CA','0',null,'00412','BBD L Client 3 Acct4',null,null,null,null,null,null,null,null,null,null,null,null,null,'BBDUSER01',to_date('27-12-20','DD-MM-RR'),'BBDUSER01',to_date('27-12-20','DD-MM-RR'),null,null,'90807003',null,'00412',null);
Insert into GTB_CUST_ACCOUNT (APPLICATION_ID,ENTITY_ID,ACCOUNT_NO,CURRENCY_CODE,ACCOUNT_TYPE,PRODUCT,OPEN_DATE,COUNTRY_CODE,IS_ACTIVE,ACTIVATION_DATE,BRANCH_CODE,ACCOUNT_DESC,CLOSE_DATE,LANGUAGE,IBAN,RM,ACCOUNT_GROUP_ID,IS_INTERNAL_ACC,IS_STAFF_ACCOUNT,IS_DORMANT,IS_CREDIT_BLOCK,IS_DEBIT_BLOCK,IS_FROZEN,DEACTIVATION_DATE,REASON,MAKER_ID,MAKER_DATE,AUTHORISER_ID,AUTHORISED_DATE,ACCOUNT_STATUS,COMPANY_NAME,COMPANY_ID,ENTITY_CODE,TRANSIT_NO,ECIF_ID) values (1,3,'9080305','USD','CFM','WIRES',null,'CA','0',null,'00412','BBD L Client 3 Acct5',null,null,null,null,null,null,null,null,null,null,null,null,null,'BBDUSER01',to_date('27-12-20','DD-MM-RR'),'BBDUSER01',to_date('27-12-20','DD-MM-RR'),null,null,'90807003',null,'00412',null);
Insert into GTB_CUST_ACCOUNT (APPLICATION_ID,ENTITY_ID,ACCOUNT_NO,CURRENCY_CODE,ACCOUNT_TYPE,PRODUCT,OPEN_DATE,COUNTRY_CODE,IS_ACTIVE,ACTIVATION_DATE,BRANCH_CODE,ACCOUNT_DESC,CLOSE_DATE,LANGUAGE,IBAN,RM,ACCOUNT_GROUP_ID,IS_INTERNAL_ACC,IS_STAFF_ACCOUNT,IS_DORMANT,IS_CREDIT_BLOCK,IS_DEBIT_BLOCK,IS_FROZEN,DEACTIVATION_DATE,REASON,MAKER_ID,MAKER_DATE,AUTHORISER_ID,AUTHORISED_DATE,ACCOUNT_STATUS,COMPANY_NAME,COMPANY_ID,ENTITY_CODE,TRANSIT_NO,ECIF_ID) values (1,3,'9080306','USD','CFM','WIRES',null,'CA','0',null,'00412','BBD L Client 3 Acct6',null,null,null,null,null,null,null,null,null,null,null,null,null,'BBDUSER01',to_date('27-12-20','DD-MM-RR'),'BBDUSER01',to_date('27-12-20','DD-MM-RR'),null,null,'90807003',null,'00412',null);
Insert into GTB_CUST_ACCOUNT (APPLICATION_ID,ENTITY_ID,ACCOUNT_NO,CURRENCY_CODE,ACCOUNT_TYPE,PRODUCT,OPEN_DATE,COUNTRY_CODE,IS_ACTIVE,ACTIVATION_DATE,BRANCH_CODE,ACCOUNT_DESC,CLOSE_DATE,LANGUAGE,IBAN,RM,ACCOUNT_GROUP_ID,IS_INTERNAL_ACC,IS_STAFF_ACCOUNT,IS_DORMANT,IS_CREDIT_BLOCK,IS_DEBIT_BLOCK,IS_FROZEN,DEACTIVATION_DATE,REASON,MAKER_ID,MAKER_DATE,AUTHORISER_ID,AUTHORISED_DATE,ACCOUNT_STATUS,COMPANY_NAME,COMPANY_ID,ENTITY_CODE,TRANSIT_NO,ECIF_ID) values (1,3,'9080307','CAD','CFM','WIRES',null,'CA','0',null,'00412','BBD L Client 3 Acct7',null,null,null,null,null,null,null,null,null,null,null,null,null,'BBDUSER01',to_date('27-12-20','DD-MM-RR'),'BBDUSER01',to_date('27-12-20','DD-MM-RR'),null,null,'90807003',null,'00412',null);
Insert into GTB_CUST_ACCOUNT (APPLICATION_ID,ENTITY_ID,ACCOUNT_NO,CURRENCY_CODE,ACCOUNT_TYPE,PRODUCT,OPEN_DATE,COUNTRY_CODE,IS_ACTIVE,ACTIVATION_DATE,BRANCH_CODE,ACCOUNT_DESC,CLOSE_DATE,LANGUAGE,IBAN,RM,ACCOUNT_GROUP_ID,IS_INTERNAL_ACC,IS_STAFF_ACCOUNT,IS_DORMANT,IS_CREDIT_BLOCK,IS_DEBIT_BLOCK,IS_FROZEN,DEACTIVATION_DATE,REASON,MAKER_ID,MAKER_DATE,AUTHORISER_ID,AUTHORISED_DATE,ACCOUNT_STATUS,COMPANY_NAME,COMPANY_ID,ENTITY_CODE,TRANSIT_NO,ECIF_ID) values (1,3,'9080308','USD','CFM','WIRES',null,'CA','0',null,'00412','BBD L Client 3 Acct8',null,null,null,null,null,null,null,null,null,null,null,null,null,'BBDUSER01',to_date('27-12-20','DD-MM-RR'),'BBDUSER01',to_date('27-12-20','DD-MM-RR'),null,null,'90807003',null,'00412',null);
Insert into GTB_CUST_ACCOUNT (APPLICATION_ID,ENTITY_ID,ACCOUNT_NO,CURRENCY_CODE,ACCOUNT_TYPE,PRODUCT,OPEN_DATE,COUNTRY_CODE,IS_ACTIVE,ACTIVATION_DATE,BRANCH_CODE,ACCOUNT_DESC,CLOSE_DATE,LANGUAGE,IBAN,RM,ACCOUNT_GROUP_ID,IS_INTERNAL_ACC,IS_STAFF_ACCOUNT,IS_DORMANT,IS_CREDIT_BLOCK,IS_DEBIT_BLOCK,IS_FROZEN,DEACTIVATION_DATE,REASON,MAKER_ID,MAKER_DATE,AUTHORISER_ID,AUTHORISED_DATE,ACCOUNT_STATUS,COMPANY_NAME,COMPANY_ID,ENTITY_CODE,TRANSIT_NO,ECIF_ID) values (1,3,'9080401','CAD','CFM','WIRES',null,'CA','0',null,'00412','BBD L Client 4 Acct1',null,null,null,null,null,null,null,null,null,null,null,null,null,'BBDUSER01',to_date('27-12-20','DD-MM-RR'),'BBDUSER01',to_date('27-12-20','DD-MM-RR'),null,null,'90807004',null,'00412',null);
Insert into GTB_CUST_ACCOUNT (APPLICATION_ID,ENTITY_ID,ACCOUNT_NO,CURRENCY_CODE,ACCOUNT_TYPE,PRODUCT,OPEN_DATE,COUNTRY_CODE,IS_ACTIVE,ACTIVATION_DATE,BRANCH_CODE,ACCOUNT_DESC,CLOSE_DATE,LANGUAGE,IBAN,RM,ACCOUNT_GROUP_ID,IS_INTERNAL_ACC,IS_STAFF_ACCOUNT,IS_DORMANT,IS_CREDIT_BLOCK,IS_DEBIT_BLOCK,IS_FROZEN,DEACTIVATION_DATE,REASON,MAKER_ID,MAKER_DATE,AUTHORISER_ID,AUTHORISED_DATE,ACCOUNT_STATUS,COMPANY_NAME,COMPANY_ID,ENTITY_CODE,TRANSIT_NO,ECIF_ID) values (1,3,'9080402','USD','CFM','WIRES',null,'CA','0',null,'00412','BBD L Client 4 Acct2',null,null,null,null,null,null,null,null,null,null,null,null,null,'BBDUSER01',to_date('27-12-20','DD-MM-RR'),'BBDUSER01',to_date('27-12-20','DD-MM-RR'),null,null,'90807004',null,'00412',null);
Insert into GTB_CUST_ACCOUNT (APPLICATION_ID,ENTITY_ID,ACCOUNT_NO,CURRENCY_CODE,ACCOUNT_TYPE,PRODUCT,OPEN_DATE,COUNTRY_CODE,IS_ACTIVE,ACTIVATION_DATE,BRANCH_CODE,ACCOUNT_DESC,CLOSE_DATE,LANGUAGE,IBAN,RM,ACCOUNT_GROUP_ID,IS_INTERNAL_ACC,IS_STAFF_ACCOUNT,IS_DORMANT,IS_CREDIT_BLOCK,IS_DEBIT_BLOCK,IS_FROZEN,DEACTIVATION_DATE,REASON,MAKER_ID,MAKER_DATE,AUTHORISER_ID,AUTHORISED_DATE,ACCOUNT_STATUS,COMPANY_NAME,COMPANY_ID,ENTITY_CODE,TRANSIT_NO,ECIF_ID) values (1,3,'1020401','CAD','CFM','WIRES',null,'CA','0',null,'00412','BBD NL Client 4 Acct1',null,null,null,null,null,null,null,null,null,null,null,null,null,'BBDUSER01',to_date('27-12-20','DD-MM-RR'),'BBDUSER01',to_date('27-12-20','DD-MM-RR'),null,null,'10203004',null,'00412',null);
Insert into GTB_CUST_ACCOUNT (APPLICATION_ID,ENTITY_ID,ACCOUNT_NO,CURRENCY_CODE,ACCOUNT_TYPE,PRODUCT,OPEN_DATE,COUNTRY_CODE,IS_ACTIVE,ACTIVATION_DATE,BRANCH_CODE,ACCOUNT_DESC,CLOSE_DATE,LANGUAGE,IBAN,RM,ACCOUNT_GROUP_ID,IS_INTERNAL_ACC,IS_STAFF_ACCOUNT,IS_DORMANT,IS_CREDIT_BLOCK,IS_DEBIT_BLOCK,IS_FROZEN,DEACTIVATION_DATE,REASON,MAKER_ID,MAKER_DATE,AUTHORISER_ID,AUTHORISED_DATE,ACCOUNT_STATUS,COMPANY_NAME,COMPANY_ID,ENTITY_CODE,TRANSIT_NO,ECIF_ID) values (1,3,'1020402','USD','CFM','WIRES',null,'CA','0',null,'00412','BBD NL Client 4 Acct2',null,null,null,null,null,null,null,null,null,null,null,null,null,'BBDUSER01',to_date('27-12-20','DD-MM-RR'),'BBDUSER01',to_date('27-12-20','DD-MM-RR'),null,null,'10203004',null,'00412',null);
commit;
-------------------------------------------------
Insert into GTB_CUST_ACCOUNT_PREF (COMPANY_ID,ACCOUNT_NO,PAYMENT_PROD_TYPE,FUND_UTIL_TYPE,MAKER_ID,MAKER_DATE,AUTHORISER_ID,AUTHORISED_DATE,SEQNO,CORR_FEE_ACC_NO,BRANCH_NO,COMPANY_NAME,CORP_FEE_BRANCH_NO,SETTL_ACC_CURR,CORR_ACC_CURR,ORIGINATOR_ID,PRODUCT_CLASSIFICATION,ORIGINATOR_CURR,ACCOUNT_USAGE,DEFAULT_ACCOUNT,CHQ_STOCK_TYPE,ABA_ROUTING_NO,EXTERNAL_ACC_TYPE,INSTITUTION_NUMBER,EXTERNAL_ACCOUNT) values (10203001,'1020101','Wires','L','BCCMKR1',to_date('14-12-20','DD-MM-RR'),'BCCCKR1',to_date('14-12-20','DD-MM-RR'),1,null,'00412','BBD Automation NL Client 1',null,'CAD',null,null,null,null,null,null,null,null,null,null,'No');
Insert into GTB_CUST_ACCOUNT_PREF (COMPANY_ID,ACCOUNT_NO,PAYMENT_PROD_TYPE,FUND_UTIL_TYPE,MAKER_ID,MAKER_DATE,AUTHORISER_ID,AUTHORISED_DATE,SEQNO,CORR_FEE_ACC_NO,BRANCH_NO,COMPANY_NAME,CORP_FEE_BRANCH_NO,SETTL_ACC_CURR,CORR_ACC_CURR,ORIGINATOR_ID,PRODUCT_CLASSIFICATION,ORIGINATOR_CURR,ACCOUNT_USAGE,DEFAULT_ACCOUNT,CHQ_STOCK_TYPE,ABA_ROUTING_NO,EXTERNAL_ACC_TYPE,INSTITUTION_NUMBER,EXTERNAL_ACCOUNT) values (10203001,'1020101','EFT','A','BCCMKR1',to_date('14-12-20','DD-MM-RR'),'BCCCKR1',to_date('14-12-20','DD-MM-RR'),2,null,'00412','BBD Automation NL Client 1',null,'CAD',null,'1020301001','CREDIT','CAD','SETTLEMENT','Y',null,null,null,null,'No');
Insert into GTB_CUST_ACCOUNT_PREF (COMPANY_ID,ACCOUNT_NO,PAYMENT_PROD_TYPE,FUND_UTIL_TYPE,MAKER_ID,MAKER_DATE,AUTHORISER_ID,AUTHORISED_DATE,SEQNO,CORR_FEE_ACC_NO,BRANCH_NO,COMPANY_NAME,CORP_FEE_BRANCH_NO,SETTL_ACC_CURR,CORR_ACC_CURR,ORIGINATOR_ID,PRODUCT_CLASSIFICATION,ORIGINATOR_CURR,ACCOUNT_USAGE,DEFAULT_ACCOUNT,CHQ_STOCK_TYPE,ABA_ROUTING_NO,EXTERNAL_ACC_TYPE,INSTITUTION_NUMBER,EXTERNAL_ACCOUNT) values (10203001,'1020101','EFT','A','BCCMKR1',to_date('14-12-20','DD-MM-RR'),'BCCCKR1',to_date('14-12-20','DD-MM-RR'),3,null,'00412','BBD Automation NL Client 1',null,'CAD',null,'1020301001','CREDIT','CAD','RETURN','Y',null,null,null,null,'No');
Insert into GTB_CUST_ACCOUNT_PREF (COMPANY_ID,ACCOUNT_NO,PAYMENT_PROD_TYPE,FUND_UTIL_TYPE,MAKER_ID,MAKER_DATE,AUTHORISER_ID,AUTHORISED_DATE,SEQNO,CORR_FEE_ACC_NO,BRANCH_NO,COMPANY_NAME,CORP_FEE_BRANCH_NO,SETTL_ACC_CURR,CORR_ACC_CURR,ORIGINATOR_ID,PRODUCT_CLASSIFICATION,ORIGINATOR_CURR,ACCOUNT_USAGE,DEFAULT_ACCOUNT,CHQ_STOCK_TYPE,ABA_ROUTING_NO,EXTERNAL_ACC_TYPE,INSTITUTION_NUMBER,EXTERNAL_ACCOUNT) values (10203001,'1020101','CHK',null,'BCCMKR1',to_date('14-12-20','DD-MM-RR'),'BCCCKR1',to_date('14-12-20','DD-MM-RR'),4,null,'00412','BBD Automation NL Client 1',null,'CAD',null,null,null,null,null,null,'CAD Cheques',null,null,null,'No');
Insert into GTB_CUST_ACCOUNT_PREF (COMPANY_ID,ACCOUNT_NO,PAYMENT_PROD_TYPE,FUND_UTIL_TYPE,MAKER_ID,MAKER_DATE,AUTHORISER_ID,AUTHORISED_DATE,SEQNO,CORR_FEE_ACC_NO,BRANCH_NO,COMPANY_NAME,CORP_FEE_BRANCH_NO,SETTL_ACC_CURR,CORR_ACC_CURR,ORIGINATOR_ID,PRODUCT_CLASSIFICATION,ORIGINATOR_CURR,ACCOUNT_USAGE,DEFAULT_ACCOUNT,CHQ_STOCK_TYPE,ABA_ROUTING_NO,EXTERNAL_ACC_TYPE,INSTITUTION_NUMBER,EXTERNAL_ACCOUNT) values (10203001,'1020101','CTR','L','BCCMKR1',to_date('14-12-20','DD-MM-RR'),'BCCCKR1',to_date('14-12-20','DD-MM-RR'),5,null,'00412','BBD Automation NL Client 1',null,'CAD',null,null,null,null,null,null,null,null,null,null,'No');
Insert into GTB_CUST_ACCOUNT_PREF (COMPANY_ID,ACCOUNT_NO,PAYMENT_PROD_TYPE,FUND_UTIL_TYPE,MAKER_ID,MAKER_DATE,AUTHORISER_ID,AUTHORISED_DATE,SEQNO,CORR_FEE_ACC_NO,BRANCH_NO,COMPANY_NAME,CORP_FEE_BRANCH_NO,SETTL_ACC_CURR,CORR_ACC_CURR,ORIGINATOR_ID,PRODUCT_CLASSIFICATION,ORIGINATOR_CURR,ACCOUNT_USAGE,DEFAULT_ACCOUNT,CHQ_STOCK_TYPE,ABA_ROUTING_NO,EXTERNAL_ACC_TYPE,INSTITUTION_NUMBER,EXTERNAL_ACCOUNT) values (10203001,'1020101','EMT','L','BCCMKR1',to_date('14-12-20','DD-MM-RR'),'BCCCKR1',to_date('14-12-20','DD-MM-RR'),6,null,'00412','BBD Automation NL Client 1',null,'CAD',null,null,null,null,null,null,null,null,null,null,'No');
Insert into GTB_CUST_ACCOUNT_PREF (COMPANY_ID,ACCOUNT_NO,PAYMENT_PROD_TYPE,FUND_UTIL_TYPE,MAKER_ID,MAKER_DATE,AUTHORISER_ID,AUTHORISED_DATE,SEQNO,CORR_FEE_ACC_NO,BRANCH_NO,COMPANY_NAME,CORP_FEE_BRANCH_NO,SETTL_ACC_CURR,CORR_ACC_CURR,ORIGINATOR_ID,PRODUCT_CLASSIFICATION,ORIGINATOR_CURR,ACCOUNT_USAGE,DEFAULT_ACCOUNT,CHQ_STOCK_TYPE,ABA_ROUTING_NO,EXTERNAL_ACC_TYPE,INSTITUTION_NUMBER,EXTERNAL_ACCOUNT) values (10203001,'1020102','ACH','L','BCCMKR1',to_date('14-12-20','DD-MM-RR'),'BCCCKR1',to_date('14-12-20','DD-MM-RR'),7,null,'00412','BBD Automation NL Client 1',null,'USD',null,'1020301002','BOTH','USD','SETTLEMENT','Y',null,null,null,null,'No');
Insert into GTB_CUST_ACCOUNT_PREF (COMPANY_ID,ACCOUNT_NO,PAYMENT_PROD_TYPE,FUND_UTIL_TYPE,MAKER_ID,MAKER_DATE,AUTHORISER_ID,AUTHORISED_DATE,SEQNO,CORR_FEE_ACC_NO,BRANCH_NO,COMPANY_NAME,CORP_FEE_BRANCH_NO,SETTL_ACC_CURR,CORR_ACC_CURR,ORIGINATOR_ID,PRODUCT_CLASSIFICATION,ORIGINATOR_CURR,ACCOUNT_USAGE,DEFAULT_ACCOUNT,CHQ_STOCK_TYPE,ABA_ROUTING_NO,EXTERNAL_ACC_TYPE,INSTITUTION_NUMBER,EXTERNAL_ACCOUNT) values (10203001,'1020102','ACH','L','BCCMKR1',to_date('14-12-20','DD-MM-RR'),'BCCCKR1',to_date('14-12-20','DD-MM-RR'),8,null,'00412','BBD Automation NL Client 1',null,'USD',null,'1020301002','BOTH','USD','RETURN','Y',null,null,null,null,'No');
Insert into GTB_CUST_ACCOUNT_PREF (COMPANY_ID,ACCOUNT_NO,PAYMENT_PROD_TYPE,FUND_UTIL_TYPE,MAKER_ID,MAKER_DATE,AUTHORISER_ID,AUTHORISED_DATE,SEQNO,CORR_FEE_ACC_NO,BRANCH_NO,COMPANY_NAME,CORP_FEE_BRANCH_NO,SETTL_ACC_CURR,CORR_ACC_CURR,ORIGINATOR_ID,PRODUCT_CLASSIFICATION,ORIGINATOR_CURR,ACCOUNT_USAGE,DEFAULT_ACCOUNT,CHQ_STOCK_TYPE,ABA_ROUTING_NO,EXTERNAL_ACC_TYPE,INSTITUTION_NUMBER,EXTERNAL_ACCOUNT) values (90807002,'9080201','ACH','A','BCCMKR1',to_date('14-12-20','DD-MM-RR'),'BCCCKR1',to_date('14-12-20','DD-MM-RR'),1,null,'00412','BBD Automation L Client 2',null,'USD',null,'9080702001','CREDIT','USD','SETTLEMENT','Y',null,null,null,null,'No');
Insert into GTB_CUST_ACCOUNT_PREF (COMPANY_ID,ACCOUNT_NO,PAYMENT_PROD_TYPE,FUND_UTIL_TYPE,MAKER_ID,MAKER_DATE,AUTHORISER_ID,AUTHORISED_DATE,SEQNO,CORR_FEE_ACC_NO,BRANCH_NO,COMPANY_NAME,CORP_FEE_BRANCH_NO,SETTL_ACC_CURR,CORR_ACC_CURR,ORIGINATOR_ID,PRODUCT_CLASSIFICATION,ORIGINATOR_CURR,ACCOUNT_USAGE,DEFAULT_ACCOUNT,CHQ_STOCK_TYPE,ABA_ROUTING_NO,EXTERNAL_ACC_TYPE,INSTITUTION_NUMBER,EXTERNAL_ACCOUNT) values (90807002,'9080201','ACH','A','BCCMKR1',to_date('14-12-20','DD-MM-RR'),'BCCCKR1',to_date('14-12-20','DD-MM-RR'),2,null,'00412','BBD Automation L Client 2',null,'USD',null,'9080702001','CREDIT','USD','RETURN','Y',null,null,null,null,'No');
Insert into GTB_CUST_ACCOUNT_PREF (COMPANY_ID,ACCOUNT_NO,PAYMENT_PROD_TYPE,FUND_UTIL_TYPE,MAKER_ID,MAKER_DATE,AUTHORISER_ID,AUTHORISED_DATE,SEQNO,CORR_FEE_ACC_NO,BRANCH_NO,COMPANY_NAME,CORP_FEE_BRANCH_NO,SETTL_ACC_CURR,CORR_ACC_CURR,ORIGINATOR_ID,PRODUCT_CLASSIFICATION,ORIGINATOR_CURR,ACCOUNT_USAGE,DEFAULT_ACCOUNT,CHQ_STOCK_TYPE,ABA_ROUTING_NO,EXTERNAL_ACC_TYPE,INSTITUTION_NUMBER,EXTERNAL_ACCOUNT) values (90807002,'9080201','EFT','L','BCCMKR1',to_date('14-12-20','DD-MM-RR'),'BCCCKR1',to_date('14-12-20','DD-MM-RR'),3,null,'00412','BBD Automation L Client 2',null,'USD',null,'9080702002','BOTH','USD','SETTLEMENT','Y',null,null,null,null,'No');
Insert into GTB_CUST_ACCOUNT_PREF (COMPANY_ID,ACCOUNT_NO,PAYMENT_PROD_TYPE,FUND_UTIL_TYPE,MAKER_ID,MAKER_DATE,AUTHORISER_ID,AUTHORISED_DATE,SEQNO,CORR_FEE_ACC_NO,BRANCH_NO,COMPANY_NAME,CORP_FEE_BRANCH_NO,SETTL_ACC_CURR,CORR_ACC_CURR,ORIGINATOR_ID,PRODUCT_CLASSIFICATION,ORIGINATOR_CURR,ACCOUNT_USAGE,DEFAULT_ACCOUNT,CHQ_STOCK_TYPE,ABA_ROUTING_NO,EXTERNAL_ACC_TYPE,INSTITUTION_NUMBER,EXTERNAL_ACCOUNT) values (90807002,'9080201','EFT','L','BCCMKR1',to_date('14-12-20','DD-MM-RR'),'BCCCKR1',to_date('14-12-20','DD-MM-RR'),4,null,'00412','BBD Automation L Client 2',null,'USD',null,'9080702002','BOTH','USD','RETURN','Y',null,null,null,null,'No');
Insert into GTB_CUST_ACCOUNT_PREF (COMPANY_ID,ACCOUNT_NO,PAYMENT_PROD_TYPE,FUND_UTIL_TYPE,MAKER_ID,MAKER_DATE,AUTHORISER_ID,AUTHORISED_DATE,SEQNO,CORR_FEE_ACC_NO,BRANCH_NO,COMPANY_NAME,CORP_FEE_BRANCH_NO,SETTL_ACC_CURR,CORR_ACC_CURR,ORIGINATOR_ID,PRODUCT_CLASSIFICATION,ORIGINATOR_CURR,ACCOUNT_USAGE,DEFAULT_ACCOUNT,CHQ_STOCK_TYPE,ABA_ROUTING_NO,EXTERNAL_ACC_TYPE,INSTITUTION_NUMBER,EXTERNAL_ACCOUNT) values (90807001,'9080101','EFT','L','BCCMKR1',to_date('14-12-20','DD-MM-RR'),'BCCCKR1',to_date('14-12-20','DD-MM-RR'),1,null,'00412','BBD Automation L Client 1',null,'CAD',null,'9080701001','BOTH','CAD','SETTLEMENT','Y',null,null,null,null,'No');
Insert into GTB_CUST_ACCOUNT_PREF (COMPANY_ID,ACCOUNT_NO,PAYMENT_PROD_TYPE,FUND_UTIL_TYPE,MAKER_ID,MAKER_DATE,AUTHORISER_ID,AUTHORISED_DATE,SEQNO,CORR_FEE_ACC_NO,BRANCH_NO,COMPANY_NAME,CORP_FEE_BRANCH_NO,SETTL_ACC_CURR,CORR_ACC_CURR,ORIGINATOR_ID,PRODUCT_CLASSIFICATION,ORIGINATOR_CURR,ACCOUNT_USAGE,DEFAULT_ACCOUNT,CHQ_STOCK_TYPE,ABA_ROUTING_NO,EXTERNAL_ACC_TYPE,INSTITUTION_NUMBER,EXTERNAL_ACCOUNT) values (90807001,'9080101','EFT','L','BCCMKR1',to_date('14-12-20','DD-MM-RR'),'BCCCKR1',to_date('14-12-20','DD-MM-RR'),2,null,'00412','BBD Automation L Client 1',null,'CAD',null,'9080701001','BOTH','CAD','RETURN','Y',null,null,null,null,'No');
Insert into GTB_CUST_ACCOUNT_PREF (COMPANY_ID,ACCOUNT_NO,PAYMENT_PROD_TYPE,FUND_UTIL_TYPE,MAKER_ID,MAKER_DATE,AUTHORISER_ID,AUTHORISED_DATE,SEQNO,CORR_FEE_ACC_NO,BRANCH_NO,COMPANY_NAME,CORP_FEE_BRANCH_NO,SETTL_ACC_CURR,CORR_ACC_CURR,ORIGINATOR_ID,PRODUCT_CLASSIFICATION,ORIGINATOR_CURR,ACCOUNT_USAGE,DEFAULT_ACCOUNT,CHQ_STOCK_TYPE,ABA_ROUTING_NO,EXTERNAL_ACC_TYPE,INSTITUTION_NUMBER,EXTERNAL_ACCOUNT) values (90807001,'9080102','ACH','A','BCCMKR1',to_date('14-12-20','DD-MM-RR'),'BCCCKR1',to_date('14-12-20','DD-MM-RR'),3,null,'00412','BBD Automation L Client 1',null,'USD',null,'9080701002','CREDIT','USD','SETTLEMENT','Y',null,null,null,null,'No');
Insert into GTB_CUST_ACCOUNT_PREF (COMPANY_ID,ACCOUNT_NO,PAYMENT_PROD_TYPE,FUND_UTIL_TYPE,MAKER_ID,MAKER_DATE,AUTHORISER_ID,AUTHORISED_DATE,SEQNO,CORR_FEE_ACC_NO,BRANCH_NO,COMPANY_NAME,CORP_FEE_BRANCH_NO,SETTL_ACC_CURR,CORR_ACC_CURR,ORIGINATOR_ID,PRODUCT_CLASSIFICATION,ORIGINATOR_CURR,ACCOUNT_USAGE,DEFAULT_ACCOUNT,CHQ_STOCK_TYPE,ABA_ROUTING_NO,EXTERNAL_ACC_TYPE,INSTITUTION_NUMBER,EXTERNAL_ACCOUNT) values (90807001,'9080102','ACH','A','BCCMKR1',to_date('14-12-20','DD-MM-RR'),'BCCCKR1',to_date('14-12-20','DD-MM-RR'),4,null,'00412','BBD Automation L Client 1',null,'USD',null,'9080701002','CREDIT','USD','RETURN','Y',null,null,null,null,'No');
Insert into GTB_CUST_ACCOUNT_PREF (COMPANY_ID,ACCOUNT_NO,PAYMENT_PROD_TYPE,FUND_UTIL_TYPE,MAKER_ID,MAKER_DATE,AUTHORISER_ID,AUTHORISED_DATE,SEQNO,CORR_FEE_ACC_NO,BRANCH_NO,COMPANY_NAME,CORP_FEE_BRANCH_NO,SETTL_ACC_CURR,CORR_ACC_CURR,ORIGINATOR_ID,PRODUCT_CLASSIFICATION,ORIGINATOR_CURR,ACCOUNT_USAGE,DEFAULT_ACCOUNT,CHQ_STOCK_TYPE,ABA_ROUTING_NO,EXTERNAL_ACC_TYPE,INSTITUTION_NUMBER,EXTERNAL_ACCOUNT) values (10203002,'1020201','Wires','A','BCCMKR1',to_date('14-12-20','DD-MM-RR'),'BCCCKR1',to_date('14-12-20','DD-MM-RR'),1,null,'00412','BBD Automation NL Client 2',null,'CAD',null,null,null,null,null,null,null,null,null,null,'No');
Insert into GTB_CUST_ACCOUNT_PREF (COMPANY_ID,ACCOUNT_NO,PAYMENT_PROD_TYPE,FUND_UTIL_TYPE,MAKER_ID,MAKER_DATE,AUTHORISER_ID,AUTHORISED_DATE,SEQNO,CORR_FEE_ACC_NO,BRANCH_NO,COMPANY_NAME,CORP_FEE_BRANCH_NO,SETTL_ACC_CURR,CORR_ACC_CURR,ORIGINATOR_ID,PRODUCT_CLASSIFICATION,ORIGINATOR_CURR,ACCOUNT_USAGE,DEFAULT_ACCOUNT,CHQ_STOCK_TYPE,ABA_ROUTING_NO,EXTERNAL_ACC_TYPE,INSTITUTION_NUMBER,EXTERNAL_ACCOUNT) values (10203002,'1020201','CHK',null,'BCCMKR1',to_date('14-12-20','DD-MM-RR'),'BCCCKR1',to_date('14-12-20','DD-MM-RR'),2,null,'00412','BBD Automation NL Client 2',null,'CAD',null,null,null,null,null,null,'CAD Cheques',null,null,null,'No');
Insert into GTB_CUST_ACCOUNT_PREF (COMPANY_ID,ACCOUNT_NO,PAYMENT_PROD_TYPE,FUND_UTIL_TYPE,MAKER_ID,MAKER_DATE,AUTHORISER_ID,AUTHORISED_DATE,SEQNO,CORR_FEE_ACC_NO,BRANCH_NO,COMPANY_NAME,CORP_FEE_BRANCH_NO,SETTL_ACC_CURR,CORR_ACC_CURR,ORIGINATOR_ID,PRODUCT_CLASSIFICATION,ORIGINATOR_CURR,ACCOUNT_USAGE,DEFAULT_ACCOUNT,CHQ_STOCK_TYPE,ABA_ROUTING_NO,EXTERNAL_ACC_TYPE,INSTITUTION_NUMBER,EXTERNAL_ACCOUNT) values (10203002,'1020201','CTR','A','BCCMKR1',to_date('14-12-20','DD-MM-RR'),'BCCCKR1',to_date('14-12-20','DD-MM-RR'),3,null,'00412','BBD Automation NL Client 2',null,'CAD',null,null,null,null,null,null,null,null,null,null,'No');
Insert into GTB_CUST_ACCOUNT_PREF (COMPANY_ID,ACCOUNT_NO,PAYMENT_PROD_TYPE,FUND_UTIL_TYPE,MAKER_ID,MAKER_DATE,AUTHORISER_ID,AUTHORISED_DATE,SEQNO,CORR_FEE_ACC_NO,BRANCH_NO,COMPANY_NAME,CORP_FEE_BRANCH_NO,SETTL_ACC_CURR,CORR_ACC_CURR,ORIGINATOR_ID,PRODUCT_CLASSIFICATION,ORIGINATOR_CURR,ACCOUNT_USAGE,DEFAULT_ACCOUNT,CHQ_STOCK_TYPE,ABA_ROUTING_NO,EXTERNAL_ACC_TYPE,INSTITUTION_NUMBER,EXTERNAL_ACCOUNT) values (10203002,'1020201','EMT','A','BCCMKR1',to_date('14-12-20','DD-MM-RR'),'BCCCKR1',to_date('14-12-20','DD-MM-RR'),4,null,'00412','BBD Automation NL Client 2',null,'CAD',null,null,null,null,null,null,null,null,null,null,'No');
Insert into GTB_CUST_ACCOUNT_PREF (COMPANY_ID,ACCOUNT_NO,PAYMENT_PROD_TYPE,FUND_UTIL_TYPE,MAKER_ID,MAKER_DATE,AUTHORISER_ID,AUTHORISED_DATE,SEQNO,CORR_FEE_ACC_NO,BRANCH_NO,COMPANY_NAME,CORP_FEE_BRANCH_NO,SETTL_ACC_CURR,CORR_ACC_CURR,ORIGINATOR_ID,PRODUCT_CLASSIFICATION,ORIGINATOR_CURR,ACCOUNT_USAGE,DEFAULT_ACCOUNT,CHQ_STOCK_TYPE,ABA_ROUTING_NO,EXTERNAL_ACC_TYPE,INSTITUTION_NUMBER,EXTERNAL_ACCOUNT) values (10203002,'1020202','ACH','A','BCCMKR1',to_date('14-12-20','DD-MM-RR'),'BCCCKR1',to_date('14-12-20','DD-MM-RR'),5,null,'00412','BBD Automation NL Client 2',null,'USD',null,'1020302002','CREDIT','USD','SETTLEMENT','Y',null,null,null,null,'No');
Insert into GTB_CUST_ACCOUNT_PREF (COMPANY_ID,ACCOUNT_NO,PAYMENT_PROD_TYPE,FUND_UTIL_TYPE,MAKER_ID,MAKER_DATE,AUTHORISER_ID,AUTHORISED_DATE,SEQNO,CORR_FEE_ACC_NO,BRANCH_NO,COMPANY_NAME,CORP_FEE_BRANCH_NO,SETTL_ACC_CURR,CORR_ACC_CURR,ORIGINATOR_ID,PRODUCT_CLASSIFICATION,ORIGINATOR_CURR,ACCOUNT_USAGE,DEFAULT_ACCOUNT,CHQ_STOCK_TYPE,ABA_ROUTING_NO,EXTERNAL_ACC_TYPE,INSTITUTION_NUMBER,EXTERNAL_ACCOUNT) values (10203002,'1020202','ACH','A','BCCMKR1',to_date('14-12-20','DD-MM-RR'),'BCCCKR1',to_date('14-12-20','DD-MM-RR'),6,null,'00412','BBD Automation NL Client 2',null,'USD',null,'1020302002','CREDIT','USD','RETURN','Y',null,null,null,null,'No');
Insert into GTB_CUST_ACCOUNT_PREF (COMPANY_ID,ACCOUNT_NO,PAYMENT_PROD_TYPE,FUND_UTIL_TYPE,MAKER_ID,MAKER_DATE,AUTHORISER_ID,AUTHORISED_DATE,SEQNO,CORR_FEE_ACC_NO,BRANCH_NO,COMPANY_NAME,CORP_FEE_BRANCH_NO,SETTL_ACC_CURR,CORR_ACC_CURR,ORIGINATOR_ID,PRODUCT_CLASSIFICATION,ORIGINATOR_CURR,ACCOUNT_USAGE,DEFAULT_ACCOUNT,CHQ_STOCK_TYPE,ABA_ROUTING_NO,EXTERNAL_ACC_TYPE,INSTITUTION_NUMBER,EXTERNAL_ACCOUNT) values (10203002,'1020202','EFT','L','BCCMKR1',to_date('14-12-20','DD-MM-RR'),'BCCCKR1',to_date('14-12-20','DD-MM-RR'),7,null,'00412','BBD Automation NL Client 2',null,'USD',null,'1020302001','CREDIT','USD','SETTLEMENT','Y',null,null,null,null,'No');
Insert into GTB_CUST_ACCOUNT_PREF (COMPANY_ID,ACCOUNT_NO,PAYMENT_PROD_TYPE,FUND_UTIL_TYPE,MAKER_ID,MAKER_DATE,AUTHORISER_ID,AUTHORISED_DATE,SEQNO,CORR_FEE_ACC_NO,BRANCH_NO,COMPANY_NAME,CORP_FEE_BRANCH_NO,SETTL_ACC_CURR,CORR_ACC_CURR,ORIGINATOR_ID,PRODUCT_CLASSIFICATION,ORIGINATOR_CURR,ACCOUNT_USAGE,DEFAULT_ACCOUNT,CHQ_STOCK_TYPE,ABA_ROUTING_NO,EXTERNAL_ACC_TYPE,INSTITUTION_NUMBER,EXTERNAL_ACCOUNT) values (10203002,'1020202','EFT','L','BCCMKR1',to_date('14-12-20','DD-MM-RR'),'BCCCKR1',to_date('14-12-20','DD-MM-RR'),8,null,'00412','BBD Automation NL Client 2',null,'USD',null,'1020302001','CREDIT','USD','RETURN','Y',null,null,null,null,'No');
Insert into GTB_CUST_ACCOUNT_PREF (COMPANY_ID,ACCOUNT_NO,PAYMENT_PROD_TYPE,FUND_UTIL_TYPE,MAKER_ID,MAKER_DATE,AUTHORISER_ID,AUTHORISED_DATE,SEQNO,CORR_FEE_ACC_NO,BRANCH_NO,COMPANY_NAME,CORP_FEE_BRANCH_NO,SETTL_ACC_CURR,CORR_ACC_CURR,ORIGINATOR_ID,PRODUCT_CLASSIFICATION,ORIGINATOR_CURR,ACCOUNT_USAGE,DEFAULT_ACCOUNT,CHQ_STOCK_TYPE,ABA_ROUTING_NO,EXTERNAL_ACC_TYPE,INSTITUTION_NUMBER,EXTERNAL_ACCOUNT) values (10203002,'1020201','EFT','A','BCCMKR1',to_date('14-12-20','DD-MM-RR'),'BCCCKR1',to_date('14-12-20','DD-MM-RR'),9,null,'00412','BBD Automation NL Client 2',null,'CAD',null,'1020302003','CREDIT','CAD','SETTLEMENT','Y',null,null,null,null,'No');
Insert into GTB_CUST_ACCOUNT_PREF (COMPANY_ID,ACCOUNT_NO,PAYMENT_PROD_TYPE,FUND_UTIL_TYPE,MAKER_ID,MAKER_DATE,AUTHORISER_ID,AUTHORISED_DATE,SEQNO,CORR_FEE_ACC_NO,BRANCH_NO,COMPANY_NAME,CORP_FEE_BRANCH_NO,SETTL_ACC_CURR,CORR_ACC_CURR,ORIGINATOR_ID,PRODUCT_CLASSIFICATION,ORIGINATOR_CURR,ACCOUNT_USAGE,DEFAULT_ACCOUNT,CHQ_STOCK_TYPE,ABA_ROUTING_NO,EXTERNAL_ACC_TYPE,INSTITUTION_NUMBER,EXTERNAL_ACCOUNT) values (10203002,'1020201','EFT','A','BCCMKR1',to_date('14-12-20','DD-MM-RR'),'BCCCKR1',to_date('14-12-20','DD-MM-RR'),10,null,'00412','BBD Automation NL Client 2',null,'CAD',null,'1020302003','CREDIT','CAD','RETURN','Y',null,null,null,null,'No');
Insert into GTB_CUST_ACCOUNT_PREF (COMPANY_ID,ACCOUNT_NO,PAYMENT_PROD_TYPE,FUND_UTIL_TYPE,MAKER_ID,MAKER_DATE,AUTHORISER_ID,AUTHORISED_DATE,SEQNO,CORR_FEE_ACC_NO,BRANCH_NO,COMPANY_NAME,CORP_FEE_BRANCH_NO,SETTL_ACC_CURR,CORR_ACC_CURR,ORIGINATOR_ID,PRODUCT_CLASSIFICATION,ORIGINATOR_CURR,ACCOUNT_USAGE,DEFAULT_ACCOUNT,CHQ_STOCK_TYPE,ABA_ROUTING_NO,EXTERNAL_ACC_TYPE,INSTITUTION_NUMBER,EXTERNAL_ACCOUNT) values (10203003,'1020301','CHK',null,'BCCMKR1',to_date('12-02-21','DD-MM-RR'),'BCCCKR1',to_date('12-02-21','DD-MM-RR'),52,null,'00412','BBD Automation NL Client 3',null,'CAD',null,null,null,null,null,null,'CAD Cheques',null,null,null,'No');
Insert into GTB_CUST_ACCOUNT_PREF (COMPANY_ID,ACCOUNT_NO,PAYMENT_PROD_TYPE,FUND_UTIL_TYPE,MAKER_ID,MAKER_DATE,AUTHORISER_ID,AUTHORISED_DATE,SEQNO,CORR_FEE_ACC_NO,BRANCH_NO,COMPANY_NAME,CORP_FEE_BRANCH_NO,SETTL_ACC_CURR,CORR_ACC_CURR,ORIGINATOR_ID,PRODUCT_CLASSIFICATION,ORIGINATOR_CURR,ACCOUNT_USAGE,DEFAULT_ACCOUNT,CHQ_STOCK_TYPE,ABA_ROUTING_NO,EXTERNAL_ACC_TYPE,INSTITUTION_NUMBER,EXTERNAL_ACCOUNT) values (10203003,'1020301','EFT','A','BCCMKR1',to_date('12-02-21','DD-MM-RR'),'BCCCKR1',to_date('12-02-21','DD-MM-RR'),56,null,'00412','BBD Automation NL Client 3',null,'CAD',null,'1020303001','CREDIT','CAD','RETURN','Y',null,null,null,null,'No');
Insert into GTB_CUST_ACCOUNT_PREF (COMPANY_ID,ACCOUNT_NO,PAYMENT_PROD_TYPE,FUND_UTIL_TYPE,MAKER_ID,MAKER_DATE,AUTHORISER_ID,AUTHORISED_DATE,SEQNO,CORR_FEE_ACC_NO,BRANCH_NO,COMPANY_NAME,CORP_FEE_BRANCH_NO,SETTL_ACC_CURR,CORR_ACC_CURR,ORIGINATOR_ID,PRODUCT_CLASSIFICATION,ORIGINATOR_CURR,ACCOUNT_USAGE,DEFAULT_ACCOUNT,CHQ_STOCK_TYPE,ABA_ROUTING_NO,EXTERNAL_ACC_TYPE,INSTITUTION_NUMBER,EXTERNAL_ACCOUNT) values (10203003,'1020301','EFT','A','BCCMKR1',to_date('12-02-21','DD-MM-RR'),'BCCCKR1',to_date('12-02-21','DD-MM-RR'),55,null,'00412','BBD Automation NL Client 3',null,'CAD',null,'1020303001','CREDIT','CAD','SETTLEMENT','Y',null,null,null,null,'No');
Insert into GTB_CUST_ACCOUNT_PREF (COMPANY_ID,ACCOUNT_NO,PAYMENT_PROD_TYPE,FUND_UTIL_TYPE,MAKER_ID,MAKER_DATE,AUTHORISER_ID,AUTHORISED_DATE,SEQNO,CORR_FEE_ACC_NO,BRANCH_NO,COMPANY_NAME,CORP_FEE_BRANCH_NO,SETTL_ACC_CURR,CORR_ACC_CURR,ORIGINATOR_ID,PRODUCT_CLASSIFICATION,ORIGINATOR_CURR,ACCOUNT_USAGE,DEFAULT_ACCOUNT,CHQ_STOCK_TYPE,ABA_ROUTING_NO,EXTERNAL_ACC_TYPE,INSTITUTION_NUMBER,EXTERNAL_ACCOUNT) values (10203003,'1020301','EMT','A','BCCMKR1',to_date('12-02-21','DD-MM-RR'),'BCCCKR1',to_date('12-02-21','DD-MM-RR'),47,null,'00412','BBD Automation NL Client 3',null,'CAD',null,null,null,null,null,null,null,null,null,null,'No');
Insert into GTB_CUST_ACCOUNT_PREF (COMPANY_ID,ACCOUNT_NO,PAYMENT_PROD_TYPE,FUND_UTIL_TYPE,MAKER_ID,MAKER_DATE,AUTHORISER_ID,AUTHORISED_DATE,SEQNO,CORR_FEE_ACC_NO,BRANCH_NO,COMPANY_NAME,CORP_FEE_BRANCH_NO,SETTL_ACC_CURR,CORR_ACC_CURR,ORIGINATOR_ID,PRODUCT_CLASSIFICATION,ORIGINATOR_CURR,ACCOUNT_USAGE,DEFAULT_ACCOUNT,CHQ_STOCK_TYPE,ABA_ROUTING_NO,EXTERNAL_ACC_TYPE,INSTITUTION_NUMBER,EXTERNAL_ACCOUNT) values (10203003,'1020302','ACH','L','BCCMKR1',to_date('12-02-21','DD-MM-RR'),'BCCCKR1',to_date('12-02-21','DD-MM-RR'),70,null,'00412','BBD Automation NL Client 3',null,'USD',null,'1020303002','CREDIT','USD','RETURN','Y',null,null,null,null,'No');
Insert into GTB_CUST_ACCOUNT_PREF (COMPANY_ID,ACCOUNT_NO,PAYMENT_PROD_TYPE,FUND_UTIL_TYPE,MAKER_ID,MAKER_DATE,AUTHORISER_ID,AUTHORISED_DATE,SEQNO,CORR_FEE_ACC_NO,BRANCH_NO,COMPANY_NAME,CORP_FEE_BRANCH_NO,SETTL_ACC_CURR,CORR_ACC_CURR,ORIGINATOR_ID,PRODUCT_CLASSIFICATION,ORIGINATOR_CURR,ACCOUNT_USAGE,DEFAULT_ACCOUNT,CHQ_STOCK_TYPE,ABA_ROUTING_NO,EXTERNAL_ACC_TYPE,INSTITUTION_NUMBER,EXTERNAL_ACCOUNT) values (10203003,'1020302','ACH','L','BCCMKR1',to_date('12-02-21','DD-MM-RR'),'BCCCKR1',to_date('12-02-21','DD-MM-RR'),69,null,'00412','BBD Automation NL Client 3',null,'USD',null,'1020303002','CREDIT','USD','SETTLEMENT','Y',null,null,null,null,'No');
Insert into GTB_CUST_ACCOUNT_PREF (COMPANY_ID,ACCOUNT_NO,PAYMENT_PROD_TYPE,FUND_UTIL_TYPE,MAKER_ID,MAKER_DATE,AUTHORISER_ID,AUTHORISED_DATE,SEQNO,CORR_FEE_ACC_NO,BRANCH_NO,COMPANY_NAME,CORP_FEE_BRANCH_NO,SETTL_ACC_CURR,CORR_ACC_CURR,ORIGINATOR_ID,PRODUCT_CLASSIFICATION,ORIGINATOR_CURR,ACCOUNT_USAGE,DEFAULT_ACCOUNT,CHQ_STOCK_TYPE,ABA_ROUTING_NO,EXTERNAL_ACC_TYPE,INSTITUTION_NUMBER,EXTERNAL_ACCOUNT) values (10203003,'1020302','CTR','L','BCCMKR1',to_date('12-02-21','DD-MM-RR'),'BCCCKR1',to_date('12-02-21','DD-MM-RR'),44,null,'00412','BBD Automation NL Client 3',null,'USD',null,null,null,null,null,null,null,null,null,null,'No');
Insert into GTB_CUST_ACCOUNT_PREF (COMPANY_ID,ACCOUNT_NO,PAYMENT_PROD_TYPE,FUND_UTIL_TYPE,MAKER_ID,MAKER_DATE,AUTHORISER_ID,AUTHORISED_DATE,SEQNO,CORR_FEE_ACC_NO,BRANCH_NO,COMPANY_NAME,CORP_FEE_BRANCH_NO,SETTL_ACC_CURR,CORR_ACC_CURR,ORIGINATOR_ID,PRODUCT_CLASSIFICATION,ORIGINATOR_CURR,ACCOUNT_USAGE,DEFAULT_ACCOUNT,CHQ_STOCK_TYPE,ABA_ROUTING_NO,EXTERNAL_ACC_TYPE,INSTITUTION_NUMBER,EXTERNAL_ACCOUNT) values (10203003,'1020302','Wires','L','BCCMKR1',to_date('12-02-21','DD-MM-RR'),'BCCCKR1',to_date('12-02-21','DD-MM-RR'),40,null,'00412','BBD Automation NL Client 3',null,'USD',null,null,null,null,null,null,null,null,null,null,'No');
Insert into GTB_CUST_ACCOUNT_PREF (COMPANY_ID,ACCOUNT_NO,PAYMENT_PROD_TYPE,FUND_UTIL_TYPE,MAKER_ID,MAKER_DATE,AUTHORISER_ID,AUTHORISED_DATE,SEQNO,CORR_FEE_ACC_NO,BRANCH_NO,COMPANY_NAME,CORP_FEE_BRANCH_NO,SETTL_ACC_CURR,CORR_ACC_CURR,ORIGINATOR_ID,PRODUCT_CLASSIFICATION,ORIGINATOR_CURR,ACCOUNT_USAGE,DEFAULT_ACCOUNT,CHQ_STOCK_TYPE,ABA_ROUTING_NO,EXTERNAL_ACC_TYPE,INSTITUTION_NUMBER,EXTERNAL_ACCOUNT) values (10203003,'1020303','EFT','L','BCCMKR1',to_date('12-02-21','DD-MM-RR'),'BCCCKR1',to_date('12-02-21','DD-MM-RR'),58,null,'00412','BBD Automation NL Client 3',null,'CAD',null,'1020303003','CREDIT','CAD','RETURN','Y',null,null,null,null,'No');
Insert into GTB_CUST_ACCOUNT_PREF (COMPANY_ID,ACCOUNT_NO,PAYMENT_PROD_TYPE,FUND_UTIL_TYPE,MAKER_ID,MAKER_DATE,AUTHORISER_ID,AUTHORISED_DATE,SEQNO,CORR_FEE_ACC_NO,BRANCH_NO,COMPANY_NAME,CORP_FEE_BRANCH_NO,SETTL_ACC_CURR,CORR_ACC_CURR,ORIGINATOR_ID,PRODUCT_CLASSIFICATION,ORIGINATOR_CURR,ACCOUNT_USAGE,DEFAULT_ACCOUNT,CHQ_STOCK_TYPE,ABA_ROUTING_NO,EXTERNAL_ACC_TYPE,INSTITUTION_NUMBER,EXTERNAL_ACCOUNT) values (10203003,'1020303','EFT','L','BCCMKR1',to_date('12-02-21','DD-MM-RR'),'BCCCKR1',to_date('12-02-21','DD-MM-RR'),57,null,'00412','BBD Automation NL Client 3',null,'CAD',null,'1020303003','CREDIT','CAD','SETTLEMENT','Y',null,null,null,null,'No');
Insert into GTB_CUST_ACCOUNT_PREF (COMPANY_ID,ACCOUNT_NO,PAYMENT_PROD_TYPE,FUND_UTIL_TYPE,MAKER_ID,MAKER_DATE,AUTHORISER_ID,AUTHORISED_DATE,SEQNO,CORR_FEE_ACC_NO,BRANCH_NO,COMPANY_NAME,CORP_FEE_BRANCH_NO,SETTL_ACC_CURR,CORR_ACC_CURR,ORIGINATOR_ID,PRODUCT_CLASSIFICATION,ORIGINATOR_CURR,ACCOUNT_USAGE,DEFAULT_ACCOUNT,CHQ_STOCK_TYPE,ABA_ROUTING_NO,EXTERNAL_ACC_TYPE,INSTITUTION_NUMBER,EXTERNAL_ACCOUNT) values (10203003,'1020303','EMT','L','BCCMKR1',to_date('12-02-21','DD-MM-RR'),'BCCCKR1',to_date('12-02-21','DD-MM-RR'),48,null,'00412','BBD Automation NL Client 3',null,'CAD',null,null,null,null,null,null,null,null,null,null,'No');
Insert into GTB_CUST_ACCOUNT_PREF (COMPANY_ID,ACCOUNT_NO,PAYMENT_PROD_TYPE,FUND_UTIL_TYPE,MAKER_ID,MAKER_DATE,AUTHORISER_ID,AUTHORISED_DATE,SEQNO,CORR_FEE_ACC_NO,BRANCH_NO,COMPANY_NAME,CORP_FEE_BRANCH_NO,SETTL_ACC_CURR,CORR_ACC_CURR,ORIGINATOR_ID,PRODUCT_CLASSIFICATION,ORIGINATOR_CURR,ACCOUNT_USAGE,DEFAULT_ACCOUNT,CHQ_STOCK_TYPE,ABA_ROUTING_NO,EXTERNAL_ACC_TYPE,INSTITUTION_NUMBER,EXTERNAL_ACCOUNT) values (10203003,'1020304','CHK',null,'BCCMKR1',to_date('12-02-21','DD-MM-RR'),'BCCCKR1',to_date('12-02-21','DD-MM-RR'),53,null,'00412','BBD Automation NL Client 3',null,'CAD',null,null,null,null,null,null,'CAD Cheques',null,null,null,'No');
Insert into GTB_CUST_ACCOUNT_PREF (COMPANY_ID,ACCOUNT_NO,PAYMENT_PROD_TYPE,FUND_UTIL_TYPE,MAKER_ID,MAKER_DATE,AUTHORISER_ID,AUTHORISED_DATE,SEQNO,CORR_FEE_ACC_NO,BRANCH_NO,COMPANY_NAME,CORP_FEE_BRANCH_NO,SETTL_ACC_CURR,CORR_ACC_CURR,ORIGINATOR_ID,PRODUCT_CLASSIFICATION,ORIGINATOR_CURR,ACCOUNT_USAGE,DEFAULT_ACCOUNT,CHQ_STOCK_TYPE,ABA_ROUTING_NO,EXTERNAL_ACC_TYPE,INSTITUTION_NUMBER,EXTERNAL_ACCOUNT) values (10203003,'1020304','EFT','A','BCCMKR1',to_date('12-02-21','DD-MM-RR'),'BCCCKR1',to_date('12-02-21','DD-MM-RR'),59,null,'00412','BBD Automation NL Client 3',null,'CAD',null,'1020303004','CREDIT','CAD','SETTLEMENT','Y',null,null,null,null,'No');
Insert into GTB_CUST_ACCOUNT_PREF (COMPANY_ID,ACCOUNT_NO,PAYMENT_PROD_TYPE,FUND_UTIL_TYPE,MAKER_ID,MAKER_DATE,AUTHORISER_ID,AUTHORISED_DATE,SEQNO,CORR_FEE_ACC_NO,BRANCH_NO,COMPANY_NAME,CORP_FEE_BRANCH_NO,SETTL_ACC_CURR,CORR_ACC_CURR,ORIGINATOR_ID,PRODUCT_CLASSIFICATION,ORIGINATOR_CURR,ACCOUNT_USAGE,DEFAULT_ACCOUNT,CHQ_STOCK_TYPE,ABA_ROUTING_NO,EXTERNAL_ACC_TYPE,INSTITUTION_NUMBER,EXTERNAL_ACCOUNT) values (10203003,'1020304','EFT','A','BCCMKR1',to_date('12-02-21','DD-MM-RR'),'BCCCKR1',to_date('12-02-21','DD-MM-RR'),60,null,'00412','BBD Automation NL Client 3',null,'CAD',null,'1020303004','CREDIT','CAD','RETURN','Y',null,null,null,null,'No');
Insert into GTB_CUST_ACCOUNT_PREF (COMPANY_ID,ACCOUNT_NO,PAYMENT_PROD_TYPE,FUND_UTIL_TYPE,MAKER_ID,MAKER_DATE,AUTHORISER_ID,AUTHORISED_DATE,SEQNO,CORR_FEE_ACC_NO,BRANCH_NO,COMPANY_NAME,CORP_FEE_BRANCH_NO,SETTL_ACC_CURR,CORR_ACC_CURR,ORIGINATOR_ID,PRODUCT_CLASSIFICATION,ORIGINATOR_CURR,ACCOUNT_USAGE,DEFAULT_ACCOUNT,CHQ_STOCK_TYPE,ABA_ROUTING_NO,EXTERNAL_ACC_TYPE,INSTITUTION_NUMBER,EXTERNAL_ACCOUNT) values (10203003,'1020304','EMT','A','BCCMKR1',to_date('12-02-21','DD-MM-RR'),'BCCCKR1',to_date('12-02-21','DD-MM-RR'),49,null,'00412','BBD Automation NL Client 3',null,'CAD',null,null,null,null,null,null,null,null,null,null,'No');
Insert into GTB_CUST_ACCOUNT_PREF (COMPANY_ID,ACCOUNT_NO,PAYMENT_PROD_TYPE,FUND_UTIL_TYPE,MAKER_ID,MAKER_DATE,AUTHORISER_ID,AUTHORISED_DATE,SEQNO,CORR_FEE_ACC_NO,BRANCH_NO,COMPANY_NAME,CORP_FEE_BRANCH_NO,SETTL_ACC_CURR,CORR_ACC_CURR,ORIGINATOR_ID,PRODUCT_CLASSIFICATION,ORIGINATOR_CURR,ACCOUNT_USAGE,DEFAULT_ACCOUNT,CHQ_STOCK_TYPE,ABA_ROUTING_NO,EXTERNAL_ACC_TYPE,INSTITUTION_NUMBER,EXTERNAL_ACCOUNT) values (10203003,'1020305','ACH','L','BCCMKR1',to_date('12-02-21','DD-MM-RR'),'BCCCKR1',to_date('12-02-21','DD-MM-RR'),72,null,'00412','BBD Automation NL Client 3',null,'USD',null,'1020303005','CREDIT','USD','RETURN','Y',null,null,null,null,'No');
Insert into GTB_CUST_ACCOUNT_PREF (COMPANY_ID,ACCOUNT_NO,PAYMENT_PROD_TYPE,FUND_UTIL_TYPE,MAKER_ID,MAKER_DATE,AUTHORISER_ID,AUTHORISED_DATE,SEQNO,CORR_FEE_ACC_NO,BRANCH_NO,COMPANY_NAME,CORP_FEE_BRANCH_NO,SETTL_ACC_CURR,CORR_ACC_CURR,ORIGINATOR_ID,PRODUCT_CLASSIFICATION,ORIGINATOR_CURR,ACCOUNT_USAGE,DEFAULT_ACCOUNT,CHQ_STOCK_TYPE,ABA_ROUTING_NO,EXTERNAL_ACC_TYPE,INSTITUTION_NUMBER,EXTERNAL_ACCOUNT) values (10203003,'1020305','ACH','L','BCCMKR1',to_date('12-02-21','DD-MM-RR'),'BCCCKR1',to_date('12-02-21','DD-MM-RR'),71,null,'00412','BBD Automation NL Client 3',null,'USD',null,'1020303005','CREDIT','USD','SETTLEMENT','Y',null,null,null,null,'No');
Insert into GTB_CUST_ACCOUNT_PREF (COMPANY_ID,ACCOUNT_NO,PAYMENT_PROD_TYPE,FUND_UTIL_TYPE,MAKER_ID,MAKER_DATE,AUTHORISER_ID,AUTHORISED_DATE,SEQNO,CORR_FEE_ACC_NO,BRANCH_NO,COMPANY_NAME,CORP_FEE_BRANCH_NO,SETTL_ACC_CURR,CORR_ACC_CURR,ORIGINATOR_ID,PRODUCT_CLASSIFICATION,ORIGINATOR_CURR,ACCOUNT_USAGE,DEFAULT_ACCOUNT,CHQ_STOCK_TYPE,ABA_ROUTING_NO,EXTERNAL_ACC_TYPE,INSTITUTION_NUMBER,EXTERNAL_ACCOUNT) values (10203003,'1020305','CTR','L','BCCMKR1',to_date('12-02-21','DD-MM-RR'),'BCCCKR1',to_date('12-02-21','DD-MM-RR'),45,null,'00412','BBD Automation NL Client 3',null,'USD',null,null,null,null,null,null,null,null,null,null,'No');
Insert into GTB_CUST_ACCOUNT_PREF (COMPANY_ID,ACCOUNT_NO,PAYMENT_PROD_TYPE,FUND_UTIL_TYPE,MAKER_ID,MAKER_DATE,AUTHORISER_ID,AUTHORISED_DATE,SEQNO,CORR_FEE_ACC_NO,BRANCH_NO,COMPANY_NAME,CORP_FEE_BRANCH_NO,SETTL_ACC_CURR,CORR_ACC_CURR,ORIGINATOR_ID,PRODUCT_CLASSIFICATION,ORIGINATOR_CURR,ACCOUNT_USAGE,DEFAULT_ACCOUNT,CHQ_STOCK_TYPE,ABA_ROUTING_NO,EXTERNAL_ACC_TYPE,INSTITUTION_NUMBER,EXTERNAL_ACCOUNT) values (10203003,'1020305','Wires','L','BCCMKR1',to_date('12-02-21','DD-MM-RR'),'BCCCKR1',to_date('12-02-21','DD-MM-RR'),41,null,'00412','BBD Automation NL Client 3',null,'USD',null,null,null,null,null,null,null,null,null,null,'No');
Insert into GTB_CUST_ACCOUNT_PREF (COMPANY_ID,ACCOUNT_NO,PAYMENT_PROD_TYPE,FUND_UTIL_TYPE,MAKER_ID,MAKER_DATE,AUTHORISER_ID,AUTHORISED_DATE,SEQNO,CORR_FEE_ACC_NO,BRANCH_NO,COMPANY_NAME,CORP_FEE_BRANCH_NO,SETTL_ACC_CURR,CORR_ACC_CURR,ORIGINATOR_ID,PRODUCT_CLASSIFICATION,ORIGINATOR_CURR,ACCOUNT_USAGE,DEFAULT_ACCOUNT,CHQ_STOCK_TYPE,ABA_ROUTING_NO,EXTERNAL_ACC_TYPE,INSTITUTION_NUMBER,EXTERNAL_ACCOUNT) values (10203003,'1020306','EFT','L','BCCMKR1',to_date('12-02-21','DD-MM-RR'),'BCCCKR1',to_date('12-02-21','DD-MM-RR'),62,null,'00412','BBD Automation NL Client 3',null,'CAD',null,'1020303006','CREDIT','CAD','RETURN','Y',null,null,null,null,'No');
Insert into GTB_CUST_ACCOUNT_PREF (COMPANY_ID,ACCOUNT_NO,PAYMENT_PROD_TYPE,FUND_UTIL_TYPE,MAKER_ID,MAKER_DATE,AUTHORISER_ID,AUTHORISED_DATE,SEQNO,CORR_FEE_ACC_NO,BRANCH_NO,COMPANY_NAME,CORP_FEE_BRANCH_NO,SETTL_ACC_CURR,CORR_ACC_CURR,ORIGINATOR_ID,PRODUCT_CLASSIFICATION,ORIGINATOR_CURR,ACCOUNT_USAGE,DEFAULT_ACCOUNT,CHQ_STOCK_TYPE,ABA_ROUTING_NO,EXTERNAL_ACC_TYPE,INSTITUTION_NUMBER,EXTERNAL_ACCOUNT) values (10203003,'1020306','EFT','L','BCCMKR1',to_date('12-02-21','DD-MM-RR'),'BCCCKR1',to_date('12-02-21','DD-MM-RR'),61,null,'00412','BBD Automation NL Client 3',null,'CAD',null,'1020303006','CREDIT','CAD','SETTLEMENT','Y',null,null,null,null,'No');
Insert into GTB_CUST_ACCOUNT_PREF (COMPANY_ID,ACCOUNT_NO,PAYMENT_PROD_TYPE,FUND_UTIL_TYPE,MAKER_ID,MAKER_DATE,AUTHORISER_ID,AUTHORISED_DATE,SEQNO,CORR_FEE_ACC_NO,BRANCH_NO,COMPANY_NAME,CORP_FEE_BRANCH_NO,SETTL_ACC_CURR,CORR_ACC_CURR,ORIGINATOR_ID,PRODUCT_CLASSIFICATION,ORIGINATOR_CURR,ACCOUNT_USAGE,DEFAULT_ACCOUNT,CHQ_STOCK_TYPE,ABA_ROUTING_NO,EXTERNAL_ACC_TYPE,INSTITUTION_NUMBER,EXTERNAL_ACCOUNT) values (10203003,'1020306','EMT','L','BCCMKR1',to_date('12-02-21','DD-MM-RR'),'BCCCKR1',to_date('12-02-21','DD-MM-RR'),50,null,'00412','BBD Automation NL Client 3',null,'CAD',null,null,null,null,null,null,null,null,null,null,'No');
Insert into GTB_CUST_ACCOUNT_PREF (COMPANY_ID,ACCOUNT_NO,PAYMENT_PROD_TYPE,FUND_UTIL_TYPE,MAKER_ID,MAKER_DATE,AUTHORISER_ID,AUTHORISED_DATE,SEQNO,CORR_FEE_ACC_NO,BRANCH_NO,COMPANY_NAME,CORP_FEE_BRANCH_NO,SETTL_ACC_CURR,CORR_ACC_CURR,ORIGINATOR_ID,PRODUCT_CLASSIFICATION,ORIGINATOR_CURR,ACCOUNT_USAGE,DEFAULT_ACCOUNT,CHQ_STOCK_TYPE,ABA_ROUTING_NO,EXTERNAL_ACC_TYPE,INSTITUTION_NUMBER,EXTERNAL_ACCOUNT) values (10203003,'1020307','CHK',null,'BCCMKR1',to_date('12-02-21','DD-MM-RR'),'BCCCKR1',to_date('12-02-21','DD-MM-RR'),54,null,'00412','BBD Automation NL Client 3',null,'CAD',null,null,null,null,null,null,'CAD Cheques',null,null,null,'No');
Insert into GTB_CUST_ACCOUNT_PREF (COMPANY_ID,ACCOUNT_NO,PAYMENT_PROD_TYPE,FUND_UTIL_TYPE,MAKER_ID,MAKER_DATE,AUTHORISER_ID,AUTHORISED_DATE,SEQNO,CORR_FEE_ACC_NO,BRANCH_NO,COMPANY_NAME,CORP_FEE_BRANCH_NO,SETTL_ACC_CURR,CORR_ACC_CURR,ORIGINATOR_ID,PRODUCT_CLASSIFICATION,ORIGINATOR_CURR,ACCOUNT_USAGE,DEFAULT_ACCOUNT,CHQ_STOCK_TYPE,ABA_ROUTING_NO,EXTERNAL_ACC_TYPE,INSTITUTION_NUMBER,EXTERNAL_ACCOUNT) values (10203003,'1020307','EFT','A','BCCMKR1',to_date('12-02-21','DD-MM-RR'),'BCCCKR1',to_date('12-02-21','DD-MM-RR'),64,null,'00412','BBD Automation NL Client 3',null,'CAD',null,'1020303007','CREDIT','CAD','RETURN','Y',null,null,null,null,'No');
Insert into GTB_CUST_ACCOUNT_PREF (COMPANY_ID,ACCOUNT_NO,PAYMENT_PROD_TYPE,FUND_UTIL_TYPE,MAKER_ID,MAKER_DATE,AUTHORISER_ID,AUTHORISED_DATE,SEQNO,CORR_FEE_ACC_NO,BRANCH_NO,COMPANY_NAME,CORP_FEE_BRANCH_NO,SETTL_ACC_CURR,CORR_ACC_CURR,ORIGINATOR_ID,PRODUCT_CLASSIFICATION,ORIGINATOR_CURR,ACCOUNT_USAGE,DEFAULT_ACCOUNT,CHQ_STOCK_TYPE,ABA_ROUTING_NO,EXTERNAL_ACC_TYPE,INSTITUTION_NUMBER,EXTERNAL_ACCOUNT) values (10203003,'1020307','EFT','A','BCCMKR1',to_date('12-02-21','DD-MM-RR'),'BCCCKR1',to_date('12-02-21','DD-MM-RR'),63,null,'00412','BBD Automation NL Client 3',null,'CAD',null,'1020303007','CREDIT','CAD','SETTLEMENT','Y',null,null,null,null,'No');
Insert into GTB_CUST_ACCOUNT_PREF (COMPANY_ID,ACCOUNT_NO,PAYMENT_PROD_TYPE,FUND_UTIL_TYPE,MAKER_ID,MAKER_DATE,AUTHORISER_ID,AUTHORISED_DATE,SEQNO,CORR_FEE_ACC_NO,BRANCH_NO,COMPANY_NAME,CORP_FEE_BRANCH_NO,SETTL_ACC_CURR,CORR_ACC_CURR,ORIGINATOR_ID,PRODUCT_CLASSIFICATION,ORIGINATOR_CURR,ACCOUNT_USAGE,DEFAULT_ACCOUNT,CHQ_STOCK_TYPE,ABA_ROUTING_NO,EXTERNAL_ACC_TYPE,INSTITUTION_NUMBER,EXTERNAL_ACCOUNT) values (10203003,'1020307','EMT','A','BCCMKR1',to_date('12-02-21','DD-MM-RR'),'BCCCKR1',to_date('12-02-21','DD-MM-RR'),51,null,'00412','BBD Automation NL Client 3',null,'CAD',null,null,null,null,null,null,null,null,null,null,'No');
Insert into GTB_CUST_ACCOUNT_PREF (COMPANY_ID,ACCOUNT_NO,PAYMENT_PROD_TYPE,FUND_UTIL_TYPE,MAKER_ID,MAKER_DATE,AUTHORISER_ID,AUTHORISED_DATE,SEQNO,CORR_FEE_ACC_NO,BRANCH_NO,COMPANY_NAME,CORP_FEE_BRANCH_NO,SETTL_ACC_CURR,CORR_ACC_CURR,ORIGINATOR_ID,PRODUCT_CLASSIFICATION,ORIGINATOR_CURR,ACCOUNT_USAGE,DEFAULT_ACCOUNT,CHQ_STOCK_TYPE,ABA_ROUTING_NO,EXTERNAL_ACC_TYPE,INSTITUTION_NUMBER,EXTERNAL_ACCOUNT) values (10203003,'1020308','ACH','L','BCCMKR1',to_date('12-02-21','DD-MM-RR'),'BCCCKR1',to_date('12-02-21','DD-MM-RR'),74,null,'00412','BBD Automation NL Client 3',null,'USD',null,'1020303008','CREDIT','USD','RETURN','Y',null,null,null,null,'No');
Insert into GTB_CUST_ACCOUNT_PREF (COMPANY_ID,ACCOUNT_NO,PAYMENT_PROD_TYPE,FUND_UTIL_TYPE,MAKER_ID,MAKER_DATE,AUTHORISER_ID,AUTHORISED_DATE,SEQNO,CORR_FEE_ACC_NO,BRANCH_NO,COMPANY_NAME,CORP_FEE_BRANCH_NO,SETTL_ACC_CURR,CORR_ACC_CURR,ORIGINATOR_ID,PRODUCT_CLASSIFICATION,ORIGINATOR_CURR,ACCOUNT_USAGE,DEFAULT_ACCOUNT,CHQ_STOCK_TYPE,ABA_ROUTING_NO,EXTERNAL_ACC_TYPE,INSTITUTION_NUMBER,EXTERNAL_ACCOUNT) values (10203003,'1020308','ACH','L','BCCMKR1',to_date('12-02-21','DD-MM-RR'),'BCCCKR1',to_date('12-02-21','DD-MM-RR'),73,null,'00412','BBD Automation NL Client 3',null,'USD',null,'1020303008','CREDIT','USD','SETTLEMENT','Y',null,null,null,null,'No');
Insert into GTB_CUST_ACCOUNT_PREF (COMPANY_ID,ACCOUNT_NO,PAYMENT_PROD_TYPE,FUND_UTIL_TYPE,MAKER_ID,MAKER_DATE,AUTHORISER_ID,AUTHORISED_DATE,SEQNO,CORR_FEE_ACC_NO,BRANCH_NO,COMPANY_NAME,CORP_FEE_BRANCH_NO,SETTL_ACC_CURR,CORR_ACC_CURR,ORIGINATOR_ID,PRODUCT_CLASSIFICATION,ORIGINATOR_CURR,ACCOUNT_USAGE,DEFAULT_ACCOUNT,CHQ_STOCK_TYPE,ABA_ROUTING_NO,EXTERNAL_ACC_TYPE,INSTITUTION_NUMBER,EXTERNAL_ACCOUNT) values (10203003,'1020308','CTR','L','BCCMKR1',to_date('12-02-21','DD-MM-RR'),'BCCCKR1',to_date('12-02-21','DD-MM-RR'),46,null,'00412','BBD Automation NL Client 3',null,'USD',null,null,null,null,null,null,null,null,null,null,'No');
Insert into GTB_CUST_ACCOUNT_PREF (COMPANY_ID,ACCOUNT_NO,PAYMENT_PROD_TYPE,FUND_UTIL_TYPE,MAKER_ID,MAKER_DATE,AUTHORISER_ID,AUTHORISED_DATE,SEQNO,CORR_FEE_ACC_NO,BRANCH_NO,COMPANY_NAME,CORP_FEE_BRANCH_NO,SETTL_ACC_CURR,CORR_ACC_CURR,ORIGINATOR_ID,PRODUCT_CLASSIFICATION,ORIGINATOR_CURR,ACCOUNT_USAGE,DEFAULT_ACCOUNT,CHQ_STOCK_TYPE,ABA_ROUTING_NO,EXTERNAL_ACC_TYPE,INSTITUTION_NUMBER,EXTERNAL_ACCOUNT) values (10203003,'1020308','Wires','L','BCCMKR1',to_date('12-02-21','DD-MM-RR'),'BCCCKR1',to_date('12-02-21','DD-MM-RR'),42,null,'00412','BBD Automation NL Client 3',null,'USD',null,null,null,null,null,null,null,null,null,null,'No');
Insert into GTB_CUST_ACCOUNT_PREF (COMPANY_ID,ACCOUNT_NO,PAYMENT_PROD_TYPE,FUND_UTIL_TYPE,MAKER_ID,MAKER_DATE,AUTHORISER_ID,AUTHORISED_DATE,SEQNO,CORR_FEE_ACC_NO,BRANCH_NO,COMPANY_NAME,CORP_FEE_BRANCH_NO,SETTL_ACC_CURR,CORR_ACC_CURR,ORIGINATOR_ID,PRODUCT_CLASSIFICATION,ORIGINATOR_CURR,ACCOUNT_USAGE,DEFAULT_ACCOUNT,CHQ_STOCK_TYPE,ABA_ROUTING_NO,EXTERNAL_ACC_TYPE,INSTITUTION_NUMBER,EXTERNAL_ACCOUNT) values (10203003,'1020309','EFT','L','BCCMKR1',to_date('12-02-21','DD-MM-RR'),'BCCCKR1',to_date('12-02-21','DD-MM-RR'),66,null,'00412','BBD Automation NL Client 3',null,'CAD',null,'1020303009','CREDIT','CAD','RETURN','Y',null,null,null,null,'No');
Insert into GTB_CUST_ACCOUNT_PREF (COMPANY_ID,ACCOUNT_NO,PAYMENT_PROD_TYPE,FUND_UTIL_TYPE,MAKER_ID,MAKER_DATE,AUTHORISER_ID,AUTHORISED_DATE,SEQNO,CORR_FEE_ACC_NO,BRANCH_NO,COMPANY_NAME,CORP_FEE_BRANCH_NO,SETTL_ACC_CURR,CORR_ACC_CURR,ORIGINATOR_ID,PRODUCT_CLASSIFICATION,ORIGINATOR_CURR,ACCOUNT_USAGE,DEFAULT_ACCOUNT,CHQ_STOCK_TYPE,ABA_ROUTING_NO,EXTERNAL_ACC_TYPE,INSTITUTION_NUMBER,EXTERNAL_ACCOUNT) values (10203003,'1020309','EFT','L','BCCMKR1',to_date('12-02-21','DD-MM-RR'),'BCCCKR1',to_date('12-02-21','DD-MM-RR'),65,null,'00412','BBD Automation NL Client 3',null,'CAD',null,'1020303009','CREDIT','CAD','SETTLEMENT','Y',null,null,null,null,'No');
Insert into GTB_CUST_ACCOUNT_PREF (COMPANY_ID,ACCOUNT_NO,PAYMENT_PROD_TYPE,FUND_UTIL_TYPE,MAKER_ID,MAKER_DATE,AUTHORISER_ID,AUTHORISED_DATE,SEQNO,CORR_FEE_ACC_NO,BRANCH_NO,COMPANY_NAME,CORP_FEE_BRANCH_NO,SETTL_ACC_CURR,CORR_ACC_CURR,ORIGINATOR_ID,PRODUCT_CLASSIFICATION,ORIGINATOR_CURR,ACCOUNT_USAGE,DEFAULT_ACCOUNT,CHQ_STOCK_TYPE,ABA_ROUTING_NO,EXTERNAL_ACC_TYPE,INSTITUTION_NUMBER,EXTERNAL_ACCOUNT) values (10203003,'1020310','ACH','A','BCCMKR1',to_date('12-02-21','DD-MM-RR'),'BCCCKR1',to_date('12-02-21','DD-MM-RR'),76,null,'00412','BBD Automation NL Client 3',null,'USD',null,'1020303010','CREDIT','USD','RETURN','Y',null,null,null,null,'No');
Insert into GTB_CUST_ACCOUNT_PREF (COMPANY_ID,ACCOUNT_NO,PAYMENT_PROD_TYPE,FUND_UTIL_TYPE,MAKER_ID,MAKER_DATE,AUTHORISER_ID,AUTHORISED_DATE,SEQNO,CORR_FEE_ACC_NO,BRANCH_NO,COMPANY_NAME,CORP_FEE_BRANCH_NO,SETTL_ACC_CURR,CORR_ACC_CURR,ORIGINATOR_ID,PRODUCT_CLASSIFICATION,ORIGINATOR_CURR,ACCOUNT_USAGE,DEFAULT_ACCOUNT,CHQ_STOCK_TYPE,ABA_ROUTING_NO,EXTERNAL_ACC_TYPE,INSTITUTION_NUMBER,EXTERNAL_ACCOUNT) values (10203003,'1020310','ACH','A','BCCMKR1',to_date('12-02-21','DD-MM-RR'),'BCCCKR1',to_date('12-02-21','DD-MM-RR'),75,null,'00412','BBD Automation NL Client 3',null,'USD',null,'1020303010','CREDIT','USD','SETTLEMENT','Y',null,null,null,null,'No');
Insert into GTB_CUST_ACCOUNT_PREF (COMPANY_ID,ACCOUNT_NO,PAYMENT_PROD_TYPE,FUND_UTIL_TYPE,MAKER_ID,MAKER_DATE,AUTHORISER_ID,AUTHORISED_DATE,SEQNO,CORR_FEE_ACC_NO,BRANCH_NO,COMPANY_NAME,CORP_FEE_BRANCH_NO,SETTL_ACC_CURR,CORR_ACC_CURR,ORIGINATOR_ID,PRODUCT_CLASSIFICATION,ORIGINATOR_CURR,ACCOUNT_USAGE,DEFAULT_ACCOUNT,CHQ_STOCK_TYPE,ABA_ROUTING_NO,EXTERNAL_ACC_TYPE,INSTITUTION_NUMBER,EXTERNAL_ACCOUNT) values (10203003,'1020311','EFT','A','BCCMKR1',to_date('12-02-21','DD-MM-RR'),'BCCCKR1',to_date('12-02-21','DD-MM-RR'),68,null,'00412','BBD Automation NL Client 3',null,'CAD',null,'1020303011','CREDIT','CAD','RETURN','Y',null,null,null,null,'No');
Insert into GTB_CUST_ACCOUNT_PREF (COMPANY_ID,ACCOUNT_NO,PAYMENT_PROD_TYPE,FUND_UTIL_TYPE,MAKER_ID,MAKER_DATE,AUTHORISER_ID,AUTHORISED_DATE,SEQNO,CORR_FEE_ACC_NO,BRANCH_NO,COMPANY_NAME,CORP_FEE_BRANCH_NO,SETTL_ACC_CURR,CORR_ACC_CURR,ORIGINATOR_ID,PRODUCT_CLASSIFICATION,ORIGINATOR_CURR,ACCOUNT_USAGE,DEFAULT_ACCOUNT,CHQ_STOCK_TYPE,ABA_ROUTING_NO,EXTERNAL_ACC_TYPE,INSTITUTION_NUMBER,EXTERNAL_ACCOUNT) values (10203003,'1020311','EFT','A','BCCMKR1',to_date('12-02-21','DD-MM-RR'),'BCCCKR1',to_date('12-02-21','DD-MM-RR'),67,null,'00412','BBD Automation NL Client 3',null,'CAD',null,'1020303011','CREDIT','CAD','SETTLEMENT','Y',null,null,null,null,'No');
Insert into GTB_CUST_ACCOUNT_PREF (COMPANY_ID,ACCOUNT_NO,PAYMENT_PROD_TYPE,FUND_UTIL_TYPE,MAKER_ID,MAKER_DATE,AUTHORISER_ID,AUTHORISED_DATE,SEQNO,CORR_FEE_ACC_NO,BRANCH_NO,COMPANY_NAME,CORP_FEE_BRANCH_NO,SETTL_ACC_CURR,CORR_ACC_CURR,ORIGINATOR_ID,PRODUCT_CLASSIFICATION,ORIGINATOR_CURR,ACCOUNT_USAGE,DEFAULT_ACCOUNT,CHQ_STOCK_TYPE,ABA_ROUTING_NO,EXTERNAL_ACC_TYPE,INSTITUTION_NUMBER,EXTERNAL_ACCOUNT) values (10203003,'1020312','ACH','L','BCCMKR1',to_date('12-02-21','DD-MM-RR'),'BCCCKR1',to_date('12-02-21','DD-MM-RR'),77,null,'00412','BBD Automation NL Client 3',null,'USD',null,'1020303012','CREDIT','USD','SETTLEMENT','Y',null,null,null,null,'No');
Insert into GTB_CUST_ACCOUNT_PREF (COMPANY_ID,ACCOUNT_NO,PAYMENT_PROD_TYPE,FUND_UTIL_TYPE,MAKER_ID,MAKER_DATE,AUTHORISER_ID,AUTHORISED_DATE,SEQNO,CORR_FEE_ACC_NO,BRANCH_NO,COMPANY_NAME,CORP_FEE_BRANCH_NO,SETTL_ACC_CURR,CORR_ACC_CURR,ORIGINATOR_ID,PRODUCT_CLASSIFICATION,ORIGINATOR_CURR,ACCOUNT_USAGE,DEFAULT_ACCOUNT,CHQ_STOCK_TYPE,ABA_ROUTING_NO,EXTERNAL_ACC_TYPE,INSTITUTION_NUMBER,EXTERNAL_ACCOUNT) values (10203003,'1020312','ACH','L','BCCMKR1',to_date('12-02-21','DD-MM-RR'),'BCCCKR1',to_date('12-02-21','DD-MM-RR'),78,null,'00412','BBD Automation NL Client 3',null,'USD',null,'1020303012','CREDIT','USD','RETURN','Y',null,null,null,null,'No');
Insert into GTB_CUST_ACCOUNT_PREF (COMPANY_ID,ACCOUNT_NO,PAYMENT_PROD_TYPE,FUND_UTIL_TYPE,MAKER_ID,MAKER_DATE,AUTHORISER_ID,AUTHORISED_DATE,SEQNO,CORR_FEE_ACC_NO,BRANCH_NO,COMPANY_NAME,CORP_FEE_BRANCH_NO,SETTL_ACC_CURR,CORR_ACC_CURR,ORIGINATOR_ID,PRODUCT_CLASSIFICATION,ORIGINATOR_CURR,ACCOUNT_USAGE,DEFAULT_ACCOUNT,CHQ_STOCK_TYPE,ABA_ROUTING_NO,EXTERNAL_ACC_TYPE,INSTITUTION_NUMBER,EXTERNAL_ACCOUNT) values (90807003,'9080301','EFT','L','BCCMKR1',to_date('12-02-21','DD-MM-RR'),'BCCCKR1',to_date('12-02-21','DD-MM-RR'),22,null,'00412','BBD Automation L Client 3',null,'CAD',null,'9080703001','CREDIT','CAD','RETURN','Y',null,null,null,null,'No');
Insert into GTB_CUST_ACCOUNT_PREF (COMPANY_ID,ACCOUNT_NO,PAYMENT_PROD_TYPE,FUND_UTIL_TYPE,MAKER_ID,MAKER_DATE,AUTHORISER_ID,AUTHORISED_DATE,SEQNO,CORR_FEE_ACC_NO,BRANCH_NO,COMPANY_NAME,CORP_FEE_BRANCH_NO,SETTL_ACC_CURR,CORR_ACC_CURR,ORIGINATOR_ID,PRODUCT_CLASSIFICATION,ORIGINATOR_CURR,ACCOUNT_USAGE,DEFAULT_ACCOUNT,CHQ_STOCK_TYPE,ABA_ROUTING_NO,EXTERNAL_ACC_TYPE,INSTITUTION_NUMBER,EXTERNAL_ACCOUNT) values (90807003,'9080301','EFT','L','BCCMKR1',to_date('12-02-21','DD-MM-RR'),'BCCCKR1',to_date('12-02-21','DD-MM-RR'),21,null,'00412','BBD Automation L Client 3',null,'CAD',null,'9080703001','CREDIT','CAD','SETTLEMENT','Y',null,null,null,null,'No');
Insert into GTB_CUST_ACCOUNT_PREF (COMPANY_ID,ACCOUNT_NO,PAYMENT_PROD_TYPE,FUND_UTIL_TYPE,MAKER_ID,MAKER_DATE,AUTHORISER_ID,AUTHORISED_DATE,SEQNO,CORR_FEE_ACC_NO,BRANCH_NO,COMPANY_NAME,CORP_FEE_BRANCH_NO,SETTL_ACC_CURR,CORR_ACC_CURR,ORIGINATOR_ID,PRODUCT_CLASSIFICATION,ORIGINATOR_CURR,ACCOUNT_USAGE,DEFAULT_ACCOUNT,CHQ_STOCK_TYPE,ABA_ROUTING_NO,EXTERNAL_ACC_TYPE,INSTITUTION_NUMBER,EXTERNAL_ACCOUNT) values (90807003,'9080302','ACH','L','BCCMKR1',to_date('12-02-21','DD-MM-RR'),'BCCCKR1',to_date('12-02-21','DD-MM-RR'),23,null,'00412','BBD Automation L Client 3',null,'USD',null,'9080703002','CREDIT','USD','SETTLEMENT','Y',null,null,null,null,'No');
Insert into GTB_CUST_ACCOUNT_PREF (COMPANY_ID,ACCOUNT_NO,PAYMENT_PROD_TYPE,FUND_UTIL_TYPE,MAKER_ID,MAKER_DATE,AUTHORISER_ID,AUTHORISED_DATE,SEQNO,CORR_FEE_ACC_NO,BRANCH_NO,COMPANY_NAME,CORP_FEE_BRANCH_NO,SETTL_ACC_CURR,CORR_ACC_CURR,ORIGINATOR_ID,PRODUCT_CLASSIFICATION,ORIGINATOR_CURR,ACCOUNT_USAGE,DEFAULT_ACCOUNT,CHQ_STOCK_TYPE,ABA_ROUTING_NO,EXTERNAL_ACC_TYPE,INSTITUTION_NUMBER,EXTERNAL_ACCOUNT) values (90807003,'9080302','ACH','L','BCCMKR1',to_date('12-02-21','DD-MM-RR'),'BCCCKR1',to_date('12-02-21','DD-MM-RR'),24,null,'00412','BBD Automation L Client 3',null,'USD',null,'9080703002','CREDIT','USD','RETURN','Y',null,null,null,null,'No');
Insert into GTB_CUST_ACCOUNT_PREF (COMPANY_ID,ACCOUNT_NO,PAYMENT_PROD_TYPE,FUND_UTIL_TYPE,MAKER_ID,MAKER_DATE,AUTHORISER_ID,AUTHORISED_DATE,SEQNO,CORR_FEE_ACC_NO,BRANCH_NO,COMPANY_NAME,CORP_FEE_BRANCH_NO,SETTL_ACC_CURR,CORR_ACC_CURR,ORIGINATOR_ID,PRODUCT_CLASSIFICATION,ORIGINATOR_CURR,ACCOUNT_USAGE,DEFAULT_ACCOUNT,CHQ_STOCK_TYPE,ABA_ROUTING_NO,EXTERNAL_ACC_TYPE,INSTITUTION_NUMBER,EXTERNAL_ACCOUNT) values (90807003,'9080303','ACH','L','BCCMKR1',to_date('12-02-21','DD-MM-RR'),'BCCCKR1',to_date('12-02-21','DD-MM-RR'),26,null,'00412','BBD Automation L Client 3',null,'USD',null,'9080703004','CREDIT','USD','SETTLEMENT','Y',null,null,null,null,'No');
Insert into GTB_CUST_ACCOUNT_PREF (COMPANY_ID,ACCOUNT_NO,PAYMENT_PROD_TYPE,FUND_UTIL_TYPE,MAKER_ID,MAKER_DATE,AUTHORISER_ID,AUTHORISED_DATE,SEQNO,CORR_FEE_ACC_NO,BRANCH_NO,COMPANY_NAME,CORP_FEE_BRANCH_NO,SETTL_ACC_CURR,CORR_ACC_CURR,ORIGINATOR_ID,PRODUCT_CLASSIFICATION,ORIGINATOR_CURR,ACCOUNT_USAGE,DEFAULT_ACCOUNT,CHQ_STOCK_TYPE,ABA_ROUTING_NO,EXTERNAL_ACC_TYPE,INSTITUTION_NUMBER,EXTERNAL_ACCOUNT) values (90807003,'9080303','ACH','L','BCCMKR1',to_date('12-02-21','DD-MM-RR'),'BCCCKR1',to_date('12-02-21','DD-MM-RR'),28,null,'00412','BBD Automation L Client 3',null,'USD',null,'9080703004','CREDIT','USD','RETURN','Y',null,null,null,null,'No');
Insert into GTB_CUST_ACCOUNT_PREF (COMPANY_ID,ACCOUNT_NO,PAYMENT_PROD_TYPE,FUND_UTIL_TYPE,MAKER_ID,MAKER_DATE,AUTHORISER_ID,AUTHORISED_DATE,SEQNO,CORR_FEE_ACC_NO,BRANCH_NO,COMPANY_NAME,CORP_FEE_BRANCH_NO,SETTL_ACC_CURR,CORR_ACC_CURR,ORIGINATOR_ID,PRODUCT_CLASSIFICATION,ORIGINATOR_CURR,ACCOUNT_USAGE,DEFAULT_ACCOUNT,CHQ_STOCK_TYPE,ABA_ROUTING_NO,EXTERNAL_ACC_TYPE,INSTITUTION_NUMBER,EXTERNAL_ACCOUNT) values (90807003,'9080303','EFT','L','BCCMKR1',to_date('12-02-21','DD-MM-RR'),'BCCCKR1',to_date('12-02-21','DD-MM-RR'),27,null,'00412','BBD Automation L Client 3',null,'USD',null,'9080703003','CREDIT','USD','RETURN','Y',null,null,null,null,'No');
Insert into GTB_CUST_ACCOUNT_PREF (COMPANY_ID,ACCOUNT_NO,PAYMENT_PROD_TYPE,FUND_UTIL_TYPE,MAKER_ID,MAKER_DATE,AUTHORISER_ID,AUTHORISED_DATE,SEQNO,CORR_FEE_ACC_NO,BRANCH_NO,COMPANY_NAME,CORP_FEE_BRANCH_NO,SETTL_ACC_CURR,CORR_ACC_CURR,ORIGINATOR_ID,PRODUCT_CLASSIFICATION,ORIGINATOR_CURR,ACCOUNT_USAGE,DEFAULT_ACCOUNT,CHQ_STOCK_TYPE,ABA_ROUTING_NO,EXTERNAL_ACC_TYPE,INSTITUTION_NUMBER,EXTERNAL_ACCOUNT) values (90807003,'9080303','EFT','L','BCCMKR1',to_date('12-02-21','DD-MM-RR'),'BCCCKR1',to_date('12-02-21','DD-MM-RR'),25,null,'00412','BBD Automation L Client 3',null,'USD',null,'9080703003','CREDIT','USD','SETTLEMENT','Y',null,null,null,null,'No');
Insert into GTB_CUST_ACCOUNT_PREF (COMPANY_ID,ACCOUNT_NO,PAYMENT_PROD_TYPE,FUND_UTIL_TYPE,MAKER_ID,MAKER_DATE,AUTHORISER_ID,AUTHORISED_DATE,SEQNO,CORR_FEE_ACC_NO,BRANCH_NO,COMPANY_NAME,CORP_FEE_BRANCH_NO,SETTL_ACC_CURR,CORR_ACC_CURR,ORIGINATOR_ID,PRODUCT_CLASSIFICATION,ORIGINATOR_CURR,ACCOUNT_USAGE,DEFAULT_ACCOUNT,CHQ_STOCK_TYPE,ABA_ROUTING_NO,EXTERNAL_ACC_TYPE,INSTITUTION_NUMBER,EXTERNAL_ACCOUNT) values (90807003,'9080304','EFT','L','BCCMKR1',to_date('12-02-21','DD-MM-RR'),'BCCCKR1',to_date('12-02-21','DD-MM-RR'),15,null,'00412','BBD Automation L Client 3',null,'CAD',null,'9080703005','CREDIT','CAD','SETTLEMENT','Y',null,null,null,null,'No');
Insert into GTB_CUST_ACCOUNT_PREF (COMPANY_ID,ACCOUNT_NO,PAYMENT_PROD_TYPE,FUND_UTIL_TYPE,MAKER_ID,MAKER_DATE,AUTHORISER_ID,AUTHORISED_DATE,SEQNO,CORR_FEE_ACC_NO,BRANCH_NO,COMPANY_NAME,CORP_FEE_BRANCH_NO,SETTL_ACC_CURR,CORR_ACC_CURR,ORIGINATOR_ID,PRODUCT_CLASSIFICATION,ORIGINATOR_CURR,ACCOUNT_USAGE,DEFAULT_ACCOUNT,CHQ_STOCK_TYPE,ABA_ROUTING_NO,EXTERNAL_ACC_TYPE,INSTITUTION_NUMBER,EXTERNAL_ACCOUNT) values (90807003,'9080304','EFT','L','BCCMKR1',to_date('12-02-21','DD-MM-RR'),'BCCCKR1',to_date('12-02-21','DD-MM-RR'),16,null,'00412','BBD Automation L Client 3',null,'CAD',null,'9080703005','CREDIT','CAD','RETURN','Y',null,null,null,null,'No');
Insert into GTB_CUST_ACCOUNT_PREF (COMPANY_ID,ACCOUNT_NO,PAYMENT_PROD_TYPE,FUND_UTIL_TYPE,MAKER_ID,MAKER_DATE,AUTHORISER_ID,AUTHORISED_DATE,SEQNO,CORR_FEE_ACC_NO,BRANCH_NO,COMPANY_NAME,CORP_FEE_BRANCH_NO,SETTL_ACC_CURR,CORR_ACC_CURR,ORIGINATOR_ID,PRODUCT_CLASSIFICATION,ORIGINATOR_CURR,ACCOUNT_USAGE,DEFAULT_ACCOUNT,CHQ_STOCK_TYPE,ABA_ROUTING_NO,EXTERNAL_ACC_TYPE,INSTITUTION_NUMBER,EXTERNAL_ACCOUNT) values (90807003,'9080305','ACH','L','BCCMKR1',to_date('12-02-21','DD-MM-RR'),'BCCCKR1',to_date('12-02-21','DD-MM-RR'),6,null,'00412','BBD Automation L Client 3',null,'USD',null,'9080703006','CREDIT','USD','RETURN','Y',null,null,null,null,'No');
Insert into GTB_CUST_ACCOUNT_PREF (COMPANY_ID,ACCOUNT_NO,PAYMENT_PROD_TYPE,FUND_UTIL_TYPE,MAKER_ID,MAKER_DATE,AUTHORISER_ID,AUTHORISED_DATE,SEQNO,CORR_FEE_ACC_NO,BRANCH_NO,COMPANY_NAME,CORP_FEE_BRANCH_NO,SETTL_ACC_CURR,CORR_ACC_CURR,ORIGINATOR_ID,PRODUCT_CLASSIFICATION,ORIGINATOR_CURR,ACCOUNT_USAGE,DEFAULT_ACCOUNT,CHQ_STOCK_TYPE,ABA_ROUTING_NO,EXTERNAL_ACC_TYPE,INSTITUTION_NUMBER,EXTERNAL_ACCOUNT) values (90807003,'9080305','ACH','L','BCCMKR1',to_date('12-02-21','DD-MM-RR'),'BCCCKR1',to_date('12-02-21','DD-MM-RR'),5,null,'00412','BBD Automation L Client 3',null,'USD',null,'9080703006','CREDIT','USD','SETTLEMENT','Y',null,null,null,null,'No');
Insert into GTB_CUST_ACCOUNT_PREF (COMPANY_ID,ACCOUNT_NO,PAYMENT_PROD_TYPE,FUND_UTIL_TYPE,MAKER_ID,MAKER_DATE,AUTHORISER_ID,AUTHORISED_DATE,SEQNO,CORR_FEE_ACC_NO,BRANCH_NO,COMPANY_NAME,CORP_FEE_BRANCH_NO,SETTL_ACC_CURR,CORR_ACC_CURR,ORIGINATOR_ID,PRODUCT_CLASSIFICATION,ORIGINATOR_CURR,ACCOUNT_USAGE,DEFAULT_ACCOUNT,CHQ_STOCK_TYPE,ABA_ROUTING_NO,EXTERNAL_ACC_TYPE,INSTITUTION_NUMBER,EXTERNAL_ACCOUNT) values (90807003,'9080306','ACH','L','BCCMKR1',to_date('12-02-21','DD-MM-RR'),'BCCCKR1',to_date('12-02-21','DD-MM-RR'),7,null,'00412','BBD Automation L Client 3',null,'USD',null,'9080703008','CREDIT','USD','SETTLEMENT','Y',null,null,null,null,'No');
Insert into GTB_CUST_ACCOUNT_PREF (COMPANY_ID,ACCOUNT_NO,PAYMENT_PROD_TYPE,FUND_UTIL_TYPE,MAKER_ID,MAKER_DATE,AUTHORISER_ID,AUTHORISED_DATE,SEQNO,CORR_FEE_ACC_NO,BRANCH_NO,COMPANY_NAME,CORP_FEE_BRANCH_NO,SETTL_ACC_CURR,CORR_ACC_CURR,ORIGINATOR_ID,PRODUCT_CLASSIFICATION,ORIGINATOR_CURR,ACCOUNT_USAGE,DEFAULT_ACCOUNT,CHQ_STOCK_TYPE,ABA_ROUTING_NO,EXTERNAL_ACC_TYPE,INSTITUTION_NUMBER,EXTERNAL_ACCOUNT) values (90807003,'9080306','ACH','L','BCCMKR1',to_date('12-02-21','DD-MM-RR'),'BCCCKR1',to_date('12-02-21','DD-MM-RR'),8,null,'00412','BBD Automation L Client 3',null,'USD',null,'9080703008','CREDIT','USD','RETURN','Y',null,null,null,null,'No');
Insert into GTB_CUST_ACCOUNT_PREF (COMPANY_ID,ACCOUNT_NO,PAYMENT_PROD_TYPE,FUND_UTIL_TYPE,MAKER_ID,MAKER_DATE,AUTHORISER_ID,AUTHORISED_DATE,SEQNO,CORR_FEE_ACC_NO,BRANCH_NO,COMPANY_NAME,CORP_FEE_BRANCH_NO,SETTL_ACC_CURR,CORR_ACC_CURR,ORIGINATOR_ID,PRODUCT_CLASSIFICATION,ORIGINATOR_CURR,ACCOUNT_USAGE,DEFAULT_ACCOUNT,CHQ_STOCK_TYPE,ABA_ROUTING_NO,EXTERNAL_ACC_TYPE,INSTITUTION_NUMBER,EXTERNAL_ACCOUNT) values (90807003,'9080306','EFT','L','BCCMKR1',to_date('12-02-21','DD-MM-RR'),'BCCCKR1',to_date('12-02-21','DD-MM-RR'),18,null,'00412','BBD Automation L Client 3',null,'USD',null,'9080703007','CREDIT','USD','RETURN','Y',null,null,null,null,'No');
Insert into GTB_CUST_ACCOUNT_PREF (COMPANY_ID,ACCOUNT_NO,PAYMENT_PROD_TYPE,FUND_UTIL_TYPE,MAKER_ID,MAKER_DATE,AUTHORISER_ID,AUTHORISED_DATE,SEQNO,CORR_FEE_ACC_NO,BRANCH_NO,COMPANY_NAME,CORP_FEE_BRANCH_NO,SETTL_ACC_CURR,CORR_ACC_CURR,ORIGINATOR_ID,PRODUCT_CLASSIFICATION,ORIGINATOR_CURR,ACCOUNT_USAGE,DEFAULT_ACCOUNT,CHQ_STOCK_TYPE,ABA_ROUTING_NO,EXTERNAL_ACC_TYPE,INSTITUTION_NUMBER,EXTERNAL_ACCOUNT) values (90807003,'9080306','EFT','L','BCCMKR1',to_date('12-02-21','DD-MM-RR'),'BCCCKR1',to_date('12-02-21','DD-MM-RR'),17,null,'00412','BBD Automation L Client 3',null,'USD',null,'9080703007','CREDIT','USD','SETTLEMENT','Y',null,null,null,null,'No');
Insert into GTB_CUST_ACCOUNT_PREF (COMPANY_ID,ACCOUNT_NO,PAYMENT_PROD_TYPE,FUND_UTIL_TYPE,MAKER_ID,MAKER_DATE,AUTHORISER_ID,AUTHORISED_DATE,SEQNO,CORR_FEE_ACC_NO,BRANCH_NO,COMPANY_NAME,CORP_FEE_BRANCH_NO,SETTL_ACC_CURR,CORR_ACC_CURR,ORIGINATOR_ID,PRODUCT_CLASSIFICATION,ORIGINATOR_CURR,ACCOUNT_USAGE,DEFAULT_ACCOUNT,CHQ_STOCK_TYPE,ABA_ROUTING_NO,EXTERNAL_ACC_TYPE,INSTITUTION_NUMBER,EXTERNAL_ACCOUNT) values (90807003,'9080307','EFT','L','BCCMKR1',to_date('12-02-21','DD-MM-RR'),'BCCCKR1',to_date('12-02-21','DD-MM-RR'),20,null,'00412','BBD Automation L Client 3',null,'CAD',null,'9080703009','CREDIT','CAD','RETURN','Y',null,null,null,null,'No');
Insert into GTB_CUST_ACCOUNT_PREF (COMPANY_ID,ACCOUNT_NO,PAYMENT_PROD_TYPE,FUND_UTIL_TYPE,MAKER_ID,MAKER_DATE,AUTHORISER_ID,AUTHORISED_DATE,SEQNO,CORR_FEE_ACC_NO,BRANCH_NO,COMPANY_NAME,CORP_FEE_BRANCH_NO,SETTL_ACC_CURR,CORR_ACC_CURR,ORIGINATOR_ID,PRODUCT_CLASSIFICATION,ORIGINATOR_CURR,ACCOUNT_USAGE,DEFAULT_ACCOUNT,CHQ_STOCK_TYPE,ABA_ROUTING_NO,EXTERNAL_ACC_TYPE,INSTITUTION_NUMBER,EXTERNAL_ACCOUNT) values (90807003,'9080307','EFT','L','BCCMKR1',to_date('12-02-21','DD-MM-RR'),'BCCCKR1',to_date('12-02-21','DD-MM-RR'),19,null,'00412','BBD Automation L Client 3',null,'CAD',null,'9080703009','CREDIT','CAD','SETTLEMENT','Y',null,null,null,null,'No');
Insert into GTB_CUST_ACCOUNT_PREF (COMPANY_ID,ACCOUNT_NO,PAYMENT_PROD_TYPE,FUND_UTIL_TYPE,MAKER_ID,MAKER_DATE,AUTHORISER_ID,AUTHORISED_DATE,SEQNO,CORR_FEE_ACC_NO,BRANCH_NO,COMPANY_NAME,CORP_FEE_BRANCH_NO,SETTL_ACC_CURR,CORR_ACC_CURR,ORIGINATOR_ID,PRODUCT_CLASSIFICATION,ORIGINATOR_CURR,ACCOUNT_USAGE,DEFAULT_ACCOUNT,CHQ_STOCK_TYPE,ABA_ROUTING_NO,EXTERNAL_ACC_TYPE,INSTITUTION_NUMBER,EXTERNAL_ACCOUNT) values (90807003,'9080308','ACH','L','BCCMKR1',to_date('12-02-21','DD-MM-RR'),'BCCCKR1',to_date('12-02-21','DD-MM-RR'),10,null,'00412','BBD Automation L Client 3',null,'USD',null,'9080703010','CREDIT','USD','RETURN','Y',null,null,null,null,'No');
Insert into GTB_CUST_ACCOUNT_PREF (COMPANY_ID,ACCOUNT_NO,PAYMENT_PROD_TYPE,FUND_UTIL_TYPE,MAKER_ID,MAKER_DATE,AUTHORISER_ID,AUTHORISED_DATE,SEQNO,CORR_FEE_ACC_NO,BRANCH_NO,COMPANY_NAME,CORP_FEE_BRANCH_NO,SETTL_ACC_CURR,CORR_ACC_CURR,ORIGINATOR_ID,PRODUCT_CLASSIFICATION,ORIGINATOR_CURR,ACCOUNT_USAGE,DEFAULT_ACCOUNT,CHQ_STOCK_TYPE,ABA_ROUTING_NO,EXTERNAL_ACC_TYPE,INSTITUTION_NUMBER,EXTERNAL_ACCOUNT) values (90807003,'9080308','ACH','L','BCCMKR1',to_date('12-02-21','DD-MM-RR'),'BCCCKR1',to_date('12-02-21','DD-MM-RR'),9,null,'00412','BBD Automation L Client 3',null,'USD',null,'9080703010','CREDIT','USD','SETTLEMENT','Y',null,null,null,null,'No');
Insert into GTB_CUST_ACCOUNT_PREF (COMPANY_ID,ACCOUNT_NO,PAYMENT_PROD_TYPE,FUND_UTIL_TYPE,MAKER_ID,MAKER_DATE,AUTHORISER_ID,AUTHORISED_DATE,SEQNO,CORR_FEE_ACC_NO,BRANCH_NO,COMPANY_NAME,CORP_FEE_BRANCH_NO,SETTL_ACC_CURR,CORR_ACC_CURR,ORIGINATOR_ID,PRODUCT_CLASSIFICATION,ORIGINATOR_CURR,ACCOUNT_USAGE,DEFAULT_ACCOUNT,CHQ_STOCK_TYPE,ABA_ROUTING_NO,EXTERNAL_ACC_TYPE,INSTITUTION_NUMBER,EXTERNAL_ACCOUNT) values (10203004,'1020401','Wires','L','BCCMKR1',to_date('27-12-20','DD-MM-RR'),'BCCCKR1',to_date('27-12-20','DD-MM-RR'),1,null,'00412','BBD Automation NL Client 4',null,'CAD',null,null,null,null,null,null,null,null,null,null,'No');
Insert into GTB_CUST_ACCOUNT_PREF (COMPANY_ID,ACCOUNT_NO,PAYMENT_PROD_TYPE,FUND_UTIL_TYPE,MAKER_ID,MAKER_DATE,AUTHORISER_ID,AUTHORISED_DATE,SEQNO,CORR_FEE_ACC_NO,BRANCH_NO,COMPANY_NAME,CORP_FEE_BRANCH_NO,SETTL_ACC_CURR,CORR_ACC_CURR,ORIGINATOR_ID,PRODUCT_CLASSIFICATION,ORIGINATOR_CURR,ACCOUNT_USAGE,DEFAULT_ACCOUNT,CHQ_STOCK_TYPE,ABA_ROUTING_NO,EXTERNAL_ACC_TYPE,INSTITUTION_NUMBER,EXTERNAL_ACCOUNT) values (10203004,'1020401','CHK',null,'BCCMKR1',to_date('27-12-20','DD-MM-RR'),'BCCCKR1',to_date('27-12-20','DD-MM-RR'),2,null,'00412','BBD Automation NL Client 4',null,'CAD',null,null,null,null,null,null,'CAD Cheques',null,null,null,'No');
Insert into GTB_CUST_ACCOUNT_PREF (COMPANY_ID,ACCOUNT_NO,PAYMENT_PROD_TYPE,FUND_UTIL_TYPE,MAKER_ID,MAKER_DATE,AUTHORISER_ID,AUTHORISED_DATE,SEQNO,CORR_FEE_ACC_NO,BRANCH_NO,COMPANY_NAME,CORP_FEE_BRANCH_NO,SETTL_ACC_CURR,CORR_ACC_CURR,ORIGINATOR_ID,PRODUCT_CLASSIFICATION,ORIGINATOR_CURR,ACCOUNT_USAGE,DEFAULT_ACCOUNT,CHQ_STOCK_TYPE,ABA_ROUTING_NO,EXTERNAL_ACC_TYPE,INSTITUTION_NUMBER,EXTERNAL_ACCOUNT) values (10203004,'1020401','CTR','L','BCCMKR1',to_date('27-12-20','DD-MM-RR'),'BCCCKR1',to_date('27-12-20','DD-MM-RR'),3,null,'00412','BBD Automation NL Client 4',null,'CAD',null,null,null,null,null,null,null,null,null,null,'No');
Insert into GTB_CUST_ACCOUNT_PREF (COMPANY_ID,ACCOUNT_NO,PAYMENT_PROD_TYPE,FUND_UTIL_TYPE,MAKER_ID,MAKER_DATE,AUTHORISER_ID,AUTHORISED_DATE,SEQNO,CORR_FEE_ACC_NO,BRANCH_NO,COMPANY_NAME,CORP_FEE_BRANCH_NO,SETTL_ACC_CURR,CORR_ACC_CURR,ORIGINATOR_ID,PRODUCT_CLASSIFICATION,ORIGINATOR_CURR,ACCOUNT_USAGE,DEFAULT_ACCOUNT,CHQ_STOCK_TYPE,ABA_ROUTING_NO,EXTERNAL_ACC_TYPE,INSTITUTION_NUMBER,EXTERNAL_ACCOUNT) values (10203004,'1020401','EMT','L','BCCMKR1',to_date('27-12-20','DD-MM-RR'),'BCCCKR1',to_date('27-12-20','DD-MM-RR'),4,null,'00412','BBD Automation NL Client 4',null,'CAD',null,null,null,null,null,null,null,null,null,null,'No');
Insert into GTB_CUST_ACCOUNT_PREF (COMPANY_ID,ACCOUNT_NO,PAYMENT_PROD_TYPE,FUND_UTIL_TYPE,MAKER_ID,MAKER_DATE,AUTHORISER_ID,AUTHORISED_DATE,SEQNO,CORR_FEE_ACC_NO,BRANCH_NO,COMPANY_NAME,CORP_FEE_BRANCH_NO,SETTL_ACC_CURR,CORR_ACC_CURR,ORIGINATOR_ID,PRODUCT_CLASSIFICATION,ORIGINATOR_CURR,ACCOUNT_USAGE,DEFAULT_ACCOUNT,CHQ_STOCK_TYPE,ABA_ROUTING_NO,EXTERNAL_ACC_TYPE,INSTITUTION_NUMBER,EXTERNAL_ACCOUNT) values (10203004,'1020401','EFT','A','BCCMKR1',to_date('27-12-20','DD-MM-RR'),'BCCCKR1',to_date('27-12-20','DD-MM-RR'),5,null,'00412','BBD Automation NL Client 4',null,'CAD',null,'1020304001','CREDIT','CAD','SETTLEMENT','Y',null,null,null,null,'No');
Insert into GTB_CUST_ACCOUNT_PREF (COMPANY_ID,ACCOUNT_NO,PAYMENT_PROD_TYPE,FUND_UTIL_TYPE,MAKER_ID,MAKER_DATE,AUTHORISER_ID,AUTHORISED_DATE,SEQNO,CORR_FEE_ACC_NO,BRANCH_NO,COMPANY_NAME,CORP_FEE_BRANCH_NO,SETTL_ACC_CURR,CORR_ACC_CURR,ORIGINATOR_ID,PRODUCT_CLASSIFICATION,ORIGINATOR_CURR,ACCOUNT_USAGE,DEFAULT_ACCOUNT,CHQ_STOCK_TYPE,ABA_ROUTING_NO,EXTERNAL_ACC_TYPE,INSTITUTION_NUMBER,EXTERNAL_ACCOUNT) values (10203004,'1020401','EFT','A','BCCMKR1',to_date('27-12-20','DD-MM-RR'),'BCCCKR1',to_date('27-12-20','DD-MM-RR'),6,null,'00412','BBD Automation NL Client 4',null,'CAD',null,'1020304001','CREDIT','CAD','RETURN','Y',null,null,null,null,'No');
Insert into GTB_CUST_ACCOUNT_PREF (COMPANY_ID,ACCOUNT_NO,PAYMENT_PROD_TYPE,FUND_UTIL_TYPE,MAKER_ID,MAKER_DATE,AUTHORISER_ID,AUTHORISED_DATE,SEQNO,CORR_FEE_ACC_NO,BRANCH_NO,COMPANY_NAME,CORP_FEE_BRANCH_NO,SETTL_ACC_CURR,CORR_ACC_CURR,ORIGINATOR_ID,PRODUCT_CLASSIFICATION,ORIGINATOR_CURR,ACCOUNT_USAGE,DEFAULT_ACCOUNT,CHQ_STOCK_TYPE,ABA_ROUTING_NO,EXTERNAL_ACC_TYPE,INSTITUTION_NUMBER,EXTERNAL_ACCOUNT) values (10203004,'1020402','ACH','L','BCCMKR1',to_date('27-12-20','DD-MM-RR'),'BCCCKR1',to_date('27-12-20','DD-MM-RR'),7,null,'00412','BBD Automation NL Client 4',null,'USD',null,'1020304002','CREDIT','USD','SETTLEMENT','Y',null,null,null,null,'No');
Insert into GTB_CUST_ACCOUNT_PREF (COMPANY_ID,ACCOUNT_NO,PAYMENT_PROD_TYPE,FUND_UTIL_TYPE,MAKER_ID,MAKER_DATE,AUTHORISER_ID,AUTHORISED_DATE,SEQNO,CORR_FEE_ACC_NO,BRANCH_NO,COMPANY_NAME,CORP_FEE_BRANCH_NO,SETTL_ACC_CURR,CORR_ACC_CURR,ORIGINATOR_ID,PRODUCT_CLASSIFICATION,ORIGINATOR_CURR,ACCOUNT_USAGE,DEFAULT_ACCOUNT,CHQ_STOCK_TYPE,ABA_ROUTING_NO,EXTERNAL_ACC_TYPE,INSTITUTION_NUMBER,EXTERNAL_ACCOUNT) values (10203004,'1020402','ACH','L','BCCMKR1',to_date('27-12-20','DD-MM-RR'),'BCCCKR1',to_date('27-12-20','DD-MM-RR'),8,null,'00412','BBD Automation NL Client 4',null,'USD',null,'1020304002','CREDIT','USD','RETURN','Y',null,null,null,null,'No');
Insert into GTB_CUST_ACCOUNT_PREF (COMPANY_ID,ACCOUNT_NO,PAYMENT_PROD_TYPE,FUND_UTIL_TYPE,MAKER_ID,MAKER_DATE,AUTHORISER_ID,AUTHORISED_DATE,SEQNO,CORR_FEE_ACC_NO,BRANCH_NO,COMPANY_NAME,CORP_FEE_BRANCH_NO,SETTL_ACC_CURR,CORR_ACC_CURR,ORIGINATOR_ID,PRODUCT_CLASSIFICATION,ORIGINATOR_CURR,ACCOUNT_USAGE,DEFAULT_ACCOUNT,CHQ_STOCK_TYPE,ABA_ROUTING_NO,EXTERNAL_ACC_TYPE,INSTITUTION_NUMBER,EXTERNAL_ACCOUNT) values (90807004,'9080401','EFT','L','BCCMKR1',to_date('27-12-20','DD-MM-RR'),'BCCCKR1',to_date('27-12-20','DD-MM-RR'),1,null,'00412','BBD Automation L Client 4',null,'CAD',null,'9080704001','CREDIT','CAD','SETTLEMENT','Y',null,null,null,null,'No');
Insert into GTB_CUST_ACCOUNT_PREF (COMPANY_ID,ACCOUNT_NO,PAYMENT_PROD_TYPE,FUND_UTIL_TYPE,MAKER_ID,MAKER_DATE,AUTHORISER_ID,AUTHORISED_DATE,SEQNO,CORR_FEE_ACC_NO,BRANCH_NO,COMPANY_NAME,CORP_FEE_BRANCH_NO,SETTL_ACC_CURR,CORR_ACC_CURR,ORIGINATOR_ID,PRODUCT_CLASSIFICATION,ORIGINATOR_CURR,ACCOUNT_USAGE,DEFAULT_ACCOUNT,CHQ_STOCK_TYPE,ABA_ROUTING_NO,EXTERNAL_ACC_TYPE,INSTITUTION_NUMBER,EXTERNAL_ACCOUNT) values (90807004,'9080401','EFT','L','BCCMKR1',to_date('27-12-20','DD-MM-RR'),'BCCCKR1',to_date('27-12-20','DD-MM-RR'),2,null,'00412','BBD Automation L Client 4',null,'CAD',null,'9080704001','CREDIT','CAD','RETURN','Y',null,null,null,null,'No');
Insert into GTB_CUST_ACCOUNT_PREF (COMPANY_ID,ACCOUNT_NO,PAYMENT_PROD_TYPE,FUND_UTIL_TYPE,MAKER_ID,MAKER_DATE,AUTHORISER_ID,AUTHORISED_DATE,SEQNO,CORR_FEE_ACC_NO,BRANCH_NO,COMPANY_NAME,CORP_FEE_BRANCH_NO,SETTL_ACC_CURR,CORR_ACC_CURR,ORIGINATOR_ID,PRODUCT_CLASSIFICATION,ORIGINATOR_CURR,ACCOUNT_USAGE,DEFAULT_ACCOUNT,CHQ_STOCK_TYPE,ABA_ROUTING_NO,EXTERNAL_ACC_TYPE,INSTITUTION_NUMBER,EXTERNAL_ACCOUNT) values (90807004,'9080402','ACH','L','BCCMKR1',to_date('27-12-20','DD-MM-RR'),'BCCCKR1',to_date('27-12-20','DD-MM-RR'),3,null,'00412','BBD Automation L Client 4',null,'USD',null,'9080704002','CREDIT','USD','SETTLEMENT','Y',null,null,null,null,'No');
Insert into GTB_CUST_ACCOUNT_PREF (COMPANY_ID,ACCOUNT_NO,PAYMENT_PROD_TYPE,FUND_UTIL_TYPE,MAKER_ID,MAKER_DATE,AUTHORISER_ID,AUTHORISED_DATE,SEQNO,CORR_FEE_ACC_NO,BRANCH_NO,COMPANY_NAME,CORP_FEE_BRANCH_NO,SETTL_ACC_CURR,CORR_ACC_CURR,ORIGINATOR_ID,PRODUCT_CLASSIFICATION,ORIGINATOR_CURR,ACCOUNT_USAGE,DEFAULT_ACCOUNT,CHQ_STOCK_TYPE,ABA_ROUTING_NO,EXTERNAL_ACC_TYPE,INSTITUTION_NUMBER,EXTERNAL_ACCOUNT) values (90807004,'9080402','ACH','L','BCCMKR1',to_date('27-12-20','DD-MM-RR'),'BCCCKR1',to_date('27-12-20','DD-MM-RR'),4,null,'00412','BBD Automation L Client 4',null,'USD',null,'9080704002','CREDIT','USD','RETURN','Y',null,null,null,null,'No');
commit;
-------------------------------------------------
Insert into GTB_ACC_OWNERSHIP (ACCOUNT_NO,SEQNO,BRANCH_CODE,HOLDER_NO,IS_PREF,MAKER_ID,MAKER_DATE,AUTHORISER_ID,AUTHORISED_DATE,COMPANY_ID,COMPANY_NAME,IS_ACTIVE,ECIF_REFNO) values ('1020201',0,'00412',null,null,'BBDUSER01',to_date('14-12-20','DD-MM-RR'),'BBDUSER01',to_date('14-12-20','DD-MM-RR'),10203002,'BBD Automation NL Client 2','0','1234565');
Insert into GTB_ACC_OWNERSHIP (ACCOUNT_NO,SEQNO,BRANCH_CODE,HOLDER_NO,IS_PREF,MAKER_ID,MAKER_DATE,AUTHORISER_ID,AUTHORISED_DATE,COMPANY_ID,COMPANY_NAME,IS_ACTIVE,ECIF_REFNO) values ('1020202',1,'00412',null,null,'BBDUSER01',to_date('14-12-20','DD-MM-RR'),'BBDUSER01',to_date('14-12-20','DD-MM-RR'),10203002,'BBD Automation NL Client 2','0','1244838');
Insert into GTB_ACC_OWNERSHIP (ACCOUNT_NO,SEQNO,BRANCH_CODE,HOLDER_NO,IS_PREF,MAKER_ID,MAKER_DATE,AUTHORISER_ID,AUTHORISED_DATE,COMPANY_ID,COMPANY_NAME,IS_ACTIVE,ECIF_REFNO) values ('9080201',0,'00412',null,null,'BBDUSER01',to_date('14-12-20','DD-MM-RR'),'BBDUSER01',to_date('14-12-20','DD-MM-RR'),90807002,'BBD Automation L Client 2','0','123456');
Insert into GTB_ACC_OWNERSHIP (ACCOUNT_NO,SEQNO,BRANCH_CODE,HOLDER_NO,IS_PREF,MAKER_ID,MAKER_DATE,AUTHORISER_ID,AUTHORISED_DATE,COMPANY_ID,COMPANY_NAME,IS_ACTIVE,ECIF_REFNO) values ('9080101',0,'00412',null,null,'BBDUSER01',to_date('14-12-20','DD-MM-RR'),'BBDUSER01',to_date('14-12-20','DD-MM-RR'),90807001,'BBD Automation L Client 1','0','534566');
Insert into GTB_ACC_OWNERSHIP (ACCOUNT_NO,SEQNO,BRANCH_CODE,HOLDER_NO,IS_PREF,MAKER_ID,MAKER_DATE,AUTHORISER_ID,AUTHORISED_DATE,COMPANY_ID,COMPANY_NAME,IS_ACTIVE,ECIF_REFNO) values ('9080102',1,'00412',null,null,'BBDUSER01',to_date('14-12-20','DD-MM-RR'),'BBDUSER01',to_date('14-12-20','DD-MM-RR'),90807001,'BBD Automation L Client 1','0','245675');
Insert into GTB_ACC_OWNERSHIP (ACCOUNT_NO,SEQNO,BRANCH_CODE,HOLDER_NO,IS_PREF,MAKER_ID,MAKER_DATE,AUTHORISER_ID,AUTHORISED_DATE,COMPANY_ID,COMPANY_NAME,IS_ACTIVE,ECIF_REFNO) values ('1020101',0,'00412',null,null,'BBDUSER01',to_date('14-12-20','DD-MM-RR'),'BBDUSER01',to_date('14-12-20','DD-MM-RR'),10203001,'BBD Automation NL Client 1','0','1234561');
Insert into GTB_ACC_OWNERSHIP (ACCOUNT_NO,SEQNO,BRANCH_CODE,HOLDER_NO,IS_PREF,MAKER_ID,MAKER_DATE,AUTHORISER_ID,AUTHORISED_DATE,COMPANY_ID,COMPANY_NAME,IS_ACTIVE,ECIF_REFNO) values ('1020102',1,'00412',null,null,'BBDUSER01',to_date('14-12-20','DD-MM-RR'),'BBDUSER01',to_date('14-12-20','DD-MM-RR'),10203001,'BBD Automation NL Client 1','0','1456663');
Insert into GTB_ACC_OWNERSHIP (ACCOUNT_NO,SEQNO,BRANCH_CODE,HOLDER_NO,IS_PREF,MAKER_ID,MAKER_DATE,AUTHORISER_ID,AUTHORISED_DATE,COMPANY_ID,COMPANY_NAME,IS_ACTIVE,ECIF_REFNO) values ('1020301',0,'00412',null,null,'BBDUSER01',to_date('09-02-21','DD-MM-RR'),'BBDUSER01',to_date('09-02-21','DD-MM-RR'),10203003,'BBD Automation NL Client 3','0','ECIFREF001');
Insert into GTB_ACC_OWNERSHIP (ACCOUNT_NO,SEQNO,BRANCH_CODE,HOLDER_NO,IS_PREF,MAKER_ID,MAKER_DATE,AUTHORISER_ID,AUTHORISED_DATE,COMPANY_ID,COMPANY_NAME,IS_ACTIVE,ECIF_REFNO) values ('1020302',1,'00412',null,null,'BBDUSER01',to_date('09-02-21','DD-MM-RR'),'BBDUSER01',to_date('09-02-21','DD-MM-RR'),10203003,'BBD Automation NL Client 3','0','ECIFREF001');
Insert into GTB_ACC_OWNERSHIP (ACCOUNT_NO,SEQNO,BRANCH_CODE,HOLDER_NO,IS_PREF,MAKER_ID,MAKER_DATE,AUTHORISER_ID,AUTHORISED_DATE,COMPANY_ID,COMPANY_NAME,IS_ACTIVE,ECIF_REFNO) values ('1020303',2,'00412',null,null,'BBDUSER01',to_date('09-02-21','DD-MM-RR'),'BBDUSER01',to_date('09-02-21','DD-MM-RR'),10203003,'BBD Automation NL Client 3','0','ECIFREF001');
Insert into GTB_ACC_OWNERSHIP (ACCOUNT_NO,SEQNO,BRANCH_CODE,HOLDER_NO,IS_PREF,MAKER_ID,MAKER_DATE,AUTHORISER_ID,AUTHORISED_DATE,COMPANY_ID,COMPANY_NAME,IS_ACTIVE,ECIF_REFNO) values ('1020304',3,'00412',null,null,'BBDUSER01',to_date('11-02-21','DD-MM-RR'),'BBDUSER01',to_date('11-02-21','DD-MM-RR'),10203003,'BBD Automation NL Client 3','0','ECIFREF001');
Insert into GTB_ACC_OWNERSHIP (ACCOUNT_NO,SEQNO,BRANCH_CODE,HOLDER_NO,IS_PREF,MAKER_ID,MAKER_DATE,AUTHORISER_ID,AUTHORISED_DATE,COMPANY_ID,COMPANY_NAME,IS_ACTIVE,ECIF_REFNO) values ('1020305',4,'00412',null,null,'BBDUSER01',to_date('11-02-21','DD-MM-RR'),'BBDUSER01',to_date('11-02-21','DD-MM-RR'),10203003,'BBD Automation NL Client 3','0','ECIFREF001');
Insert into GTB_ACC_OWNERSHIP (ACCOUNT_NO,SEQNO,BRANCH_CODE,HOLDER_NO,IS_PREF,MAKER_ID,MAKER_DATE,AUTHORISER_ID,AUTHORISED_DATE,COMPANY_ID,COMPANY_NAME,IS_ACTIVE,ECIF_REFNO) values ('1020306',5,'00412',null,null,'BBDUSER01',to_date('11-02-21','DD-MM-RR'),'BBDUSER01',to_date('11-02-21','DD-MM-RR'),10203003,'BBD Automation NL Client 3','0','ECIFREF001');
Insert into GTB_ACC_OWNERSHIP (ACCOUNT_NO,SEQNO,BRANCH_CODE,HOLDER_NO,IS_PREF,MAKER_ID,MAKER_DATE,AUTHORISER_ID,AUTHORISED_DATE,COMPANY_ID,COMPANY_NAME,IS_ACTIVE,ECIF_REFNO) values ('1020307',6,'00412',null,null,'BBDUSER01',to_date('27-12-20','DD-MM-RR'),'BBDUSER01',to_date('27-12-20','DD-MM-RR'),10203003,'BBD Automation NL Client 3','0','ECIFREF001');
Insert into GTB_ACC_OWNERSHIP (ACCOUNT_NO,SEQNO,BRANCH_CODE,HOLDER_NO,IS_PREF,MAKER_ID,MAKER_DATE,AUTHORISER_ID,AUTHORISED_DATE,COMPANY_ID,COMPANY_NAME,IS_ACTIVE,ECIF_REFNO) values ('1020308',7,'00412',null,null,'BBDUSER01',to_date('27-12-20','DD-MM-RR'),'BBDUSER01',to_date('27-12-20','DD-MM-RR'),10203003,'BBD Automation NL Client 3','0','ECIFREF001');
Insert into GTB_ACC_OWNERSHIP (ACCOUNT_NO,SEQNO,BRANCH_CODE,HOLDER_NO,IS_PREF,MAKER_ID,MAKER_DATE,AUTHORISER_ID,AUTHORISED_DATE,COMPANY_ID,COMPANY_NAME,IS_ACTIVE,ECIF_REFNO) values ('1020309',8,'00412',null,null,'BBDUSER01',to_date('27-12-20','DD-MM-RR'),'BBDUSER01',to_date('27-12-20','DD-MM-RR'),10203003,'BBD Automation NL Client 3','0','ECIFREF001');
Insert into GTB_ACC_OWNERSHIP (ACCOUNT_NO,SEQNO,BRANCH_CODE,HOLDER_NO,IS_PREF,MAKER_ID,MAKER_DATE,AUTHORISER_ID,AUTHORISED_DATE,COMPANY_ID,COMPANY_NAME,IS_ACTIVE,ECIF_REFNO) values ('1020310',9,'00412',null,null,'BBDUSER01',to_date('27-12-20','DD-MM-RR'),'BBDUSER01',to_date('27-12-20','DD-MM-RR'),10203003,'BBD Automation NL Client 3','0','ECIFREF001');
Insert into GTB_ACC_OWNERSHIP (ACCOUNT_NO,SEQNO,BRANCH_CODE,HOLDER_NO,IS_PREF,MAKER_ID,MAKER_DATE,AUTHORISER_ID,AUTHORISED_DATE,COMPANY_ID,COMPANY_NAME,IS_ACTIVE,ECIF_REFNO) values ('1020311',10,'00412',null,null,'BBDUSER01',to_date('27-12-20','DD-MM-RR'),'BBDUSER01',to_date('27-12-20','DD-MM-RR'),10203003,'BBD Automation NL Client 3','0','ECIFREF001');
Insert into GTB_ACC_OWNERSHIP (ACCOUNT_NO,SEQNO,BRANCH_CODE,HOLDER_NO,IS_PREF,MAKER_ID,MAKER_DATE,AUTHORISER_ID,AUTHORISED_DATE,COMPANY_ID,COMPANY_NAME,IS_ACTIVE,ECIF_REFNO) values ('1020312',11,'00412',null,null,'BBDUSER01',to_date('27-12-20','DD-MM-RR'),'BBDUSER01',to_date('27-12-20','DD-MM-RR'),10203003,'BBD Automation NL Client 3','0','ECIFREF001');
Insert into GTB_ACC_OWNERSHIP (ACCOUNT_NO,SEQNO,BRANCH_CODE,HOLDER_NO,IS_PREF,MAKER_ID,MAKER_DATE,AUTHORISER_ID,AUTHORISED_DATE,COMPANY_ID,COMPANY_NAME,IS_ACTIVE,ECIF_REFNO) values ('9080301',0,'00412',null,null,'BBDUSER01',to_date('09-02-21','DD-MM-RR'),'BBDUSER01',to_date('09-02-21','DD-MM-RR'),90807003,'BBD Automation L Client 3','0','ECIFREF001');
Insert into GTB_ACC_OWNERSHIP (ACCOUNT_NO,SEQNO,BRANCH_CODE,HOLDER_NO,IS_PREF,MAKER_ID,MAKER_DATE,AUTHORISER_ID,AUTHORISED_DATE,COMPANY_ID,COMPANY_NAME,IS_ACTIVE,ECIF_REFNO) values ('9080302',1,'00412',null,null,'BBDUSER01',to_date('09-02-21','DD-MM-RR'),'BBDUSER01',to_date('09-02-21','DD-MM-RR'),90807003,'BBD Automation L Client 3','0','ECIFREF001');
Insert into GTB_ACC_OWNERSHIP (ACCOUNT_NO,SEQNO,BRANCH_CODE,HOLDER_NO,IS_PREF,MAKER_ID,MAKER_DATE,AUTHORISER_ID,AUTHORISED_DATE,COMPANY_ID,COMPANY_NAME,IS_ACTIVE,ECIF_REFNO) values ('9080303',2,'00412',null,null,'BBDUSER01',to_date('11-02-21','DD-MM-RR'),'BBDUSER01',to_date('11-02-21','DD-MM-RR'),90807003,'BBD Automation L Client 3','0','ECIFREF001');
Insert into GTB_ACC_OWNERSHIP (ACCOUNT_NO,SEQNO,BRANCH_CODE,HOLDER_NO,IS_PREF,MAKER_ID,MAKER_DATE,AUTHORISER_ID,AUTHORISED_DATE,COMPANY_ID,COMPANY_NAME,IS_ACTIVE,ECIF_REFNO) values ('9080304',3,'00412',null,null,'BBDUSER01',to_date('27-12-20','DD-MM-RR'),'BBDUSER01',to_date('27-12-20','DD-MM-RR'),90807003,'BBD Automation L Client 3','0','ECIFREF001');
Insert into GTB_ACC_OWNERSHIP (ACCOUNT_NO,SEQNO,BRANCH_CODE,HOLDER_NO,IS_PREF,MAKER_ID,MAKER_DATE,AUTHORISER_ID,AUTHORISED_DATE,COMPANY_ID,COMPANY_NAME,IS_ACTIVE,ECIF_REFNO) values ('9080305',4,'00412',null,null,'BBDUSER01',to_date('27-12-20','DD-MM-RR'),'BBDUSER01',to_date('27-12-20','DD-MM-RR'),90807003,'BBD Automation L Client 3','0','ECIFREF001');
Insert into GTB_ACC_OWNERSHIP (ACCOUNT_NO,SEQNO,BRANCH_CODE,HOLDER_NO,IS_PREF,MAKER_ID,MAKER_DATE,AUTHORISER_ID,AUTHORISED_DATE,COMPANY_ID,COMPANY_NAME,IS_ACTIVE,ECIF_REFNO) values ('9080306',5,'00412',null,null,'BBDUSER01',to_date('27-12-20','DD-MM-RR'),'BBDUSER01',to_date('27-12-20','DD-MM-RR'),90807003,'BBD Automation L Client 3','0','ECIFREF001');
Insert into GTB_ACC_OWNERSHIP (ACCOUNT_NO,SEQNO,BRANCH_CODE,HOLDER_NO,IS_PREF,MAKER_ID,MAKER_DATE,AUTHORISER_ID,AUTHORISED_DATE,COMPANY_ID,COMPANY_NAME,IS_ACTIVE,ECIF_REFNO) values ('9080307',6,'00412',null,null,'BBDUSER01',to_date('27-12-20','DD-MM-RR'),'BBDUSER01',to_date('27-12-20','DD-MM-RR'),90807003,'BBD Automation L Client 3','0','ECIFREF001');
Insert into GTB_ACC_OWNERSHIP (ACCOUNT_NO,SEQNO,BRANCH_CODE,HOLDER_NO,IS_PREF,MAKER_ID,MAKER_DATE,AUTHORISER_ID,AUTHORISED_DATE,COMPANY_ID,COMPANY_NAME,IS_ACTIVE,ECIF_REFNO) values ('9080308',7,'00412',null,null,'BBDUSER01',to_date('27-12-20','DD-MM-RR'),'BBDUSER01',to_date('27-12-20','DD-MM-RR'),90807003,'BBD Automation L Client 3','0','ECIFREF001');
Insert into GTB_ACC_OWNERSHIP (ACCOUNT_NO,SEQNO,BRANCH_CODE,HOLDER_NO,IS_PREF,MAKER_ID,MAKER_DATE,AUTHORISER_ID,AUTHORISED_DATE,COMPANY_ID,COMPANY_NAME,IS_ACTIVE,ECIF_REFNO) values ('1020401',0,'00412',null,null,'BBDUSER01',to_date('27-12-20','DD-MM-RR'),'BBDUSER01',to_date('27-12-20','DD-MM-RR'),10203004,'BBD Automation NL Client 4','0','ECIFREF001');
Insert into GTB_ACC_OWNERSHIP (ACCOUNT_NO,SEQNO,BRANCH_CODE,HOLDER_NO,IS_PREF,MAKER_ID,MAKER_DATE,AUTHORISER_ID,AUTHORISED_DATE,COMPANY_ID,COMPANY_NAME,IS_ACTIVE,ECIF_REFNO) values ('1020402',1,'00412',null,null,'BBDUSER01',to_date('27-12-20','DD-MM-RR'),'BBDUSER01',to_date('27-12-20','DD-MM-RR'),10203004,'BBD Automation NL Client 4','0','ECIFREF001');
Insert into GTB_ACC_OWNERSHIP (ACCOUNT_NO,SEQNO,BRANCH_CODE,HOLDER_NO,IS_PREF,MAKER_ID,MAKER_DATE,AUTHORISER_ID,AUTHORISED_DATE,COMPANY_ID,COMPANY_NAME,IS_ACTIVE,ECIF_REFNO) values ('9080401',0,'00412',null,null,'BBDUSER01',to_date('27-12-20','DD-MM-RR'),'BBDUSER01',to_date('27-12-20','DD-MM-RR'),90807004,'BBD Automation L Client 4','0','ECIFREF001');
Insert into GTB_ACC_OWNERSHIP (ACCOUNT_NO,SEQNO,BRANCH_CODE,HOLDER_NO,IS_PREF,MAKER_ID,MAKER_DATE,AUTHORISER_ID,AUTHORISED_DATE,COMPANY_ID,COMPANY_NAME,IS_ACTIVE,ECIF_REFNO) values ('9080402',1,'00412',null,null,'BBDUSER01',to_date('27-12-20','DD-MM-RR'),'BBDUSER01',to_date('27-12-20','DD-MM-RR'),90807004,'BBD Automation L Client 4','0','ECIFREF001');
commit;
-------------------------------------------------
Insert into GTB_ORIGINATOR (ORIGINATOR_ID,PRODUCT_ID,COMPANY_ID,PROD_CLASS,SETTL_METHOD,ORIGINATOR_CCY,EFFECTIVE_DATE,EXPIRY_DATE,IS_ACTIVE,MAKER_ID,MAKER_DATE,AUTHORISER_ID,AUTHORISED_DATE,CUSTOMER_LEGAL_NAME,CLIENT_TYPE) values ('1020302003','EFT',10203002,'C','A','CAD',to_date('14-12-20','DD-MM-RR'),to_date('31-12-28','DD-MM-RR'),'0','BCCMKR1',to_date('14-12-20','DD-MM-RR'),'BCCCKR1',to_date('14-12-20','DD-MM-RR'),'BBD Automation NL Client 2','EXTERNAL');
Insert into GTB_ORIGINATOR (ORIGINATOR_ID,PRODUCT_ID,COMPANY_ID,PROD_CLASS,SETTL_METHOD,ORIGINATOR_CCY,EFFECTIVE_DATE,EXPIRY_DATE,IS_ACTIVE,MAKER_ID,MAKER_DATE,AUTHORISER_ID,AUTHORISED_DATE,CUSTOMER_LEGAL_NAME,CLIENT_TYPE) values ('1020301002','ACH',10203001,'B','L','USD',to_date('14-12-20','DD-MM-RR'),to_date('31-12-28','DD-MM-RR'),'0','BCCMKR1',to_date('14-12-20','DD-MM-RR'),'BCCCKR1',to_date('14-12-20','DD-MM-RR'),'BBD Automation NL Client 1','EXTERNAL');
Insert into GTB_ORIGINATOR (ORIGINATOR_ID,PRODUCT_ID,COMPANY_ID,PROD_CLASS,SETTL_METHOD,ORIGINATOR_CCY,EFFECTIVE_DATE,EXPIRY_DATE,IS_ACTIVE,MAKER_ID,MAKER_DATE,AUTHORISER_ID,AUTHORISED_DATE,CUSTOMER_LEGAL_NAME,CLIENT_TYPE) values ('1020301001','EFT',10203001,'C','A','CAD',to_date('14-12-20','DD-MM-RR'),to_date('22-11-28','DD-MM-RR'),'0','BCCMKR1',to_date('14-12-20','DD-MM-RR'),'BCCCKR1 ',to_date('14-12-20','DD-MM-RR'),'BBD Automation NL Client 1','EXTERNAL');
Insert into GTB_ORIGINATOR (ORIGINATOR_ID,PRODUCT_ID,COMPANY_ID,PROD_CLASS,SETTL_METHOD,ORIGINATOR_CCY,EFFECTIVE_DATE,EXPIRY_DATE,IS_ACTIVE,MAKER_ID,MAKER_DATE,AUTHORISER_ID,AUTHORISED_DATE,CUSTOMER_LEGAL_NAME,CLIENT_TYPE) values ('9080701002','ACH',90807001,'C','A','USD',to_date('14-12-20','DD-MM-RR'),to_date('31-12-28','DD-MM-RR'),'0','BCCMKR1',to_date('14-12-20','DD-MM-RR'),'BCCCKR1',to_date('14-12-20','DD-MM-RR'),'BBD Automation L Client 1','EXTERNAL');
Insert into GTB_ORIGINATOR (ORIGINATOR_ID,PRODUCT_ID,COMPANY_ID,PROD_CLASS,SETTL_METHOD,ORIGINATOR_CCY,EFFECTIVE_DATE,EXPIRY_DATE,IS_ACTIVE,MAKER_ID,MAKER_DATE,AUTHORISER_ID,AUTHORISED_DATE,CUSTOMER_LEGAL_NAME,CLIENT_TYPE) values ('9080701001','EFT',90807001,'B','L','CAD',to_date('14-12-20','DD-MM-RR'),to_date('31-12-28','DD-MM-RR'),'0','BCCMKR1',to_date('14-12-20','DD-MM-RR'),'BCCCKR1',to_date('14-12-20','DD-MM-RR'),'BBD Automation L Client 1','EXTERNAL');
Insert into GTB_ORIGINATOR (ORIGINATOR_ID,PRODUCT_ID,COMPANY_ID,PROD_CLASS,SETTL_METHOD,ORIGINATOR_CCY,EFFECTIVE_DATE,EXPIRY_DATE,IS_ACTIVE,MAKER_ID,MAKER_DATE,AUTHORISER_ID,AUTHORISED_DATE,CUSTOMER_LEGAL_NAME,CLIENT_TYPE) values ('9080702002','EFT',90807002,'B','L','USD',to_date('14-12-20','DD-MM-RR'),to_date('31-12-28','DD-MM-RR'),'0','BCCMKR1',to_date('14-12-20','DD-MM-RR'),'BCCCKR1',to_date('14-12-20','DD-MM-RR'),'BBD Automation L Client 2','EXTERNAL');
Insert into GTB_ORIGINATOR (ORIGINATOR_ID,PRODUCT_ID,COMPANY_ID,PROD_CLASS,SETTL_METHOD,ORIGINATOR_CCY,EFFECTIVE_DATE,EXPIRY_DATE,IS_ACTIVE,MAKER_ID,MAKER_DATE,AUTHORISER_ID,AUTHORISED_DATE,CUSTOMER_LEGAL_NAME,CLIENT_TYPE) values ('9080702001','ACH',90807002,'C','A','USD',to_date('14-12-20','DD-MM-RR'),to_date('31-12-28','DD-MM-RR'),'0','BCCMKR1',to_date('14-12-20','DD-MM-RR'),'BCCCKR1',to_date('14-12-20','DD-MM-RR'),'BBD Automation L Client 2','EXTERNAL');
Insert into GTB_ORIGINATOR (ORIGINATOR_ID,PRODUCT_ID,COMPANY_ID,PROD_CLASS,SETTL_METHOD,ORIGINATOR_CCY,EFFECTIVE_DATE,EXPIRY_DATE,IS_ACTIVE,MAKER_ID,MAKER_DATE,AUTHORISER_ID,AUTHORISED_DATE,CUSTOMER_LEGAL_NAME,CLIENT_TYPE) values ('1020302001','EFT',10203002,'B','L','USD',to_date('14-12-20','DD-MM-RR'),to_date('31-12-28','DD-MM-RR'),'0','BCCMKR1',to_date('14-12-20','DD-MM-RR'),'BCCCKR1',to_date('14-12-20','DD-MM-RR'),'BBD Automation NL Client 2','External');
Insert into GTB_ORIGINATOR (ORIGINATOR_ID,PRODUCT_ID,COMPANY_ID,PROD_CLASS,SETTL_METHOD,ORIGINATOR_CCY,EFFECTIVE_DATE,EXPIRY_DATE,IS_ACTIVE,MAKER_ID,MAKER_DATE,AUTHORISER_ID,AUTHORISED_DATE,CUSTOMER_LEGAL_NAME,CLIENT_TYPE) values ('1020302002','ACH',10203002,'C','A','USD',to_date('14-12-20','DD-MM-RR'),to_date('31-12-28','DD-MM-RR'),'0','BCCMKR1',to_date('14-12-20','DD-MM-RR'),'BCCCKR1',to_date('14-12-20','DD-MM-RR'),'BBD Automation NL Client 2','External');
Insert into GTB_ORIGINATOR (ORIGINATOR_ID,PRODUCT_ID,COMPANY_ID,PROD_CLASS,SETTL_METHOD,ORIGINATOR_CCY,EFFECTIVE_DATE,EXPIRY_DATE,IS_ACTIVE,MAKER_ID,MAKER_DATE,AUTHORISER_ID,AUTHORISED_DATE,CUSTOMER_LEGAL_NAME,CLIENT_TYPE) values ('1020303001','EFT',10203003,'C','A','CAD',to_date('27-12-20','DD-MM-RR'),to_date('31-12-28','DD-MM-RR'),'0','BCCMKR1',to_date('27-12-20','DD-MM-RR'),'BCCCKR1',to_date('27-12-20','DD-MM-RR'),'BBD Automation NL Client 3','External');
Insert into GTB_ORIGINATOR (ORIGINATOR_ID,PRODUCT_ID,COMPANY_ID,PROD_CLASS,SETTL_METHOD,ORIGINATOR_CCY,EFFECTIVE_DATE,EXPIRY_DATE,IS_ACTIVE,MAKER_ID,MAKER_DATE,AUTHORISER_ID,AUTHORISED_DATE,CUSTOMER_LEGAL_NAME,CLIENT_TYPE) values ('1020303002','ACH',10203003,'C','L','USD',to_date('27-12-20','DD-MM-RR'),to_date('31-12-28','DD-MM-RR'),'0','BCCMKR1',to_date('27-12-20','DD-MM-RR'),'BCCCKR1',to_date('27-12-20','DD-MM-RR'),'BBD Automation NL Client 3','External');
Insert into GTB_ORIGINATOR (ORIGINATOR_ID,PRODUCT_ID,COMPANY_ID,PROD_CLASS,SETTL_METHOD,ORIGINATOR_CCY,EFFECTIVE_DATE,EXPIRY_DATE,IS_ACTIVE,MAKER_ID,MAKER_DATE,AUTHORISER_ID,AUTHORISED_DATE,CUSTOMER_LEGAL_NAME,CLIENT_TYPE) values ('1020303003','EFT',10203003,'C','L','CAD',to_date('27-12-20','DD-MM-RR'),to_date('31-12-28','DD-MM-RR'),'0','BCCMKR1',to_date('27-12-20','DD-MM-RR'),'BCCCKR1',to_date('27-12-20','DD-MM-RR'),'BBD Automation NL Client 3','External');
Insert into GTB_ORIGINATOR (ORIGINATOR_ID,PRODUCT_ID,COMPANY_ID,PROD_CLASS,SETTL_METHOD,ORIGINATOR_CCY,EFFECTIVE_DATE,EXPIRY_DATE,IS_ACTIVE,MAKER_ID,MAKER_DATE,AUTHORISER_ID,AUTHORISED_DATE,CUSTOMER_LEGAL_NAME,CLIENT_TYPE) values ('1020303004','EFT',10203003,'C','A','CAD',to_date('27-12-20','DD-MM-RR'),to_date('31-12-28','DD-MM-RR'),'0','BCCMKR1',to_date('27-12-20','DD-MM-RR'),'BCCCKR1',to_date('27-12-20','DD-MM-RR'),'BBD Automation NL Client 3','External');
Insert into GTB_ORIGINATOR (ORIGINATOR_ID,PRODUCT_ID,COMPANY_ID,PROD_CLASS,SETTL_METHOD,ORIGINATOR_CCY,EFFECTIVE_DATE,EXPIRY_DATE,IS_ACTIVE,MAKER_ID,MAKER_DATE,AUTHORISER_ID,AUTHORISED_DATE,CUSTOMER_LEGAL_NAME,CLIENT_TYPE) values ('1020303005','ACH',10203003,'C','L','USD',to_date('27-12-20','DD-MM-RR'),to_date('31-12-28','DD-MM-RR'),'0','BCCMKR1',to_date('27-12-20','DD-MM-RR'),'BCCCKR1',to_date('27-12-20','DD-MM-RR'),'BBD Automation NL Client 3','External');
Insert into GTB_ORIGINATOR (ORIGINATOR_ID,PRODUCT_ID,COMPANY_ID,PROD_CLASS,SETTL_METHOD,ORIGINATOR_CCY,EFFECTIVE_DATE,EXPIRY_DATE,IS_ACTIVE,MAKER_ID,MAKER_DATE,AUTHORISER_ID,AUTHORISED_DATE,CUSTOMER_LEGAL_NAME,CLIENT_TYPE) values ('1020303006','EFT',10203003,'C','L','CAD',to_date('27-12-20','DD-MM-RR'),to_date('31-12-28','DD-MM-RR'),'0','BCCMKR1',to_date('27-12-20','DD-MM-RR'),'BCCCKR1',to_date('27-12-20','DD-MM-RR'),'BBD Automation NL Client 3','External');
Insert into GTB_ORIGINATOR (ORIGINATOR_ID,PRODUCT_ID,COMPANY_ID,PROD_CLASS,SETTL_METHOD,ORIGINATOR_CCY,EFFECTIVE_DATE,EXPIRY_DATE,IS_ACTIVE,MAKER_ID,MAKER_DATE,AUTHORISER_ID,AUTHORISED_DATE,CUSTOMER_LEGAL_NAME,CLIENT_TYPE) values ('1020303007','EFT',10203003,'C','A','CAD',to_date('27-12-20','DD-MM-RR'),to_date('31-12-28','DD-MM-RR'),'0','BCCMKR1',to_date('27-12-20','DD-MM-RR'),'BCCCKR1',to_date('27-12-20','DD-MM-RR'),'BBD Automation NL Client 3','External');
Insert into GTB_ORIGINATOR (ORIGINATOR_ID,PRODUCT_ID,COMPANY_ID,PROD_CLASS,SETTL_METHOD,ORIGINATOR_CCY,EFFECTIVE_DATE,EXPIRY_DATE,IS_ACTIVE,MAKER_ID,MAKER_DATE,AUTHORISER_ID,AUTHORISED_DATE,CUSTOMER_LEGAL_NAME,CLIENT_TYPE) values ('1020303008','ACH',10203003,'C','L','USD',to_date('27-12-20','DD-MM-RR'),to_date('31-12-28','DD-MM-RR'),'0','BCCMKR1',to_date('27-12-20','DD-MM-RR'),'BCCCKR1',to_date('27-12-20','DD-MM-RR'),'BBD Automation NL Client 3','External');
Insert into GTB_ORIGINATOR (ORIGINATOR_ID,PRODUCT_ID,COMPANY_ID,PROD_CLASS,SETTL_METHOD,ORIGINATOR_CCY,EFFECTIVE_DATE,EXPIRY_DATE,IS_ACTIVE,MAKER_ID,MAKER_DATE,AUTHORISER_ID,AUTHORISED_DATE,CUSTOMER_LEGAL_NAME,CLIENT_TYPE) values ('1020303009','EFT',10203003,'C','L','CAD',to_date('27-12-20','DD-MM-RR'),to_date('31-12-28','DD-MM-RR'),'0','BCCMKR1',to_date('27-12-20','DD-MM-RR'),'BCCCKR1',to_date('27-12-20','DD-MM-RR'),'BBD Automation NL Client 3','External');
Insert into GTB_ORIGINATOR (ORIGINATOR_ID,PRODUCT_ID,COMPANY_ID,PROD_CLASS,SETTL_METHOD,ORIGINATOR_CCY,EFFECTIVE_DATE,EXPIRY_DATE,IS_ACTIVE,MAKER_ID,MAKER_DATE,AUTHORISER_ID,AUTHORISED_DATE,CUSTOMER_LEGAL_NAME,CLIENT_TYPE) values ('1020303010','ACH',10203003,'C','A','USD',to_date('27-12-20','DD-MM-RR'),to_date('31-12-28','DD-MM-RR'),'0','BCCMKR1',to_date('27-12-20','DD-MM-RR'),'BCCCKR1',to_date('27-12-20','DD-MM-RR'),'BBD Automation NL Client 3','External');
Insert into GTB_ORIGINATOR (ORIGINATOR_ID,PRODUCT_ID,COMPANY_ID,PROD_CLASS,SETTL_METHOD,ORIGINATOR_CCY,EFFECTIVE_DATE,EXPIRY_DATE,IS_ACTIVE,MAKER_ID,MAKER_DATE,AUTHORISER_ID,AUTHORISED_DATE,CUSTOMER_LEGAL_NAME,CLIENT_TYPE) values ('1020303011','EFT',10203003,'C','A','CAD',to_date('27-12-20','DD-MM-RR'),to_date('31-12-28','DD-MM-RR'),'0','BCCMKR1',to_date('27-12-20','DD-MM-RR'),'BCCCKR1',to_date('27-12-20','DD-MM-RR'),'BBD Automation NL Client 3','External');
Insert into GTB_ORIGINATOR (ORIGINATOR_ID,PRODUCT_ID,COMPANY_ID,PROD_CLASS,SETTL_METHOD,ORIGINATOR_CCY,EFFECTIVE_DATE,EXPIRY_DATE,IS_ACTIVE,MAKER_ID,MAKER_DATE,AUTHORISER_ID,AUTHORISED_DATE,CUSTOMER_LEGAL_NAME,CLIENT_TYPE) values ('1020303012','ACH',10203003,'C','L','USD',to_date('27-12-20','DD-MM-RR'),to_date('31-12-28','DD-MM-RR'),'0','BCCMKR1',to_date('27-12-20','DD-MM-RR'),'BCCCKR1',to_date('27-12-20','DD-MM-RR'),'BBD Automation NL Client 3','External');
Insert into GTB_ORIGINATOR (ORIGINATOR_ID,PRODUCT_ID,COMPANY_ID,PROD_CLASS,SETTL_METHOD,ORIGINATOR_CCY,EFFECTIVE_DATE,EXPIRY_DATE,IS_ACTIVE,MAKER_ID,MAKER_DATE,AUTHORISER_ID,AUTHORISED_DATE,CUSTOMER_LEGAL_NAME,CLIENT_TYPE) values ('9080703001','EFT',90807003,'C','L','CAD',to_date('27-12-20','DD-MM-RR'),to_date('31-12-28','DD-MM-RR'),'0','BCCMKR1',to_date('27-12-20','DD-MM-RR'),'BCCCKR1',to_date('27-12-20','DD-MM-RR'),'BBD Automation L Client 3','External');
Insert into GTB_ORIGINATOR (ORIGINATOR_ID,PRODUCT_ID,COMPANY_ID,PROD_CLASS,SETTL_METHOD,ORIGINATOR_CCY,EFFECTIVE_DATE,EXPIRY_DATE,IS_ACTIVE,MAKER_ID,MAKER_DATE,AUTHORISER_ID,AUTHORISED_DATE,CUSTOMER_LEGAL_NAME,CLIENT_TYPE) values ('9080703002','ACH',90807003,'C','L','USD',to_date('27-12-20','DD-MM-RR'),to_date('31-12-28','DD-MM-RR'),'0','BCCMKR1',to_date('27-12-20','DD-MM-RR'),'BCCCKR1',to_date('27-12-20','DD-MM-RR'),'BBD Automation L Client 3','External');
Insert into GTB_ORIGINATOR (ORIGINATOR_ID,PRODUCT_ID,COMPANY_ID,PROD_CLASS,SETTL_METHOD,ORIGINATOR_CCY,EFFECTIVE_DATE,EXPIRY_DATE,IS_ACTIVE,MAKER_ID,MAKER_DATE,AUTHORISER_ID,AUTHORISED_DATE,CUSTOMER_LEGAL_NAME,CLIENT_TYPE) values ('9080703003','EFT',90807003,'C','L','USD',to_date('27-12-20','DD-MM-RR'),to_date('31-12-28','DD-MM-RR'),'0','BCCMKR1',to_date('27-12-20','DD-MM-RR'),'BCCCKR1',to_date('27-12-20','DD-MM-RR'),'BBD Automation L Client 3','External');
Insert into GTB_ORIGINATOR (ORIGINATOR_ID,PRODUCT_ID,COMPANY_ID,PROD_CLASS,SETTL_METHOD,ORIGINATOR_CCY,EFFECTIVE_DATE,EXPIRY_DATE,IS_ACTIVE,MAKER_ID,MAKER_DATE,AUTHORISER_ID,AUTHORISED_DATE,CUSTOMER_LEGAL_NAME,CLIENT_TYPE) values ('9080703004','ACH',90807003,'C','L','USD',to_date('27-12-20','DD-MM-RR'),to_date('31-12-28','DD-MM-RR'),'0','BCCMKR1',to_date('27-12-20','DD-MM-RR'),'BCCCKR1',to_date('27-12-20','DD-MM-RR'),'BBD Automation L Client 3','External');
Insert into GTB_ORIGINATOR (ORIGINATOR_ID,PRODUCT_ID,COMPANY_ID,PROD_CLASS,SETTL_METHOD,ORIGINATOR_CCY,EFFECTIVE_DATE,EXPIRY_DATE,IS_ACTIVE,MAKER_ID,MAKER_DATE,AUTHORISER_ID,AUTHORISED_DATE,CUSTOMER_LEGAL_NAME,CLIENT_TYPE) values ('9080703005','EFT',90807003,'C','L','CAD',to_date('27-12-20','DD-MM-RR'),to_date('31-12-28','DD-MM-RR'),'0','BCCMKR1',to_date('27-12-20','DD-MM-RR'),'BCCCKR1',to_date('27-12-20','DD-MM-RR'),'BBD Automation L Client 3','External');
Insert into GTB_ORIGINATOR (ORIGINATOR_ID,PRODUCT_ID,COMPANY_ID,PROD_CLASS,SETTL_METHOD,ORIGINATOR_CCY,EFFECTIVE_DATE,EXPIRY_DATE,IS_ACTIVE,MAKER_ID,MAKER_DATE,AUTHORISER_ID,AUTHORISED_DATE,CUSTOMER_LEGAL_NAME,CLIENT_TYPE) values ('9080703006','ACH',90807003,'C','L','USD',to_date('27-12-20','DD-MM-RR'),to_date('31-12-28','DD-MM-RR'),'0','BCCMKR1',to_date('27-12-20','DD-MM-RR'),'BCCCKR1',to_date('27-12-20','DD-MM-RR'),'BBD Automation L Client 3','External');
Insert into GTB_ORIGINATOR (ORIGINATOR_ID,PRODUCT_ID,COMPANY_ID,PROD_CLASS,SETTL_METHOD,ORIGINATOR_CCY,EFFECTIVE_DATE,EXPIRY_DATE,IS_ACTIVE,MAKER_ID,MAKER_DATE,AUTHORISER_ID,AUTHORISED_DATE,CUSTOMER_LEGAL_NAME,CLIENT_TYPE) values ('9080703007','EFT',90807003,'C','L','USD',to_date('27-12-20','DD-MM-RR'),to_date('31-12-28','DD-MM-RR'),'0','BCCMKR1',to_date('27-12-20','DD-MM-RR'),'BCCCKR1',to_date('27-12-20','DD-MM-RR'),'BBD Automation L Client 3','External');
Insert into GTB_ORIGINATOR (ORIGINATOR_ID,PRODUCT_ID,COMPANY_ID,PROD_CLASS,SETTL_METHOD,ORIGINATOR_CCY,EFFECTIVE_DATE,EXPIRY_DATE,IS_ACTIVE,MAKER_ID,MAKER_DATE,AUTHORISER_ID,AUTHORISED_DATE,CUSTOMER_LEGAL_NAME,CLIENT_TYPE) values ('9080703008','ACH',90807003,'C','L','USD',to_date('27-12-20','DD-MM-RR'),to_date('31-12-28','DD-MM-RR'),'0','BCCMKR1',to_date('27-12-20','DD-MM-RR'),'BCCCKR1',to_date('27-12-20','DD-MM-RR'),'BBD Automation L Client 3','External');
Insert into GTB_ORIGINATOR (ORIGINATOR_ID,PRODUCT_ID,COMPANY_ID,PROD_CLASS,SETTL_METHOD,ORIGINATOR_CCY,EFFECTIVE_DATE,EXPIRY_DATE,IS_ACTIVE,MAKER_ID,MAKER_DATE,AUTHORISER_ID,AUTHORISED_DATE,CUSTOMER_LEGAL_NAME,CLIENT_TYPE) values ('9080703009','EFT',90807003,'C','L','CAD',to_date('27-12-20','DD-MM-RR'),to_date('31-12-28','DD-MM-RR'),'0','BCCMKR1',to_date('27-12-20','DD-MM-RR'),'BCCCKR1',to_date('27-12-20','DD-MM-RR'),'BBD Automation L Client 3','External');
Insert into GTB_ORIGINATOR (ORIGINATOR_ID,PRODUCT_ID,COMPANY_ID,PROD_CLASS,SETTL_METHOD,ORIGINATOR_CCY,EFFECTIVE_DATE,EXPIRY_DATE,IS_ACTIVE,MAKER_ID,MAKER_DATE,AUTHORISER_ID,AUTHORISED_DATE,CUSTOMER_LEGAL_NAME,CLIENT_TYPE) values ('9080703010','ACH',90807003,'C','L','USD',to_date('27-12-20','DD-MM-RR'),to_date('31-12-28','DD-MM-RR'),'0','BCCMKR1',to_date('27-12-20','DD-MM-RR'),'BCCCKR1',to_date('27-12-20','DD-MM-RR'),'BBD Automation L Client 3','External');
Insert into GTB_ORIGINATOR (ORIGINATOR_ID,PRODUCT_ID,COMPANY_ID,PROD_CLASS,SETTL_METHOD,ORIGINATOR_CCY,EFFECTIVE_DATE,EXPIRY_DATE,IS_ACTIVE,MAKER_ID,MAKER_DATE,AUTHORISER_ID,AUTHORISED_DATE,CUSTOMER_LEGAL_NAME,CLIENT_TYPE) values ('9080704002','ACH',90807004,'C','L','USD',to_date('27-12-20','DD-MM-RR'),to_date('31-12-28','DD-MM-RR'),'0','BCCMKR1',to_date('27-12-20','DD-MM-RR'),'BCCCKR1',to_date('27-12-20','DD-MM-RR'),'BBD Automation L Client 4','External');
Insert into GTB_ORIGINATOR (ORIGINATOR_ID,PRODUCT_ID,COMPANY_ID,PROD_CLASS,SETTL_METHOD,ORIGINATOR_CCY,EFFECTIVE_DATE,EXPIRY_DATE,IS_ACTIVE,MAKER_ID,MAKER_DATE,AUTHORISER_ID,AUTHORISED_DATE,CUSTOMER_LEGAL_NAME,CLIENT_TYPE) values ('9080704001','EFT',90807004,'C','L','CAD',to_date('27-12-20','DD-MM-RR'),to_date('31-12-28','DD-MM-RR'),'0','BCCMKR1',to_date('27-12-20','DD-MM-RR'),'BCCCKR1',to_date('27-12-20','DD-MM-RR'),'BBD Automation L Client 4','External');
Insert into GTB_ORIGINATOR (ORIGINATOR_ID,PRODUCT_ID,COMPANY_ID,PROD_CLASS,SETTL_METHOD,ORIGINATOR_CCY,EFFECTIVE_DATE,EXPIRY_DATE,IS_ACTIVE,MAKER_ID,MAKER_DATE,AUTHORISER_ID,AUTHORISED_DATE,CUSTOMER_LEGAL_NAME,CLIENT_TYPE) values ('1020304002','ACH',10203004,'C','L','USD',to_date('27-12-20','DD-MM-RR'),to_date('31-12-28','DD-MM-RR'),'0','BCCMKR1',to_date('27-12-20','DD-MM-RR'),'BCCCKR1',to_date('27-12-20','DD-MM-RR'),'BBD Automation NL Client 4','External');
Insert into GTB_ORIGINATOR (ORIGINATOR_ID,PRODUCT_ID,COMPANY_ID,PROD_CLASS,SETTL_METHOD,ORIGINATOR_CCY,EFFECTIVE_DATE,EXPIRY_DATE,IS_ACTIVE,MAKER_ID,MAKER_DATE,AUTHORISER_ID,AUTHORISED_DATE,CUSTOMER_LEGAL_NAME,CLIENT_TYPE) values ('1020304001','EFT',10203004,'C','A','CAD',to_date('27-12-20','DD-MM-RR'),to_date('31-12-28','DD-MM-RR'),'0','BCCMKR1',to_date('27-12-20','DD-MM-RR'),'BCCCKR1',to_date('27-12-20','DD-MM-RR'),'BBD Automation NL Client 4','External');
commit;
-------------------------------------------------
Insert into GTB_CLIENT_MIGRATION (COMPANY_ID,PROCESSING_FLOW,MAKER_ID,MAKER_DATE,AUTHORISER_ID,AUTHORISED_DATE,LEAGCY_CLIENT_IND,FORMAT,CUSTOMER_LEGAL_NAME) values (90807001,'P','BCCMKR1',to_date('14-12-20','DD-MM-RR'),'BCCCKR1',to_date('14-12-20','DD-MM-RR'),null,null,'BBD Automation L Client 1');
Insert into GTB_CLIENT_MIGRATION (COMPANY_ID,PROCESSING_FLOW,MAKER_ID,MAKER_DATE,AUTHORISER_ID,AUTHORISED_DATE,LEAGCY_CLIENT_IND,FORMAT,CUSTOMER_LEGAL_NAME) values (90807002,'P','BCCMKR1',to_date('14-12-20','DD-MM-RR'),'BCCCKR1',to_date('14-12-20','DD-MM-RR'),null,null,'BBD Automation L Client 2');
Insert into GTB_CLIENT_MIGRATION (COMPANY_ID,PROCESSING_FLOW,MAKER_ID,MAKER_DATE,AUTHORISER_ID,AUTHORISED_DATE,LEAGCY_CLIENT_IND,FORMAT,CUSTOMER_LEGAL_NAME) values (90807003,'P','BCCMKR1',to_date('27-12-20','DD-MM-RR'),'BCCCKR1',to_date('27-12-20','DD-MM-RR'),null,null,'BBD Automation L Client 3');
Insert into GTB_CLIENT_MIGRATION (COMPANY_ID,PROCESSING_FLOW,MAKER_ID,MAKER_DATE,AUTHORISER_ID,AUTHORISED_DATE,LEAGCY_CLIENT_IND,FORMAT,CUSTOMER_LEGAL_NAME) values (90807004,'P','BCCMKR1',to_date('27-12-20','DD-MM-RR'),'BCCCKR1',to_date('27-12-20','DD-MM-RR'),null,null,'BBD Automation L Client 4');
commit;
-------------------------------------------------

---STUB SCRIPTS---
Delete from stub_elcm where CUST_ID in ('10203001', '10203002', '90807001', '90807002', '10203003', '90807003', '10203004', '90807004');
Delete from STUB_PSH_ENVOY where ACCOUNTTRANSITNUMBER in ('1020101', '1020201', '1020202', '1020301', '1020304', '1020307', '1020310', '1020311', '1020401', '9080102', '9080201');
Delete from STUB_WIREDEBIT where PAN_NO in ('1020300000000001', '1020300000000002', '1020300000000003', '1020300000000004');
Delete from STUB_CTR_DEBIT where FROM_ACCOUNT in ('1020101', '1020201', '1020302', '1020308', '1020305', '1020401');
Delete from STUB_EMTDEBIT where PAN_NO in ('1020300000000001', '1020300000000002', '1020300000000003', '1020300000000004');
Delete from STUB_SANCTIONS where CUST_NAME = 'DAWLAT';
commit;
Insert into STUB_ELCM (CUST_ID,MSGSTAT,CODE,DESCP,RESPONE_TYPE) values ('10203001','SUCCESS','0001','Success','S');
Insert into STUB_ELCM (CUST_ID,MSGSTAT,CODE,DESCP,RESPONE_TYPE) values ('10203002','WARNING','LM-00113','Amount exceeds line limit. Limit = 1000.  Utilization = 2000.  Overdraft = 3000','W');
Insert into STUB_ELCM (CUST_ID,MSGSTAT,CODE,DESCP,RESPONE_TYPE) values ('90807001','WARNING','LM-00113','Amount exceeds line limit. Limit = 1000.  Utilization = 2000.  Overdraft = 3000','W');
Insert into STUB_ELCM (CUST_ID,MSGSTAT,CODE,DESCP,RESPONE_TYPE) values ('90807002','WARNING','LM-00113','Amount exceeds line limit. Limit = 1000.  Utilization = 2000.  Overdraft = 3000','W');
Insert into STUB_ELCM (CUST_ID,MSGSTAT,CODE,DESCP,RESPONE_TYPE) values ('10203003','SUCCESS','0001','SUCCESSFUL','S');
Insert into STUB_ELCM (CUST_ID,MSGSTAT,CODE,DESCP,RESPONE_TYPE) values ('90807003','WARNING','LM-00113','Amount exceeds line limit. Limit = 1000.  Utilization = 2000.  Overdraft = 3000','W');
Insert into STUB_ELCM (CUST_ID,MSGSTAT,CODE,DESCP,RESPONE_TYPE) values ('10203004','SUCCESS','0001','SUCCESSFUL','S');
Insert into STUB_ELCM (CUST_ID,MSGSTAT,CODE,DESCP,RESPONE_TYPE) values ('90807004','WARNING','LM-00113','Amount exceeds line limit. Limit = 1000.  Utilization = 2000.  Overdraft = 3000','W');

-------------------------------------------------
Insert into STUB_PSH_ENVOY (STATUSCODE,CDIAGNOSTICTEXT,ACCOUNTTRANSITNUMBER,ACCOUNTTRANSITID,STATUS,BALANCESAVAILABLEAMT,RESP_TYPE) values ('DI00','Transaction successful','1020101','00412','Active',10,'S');
Insert into STUB_PSH_ENVOY (STATUSCODE,CDIAGNOSTICTEXT,ACCOUNTTRANSITNUMBER,ACCOUNTTRANSITID,STATUS,BALANCESAVAILABLEAMT,RESP_TYPE) values ('DI00','Transaction successful','1020201','00412','Active',1000000,'S');
Insert into STUB_PSH_ENVOY (STATUSCODE,CDIAGNOSTICTEXT,ACCOUNTTRANSITNUMBER,ACCOUNTTRANSITID,STATUS,BALANCESAVAILABLEAMT,RESP_TYPE) values ('DI00','Transaction successful','1020202','00412','Active',1000000,'S');
Insert into STUB_PSH_ENVOY (STATUSCODE,CDIAGNOSTICTEXT,ACCOUNTTRANSITNUMBER,ACCOUNTTRANSITID,STATUS,BALANCESAVAILABLEAMT,RESP_TYPE) values ('DI00','Transaction successful','1020301','00412','Active',10,'S');
Insert into STUB_PSH_ENVOY (STATUSCODE,CDIAGNOSTICTEXT,ACCOUNTTRANSITNUMBER,ACCOUNTTRANSITID,STATUS,BALANCESAVAILABLEAMT,RESP_TYPE) values ('DI00','Transaction successful','1020304','00412','Active',10,'S');
Insert into STUB_PSH_ENVOY (STATUSCODE,CDIAGNOSTICTEXT,ACCOUNTTRANSITNUMBER,ACCOUNTTRANSITID,STATUS,BALANCESAVAILABLEAMT,RESP_TYPE) values ('DI00','Transaction successful','1020307','00412','Active',10,'S');
Insert into STUB_PSH_ENVOY (STATUSCODE,CDIAGNOSTICTEXT,ACCOUNTTRANSITNUMBER,ACCOUNTTRANSITID,STATUS,BALANCESAVAILABLEAMT,RESP_TYPE) values ('DI00','Transaction successful','1020310','00412','Active',1000000,'S');
Insert into STUB_PSH_ENVOY (STATUSCODE,CDIAGNOSTICTEXT,ACCOUNTTRANSITNUMBER,ACCOUNTTRANSITID,STATUS,BALANCESAVAILABLEAMT,RESP_TYPE) values ('DI00','Transaction successful','1020311','00412','Active',10,'S');
Insert into STUB_PSH_ENVOY (STATUSCODE,CDIAGNOSTICTEXT,ACCOUNTTRANSITNUMBER,ACCOUNTTRANSITID,STATUS,BALANCESAVAILABLEAMT,RESP_TYPE) values ('DI00','Transaction successful','1020401','00412','Active',10,'S');
Insert into STUB_PSH_ENVOY (STATUSCODE,CDIAGNOSTICTEXT,ACCOUNTTRANSITNUMBER,ACCOUNTTRANSITID,STATUS,BALANCESAVAILABLEAMT,RESP_TYPE) values ('DI00','Transaction successful','9080102','00412','Active',1000000,'S');
Insert into STUB_PSH_ENVOY (STATUSCODE,CDIAGNOSTICTEXT,ACCOUNTTRANSITNUMBER,ACCOUNTTRANSITID,STATUS,BALANCESAVAILABLEAMT,RESP_TYPE) values ('DI00','Transaction successful','9080201','00412','Active',1000000,'S');

-------------------------------------------------
Insert into STUB_WIREDEBIT (PAN_NO,DEBIT_ACC,TRANSIT_NO,APPROVAL_CODE,RESPONSE_CODE,RESPONSE_TYPE) values (1020300000000001,'1020101','00412','1234','000','T');
Insert into STUB_WIREDEBIT (PAN_NO,DEBIT_ACC,TRANSIT_NO,APPROVAL_CODE,RESPONSE_CODE,RESPONSE_TYPE) values (1020300000000002,'1020201','00412','1234','000','T');
Insert into STUB_WIREDEBIT (PAN_NO,DEBIT_ACC,TRANSIT_NO,APPROVAL_CODE,RESPONSE_CODE,RESPONSE_TYPE) values (1020300000000002,'1020202','00412','1234','000','T');
Insert into STUB_WIREDEBIT (PAN_NO,DEBIT_ACC,TRANSIT_NO,APPROVAL_CODE,RESPONSE_CODE,RESPONSE_TYPE) values (1020300000000003,'1020302','00412','1234','000','T');
Insert into STUB_WIREDEBIT (PAN_NO,DEBIT_ACC,TRANSIT_NO,APPROVAL_CODE,RESPONSE_CODE,RESPONSE_TYPE) values (1020300000000003,'1020305','00412','1234','000','T');
Insert into STUB_WIREDEBIT (PAN_NO,DEBIT_ACC,TRANSIT_NO,APPROVAL_CODE,RESPONSE_CODE,RESPONSE_TYPE) values (1020300000000003,'1020308','00412','1234','000','T');
Insert into STUB_WIREDEBIT (PAN_NO,DEBIT_ACC,TRANSIT_NO,APPROVAL_CODE,RESPONSE_CODE,RESPONSE_TYPE) values (1020300000000004,'1020401','00412','1234','000','T');

-------------------------------------------------
Insert into STUB_CTR_DEBIT (RESPONSE_CODE,RESPONSE_CODE_DESC,APPROVAL_CODE,FROM_ACCOUNT,TO_ACCOUNT,RESPONSE_TYPE) values ('000','Timeout','1234','1020101','200000181241','T');
Insert into STUB_CTR_DEBIT (RESPONSE_CODE,RESPONSE_CODE_DESC,APPROVAL_CODE,FROM_ACCOUNT,TO_ACCOUNT,RESPONSE_TYPE) values ('000','Timeout','1234','1020201','200000181241','T');
Insert into STUB_CTR_DEBIT (RESPONSE_CODE,RESPONSE_CODE_DESC,APPROVAL_CODE,FROM_ACCOUNT,TO_ACCOUNT,RESPONSE_TYPE) values ('000','Timeout','1234','1020302','1020309','T');
Insert into STUB_CTR_DEBIT (RESPONSE_CODE,RESPONSE_CODE_DESC,APPROVAL_CODE,FROM_ACCOUNT,TO_ACCOUNT,RESPONSE_TYPE) values ('000','Timeout','1234','1020308','1020309','T');
Insert into STUB_CTR_DEBIT (RESPONSE_CODE,RESPONSE_CODE_DESC,APPROVAL_CODE,FROM_ACCOUNT,TO_ACCOUNT,RESPONSE_TYPE) values ('000','Timeout','1234','1020305','1020309','T');
Insert into STUB_CTR_DEBIT (RESPONSE_CODE,RESPONSE_CODE_DESC,APPROVAL_CODE,FROM_ACCOUNT,TO_ACCOUNT,RESPONSE_TYPE) values ('000','Timeout','1234','1020401','200000181241','T');

-------------------------------------------------
Insert into STUB_EMTDEBIT (PAN_NO,DEBIT_ACC,TRANSIT_NO,APPROVAL_CODE,RESPONSE_CODE,RESPONSE_TYPE) values (1020300000000001,'1020101','00412','1234','000','T');
Insert into STUB_EMTDEBIT (PAN_NO,DEBIT_ACC,TRANSIT_NO,APPROVAL_CODE,RESPONSE_CODE,RESPONSE_TYPE) values (1020300000000002,'1020201','00412','1234','000','T');
Insert into STUB_EMTDEBIT (PAN_NO,DEBIT_ACC,TRANSIT_NO,APPROVAL_CODE,RESPONSE_CODE,RESPONSE_TYPE) values (1020300000000003,'1020307','00412','1234','000','T');
Insert into STUB_EMTDEBIT (PAN_NO,DEBIT_ACC,TRANSIT_NO,APPROVAL_CODE,RESPONSE_CODE,RESPONSE_TYPE) values (1020300000000003,'1020306','00412','1234','000','T');
Insert into STUB_EMTDEBIT (PAN_NO,DEBIT_ACC,TRANSIT_NO,APPROVAL_CODE,RESPONSE_CODE,RESPONSE_TYPE) values (1020300000000003,'1020301','00412','1234','000','T');
Insert into STUB_EMTDEBIT (PAN_NO,DEBIT_ACC,TRANSIT_NO,APPROVAL_CODE,RESPONSE_CODE,RESPONSE_TYPE) values (1020300000000003,'1020303','00412','1234','000','T');
Insert into STUB_EMTDEBIT (PAN_NO,DEBIT_ACC,TRANSIT_NO,APPROVAL_CODE,RESPONSE_CODE,RESPONSE_TYPE) values (1020300000000003,'1020304','00412','1234','000','T');
Insert into STUB_EMTDEBIT (PAN_NO,DEBIT_ACC,TRANSIT_NO,APPROVAL_CODE,RESPONSE_CODE,RESPONSE_TYPE) values (1020300000000004,'1020401','00412','1234','000','T');

-------------------------------------------------
Insert into STUB_SANCTIONS (CUST_NAME,CUST_STREET,CODE,DESCP,CUST_CITY,CUST_STATE,CUST_CTRY,CUST_PSTL_CODE) values ('DAWLAT','ISTIQLAL','1','Hit','TRIPLOLI','JAFARA','LIBYA','111088');

commit;

