delete from GTB_CUSTOMER where company_id in ('17000001','17000002','17000003','17000004','17000005','17000006','17000007');
delete from GTB_CUSTOMER_PREF where company_id in ('17000001','17000002','17000003','17000004','17000005','17000006','17000007');
delete from GTB_CUST_PROD_PREF where company_id in ('17000001','17000002','17000003','17000004','17000005','17000006','17000007');
delete from GTB_CUST_FILE_PREF where company_id in ('17000001','17000002','17000003','17000004','17000005','17000006','17000007');
delete from GTB_CUST_ACCOUNT where company_id in ('17000001','17000002','17000003','17000004','17000005','17000006','17000007');
delete from GTB_CUST_ACCOUNT_PREF where company_id in ('17000001','17000002','17000003','17000004','17000005','17000006','17000007');
delete from GTB_ACC_OWNERSHIP where company_id in ('17000001','17000002','17000003','17000004','17000005','17000006','17000007');

--GTB_CUSTOMER
Insert into GTB_CUSTOMER (APPLICATION_ID,ENTITY_ID,CUSTOMER_ID,CUSTOMER_LEGAL_NAME,CUSTOMER_SHORT_NAME,DOB_DOI,CUSTOMER_TYPE,GENDER,LEGAL_STATUS,KYC_STATUS,ACTIVATION_DATE,COUNTRY_CODE,IS_ACTIVE,CUSTOMER_CATEGORY_CODE,SALUTATION,FIRST_NAME,MIDDLE_NAME,LAST_NAME,GRP_CODE,PRIMARY_ENTITY,INDUSTRY_TYPE,CREDIT_RATING,BANK_CODE,BEI,EXPECTED_TURNOVER,KYC_DATE,KYC_REVIEW_DATE,KYC_OFFICER,DEACTIVATION_DATE,REASON,BANK_IBAN,BANK_BIC,BANK_TELEX,BANK_ABA,MAKER_ID,MAKER_DATE,AUTHORISER_ID,AUTHORISED_DATE,COMPANY_ID,PAY_AUTH_ID,FX_ID,CLIENT_TYPE,LANGUAGE,ENTITY_LEVEL,INS_PARTY_LINK,LEGAL_NAME,LEGACY_CLIENT_IND) values (1,3,'17000002','Bulk eTransfer Client02',null,null,'C',null,null,null,null,null,'0',null,null,null,null,null,null,null,null,null,'CIBCCATT',null,null,null,null,null,null,null,null,'BETZCA22',null,null,'BBDUSER01',to_date('26-06-19','DD-MM-RR'),'BBDUSER01',to_date('26-06-19','DD-MM-RR'),17000002,1700000000000002,'FXID1702','E','en_US','Primary','10000048',null,'N');
Insert into GTB_CUSTOMER (APPLICATION_ID,ENTITY_ID,CUSTOMER_ID,CUSTOMER_LEGAL_NAME,CUSTOMER_SHORT_NAME,DOB_DOI,CUSTOMER_TYPE,GENDER,LEGAL_STATUS,KYC_STATUS,ACTIVATION_DATE,COUNTRY_CODE,IS_ACTIVE,CUSTOMER_CATEGORY_CODE,SALUTATION,FIRST_NAME,MIDDLE_NAME,LAST_NAME,GRP_CODE,PRIMARY_ENTITY,INDUSTRY_TYPE,CREDIT_RATING,BANK_CODE,BEI,EXPECTED_TURNOVER,KYC_DATE,KYC_REVIEW_DATE,KYC_OFFICER,DEACTIVATION_DATE,REASON,BANK_IBAN,BANK_BIC,BANK_TELEX,BANK_ABA,MAKER_ID,MAKER_DATE,AUTHORISER_ID,AUTHORISED_DATE,COMPANY_ID,PAY_AUTH_ID,FX_ID,CLIENT_TYPE,LANGUAGE,ENTITY_LEVEL,INS_PARTY_LINK,LEGAL_NAME,LEGACY_CLIENT_IND) values (1,3,'17000003','Bulk eTransfer Client03',null,null,'C',null,null,null,null,null,'0',null,null,null,null,null,null,null,null,null,'CIBCCATT',null,null,null,null,null,null,null,null,'BETZCA13',null,null,'BCCMKR5',to_date('26-06-19','DD-MM-RR'),'BCCCKR1 ',to_date('26-06-19','DD-MM-RR'),17000003,1700000000000003,'FXID1703','E','en_US','Primary','17000006',null,'N');
Insert into GTB_CUSTOMER (APPLICATION_ID,ENTITY_ID,CUSTOMER_ID,CUSTOMER_LEGAL_NAME,CUSTOMER_SHORT_NAME,DOB_DOI,CUSTOMER_TYPE,GENDER,LEGAL_STATUS,KYC_STATUS,ACTIVATION_DATE,COUNTRY_CODE,IS_ACTIVE,CUSTOMER_CATEGORY_CODE,SALUTATION,FIRST_NAME,MIDDLE_NAME,LAST_NAME,GRP_CODE,PRIMARY_ENTITY,INDUSTRY_TYPE,CREDIT_RATING,BANK_CODE,BEI,EXPECTED_TURNOVER,KYC_DATE,KYC_REVIEW_DATE,KYC_OFFICER,DEACTIVATION_DATE,REASON,BANK_IBAN,BANK_BIC,BANK_TELEX,BANK_ABA,MAKER_ID,MAKER_DATE,AUTHORISER_ID,AUTHORISED_DATE,COMPANY_ID,PAY_AUTH_ID,FX_ID,CLIENT_TYPE,LANGUAGE,ENTITY_LEVEL,INS_PARTY_LINK,LEGAL_NAME,LEGACY_CLIENT_IND) values (1,3,'17000004','Bulk eTransfer Client04',null,null,'C',null,null,null,null,null,'0',null,null,null,null,null,null,null,null,null,'CIBCCATT',null,null,null,null,null,null,null,null,'BETZCA14',null,null,'BCCMKR5',to_date('26-06-19','DD-MM-RR'),'BCCCKR1 ',to_date('26-06-19','DD-MM-RR'),17000004,1700000000000004,'FXID1704','E','en_US','Primary','17000006',null,'N');
Insert into GTB_CUSTOMER (APPLICATION_ID,ENTITY_ID,CUSTOMER_ID,CUSTOMER_LEGAL_NAME,CUSTOMER_SHORT_NAME,DOB_DOI,CUSTOMER_TYPE,GENDER,LEGAL_STATUS,KYC_STATUS,ACTIVATION_DATE,COUNTRY_CODE,IS_ACTIVE,CUSTOMER_CATEGORY_CODE,SALUTATION,FIRST_NAME,MIDDLE_NAME,LAST_NAME,GRP_CODE,PRIMARY_ENTITY,INDUSTRY_TYPE,CREDIT_RATING,BANK_CODE,BEI,EXPECTED_TURNOVER,KYC_DATE,KYC_REVIEW_DATE,KYC_OFFICER,DEACTIVATION_DATE,REASON,BANK_IBAN,BANK_BIC,BANK_TELEX,BANK_ABA,MAKER_ID,MAKER_DATE,AUTHORISER_ID,AUTHORISED_DATE,COMPANY_ID,PAY_AUTH_ID,FX_ID,CLIENT_TYPE,LANGUAGE,ENTITY_LEVEL,INS_PARTY_LINK,LEGAL_NAME,LEGACY_CLIENT_IND) values (1,3,'17000005','Bulk eTransfer Client05',null,null,'C',null,null,null,null,null,'0',null,null,null,null,null,null,null,null,null,'CIBCCATT',null,null,null,null,null,null,null,null,'BETZCA15',null,null,'BCCMKR1',to_date('15-11-19','DD-MM-RR'),'BCCCKR1 ',to_date('15-11-19','DD-MM-RR'),17000005,1700000000000005,'FXID1705','E','en_US','Primary','17000006',null,'N');
Insert into GTB_CUSTOMER (APPLICATION_ID,ENTITY_ID,CUSTOMER_ID,CUSTOMER_LEGAL_NAME,CUSTOMER_SHORT_NAME,DOB_DOI,CUSTOMER_TYPE,GENDER,LEGAL_STATUS,KYC_STATUS,ACTIVATION_DATE,COUNTRY_CODE,IS_ACTIVE,CUSTOMER_CATEGORY_CODE,SALUTATION,FIRST_NAME,MIDDLE_NAME,LAST_NAME,GRP_CODE,PRIMARY_ENTITY,INDUSTRY_TYPE,CREDIT_RATING,BANK_CODE,BEI,EXPECTED_TURNOVER,KYC_DATE,KYC_REVIEW_DATE,KYC_OFFICER,DEACTIVATION_DATE,REASON,BANK_IBAN,BANK_BIC,BANK_TELEX,BANK_ABA,MAKER_ID,MAKER_DATE,AUTHORISER_ID,AUTHORISED_DATE,COMPANY_ID,PAY_AUTH_ID,FX_ID,CLIENT_TYPE,LANGUAGE,ENTITY_LEVEL,INS_PARTY_LINK,LEGAL_NAME,LEGACY_CLIENT_IND) values (1,3,'17000006','Bulk eTransfer Client06',null,null,'C',null,null,null,null,null,'0',null,null,null,null,null,null,null,null,null,'CIBCCATT',null,null,null,null,null,null,null,null,'BETZCA16',null,null,'BBDUSER01',to_date('18-11-19','DD-MM-RR'),'BBDUSER01',to_date('18-11-19','DD-MM-RR'),17000006,1700000000000006,'FXID1706','I','fr_FR','Primary',null,null,null);
Insert into GTB_CUSTOMER (APPLICATION_ID,ENTITY_ID,CUSTOMER_ID,CUSTOMER_LEGAL_NAME,CUSTOMER_SHORT_NAME,DOB_DOI,CUSTOMER_TYPE,GENDER,LEGAL_STATUS,KYC_STATUS,ACTIVATION_DATE,COUNTRY_CODE,IS_ACTIVE,CUSTOMER_CATEGORY_CODE,SALUTATION,FIRST_NAME,MIDDLE_NAME,LAST_NAME,GRP_CODE,PRIMARY_ENTITY,INDUSTRY_TYPE,CREDIT_RATING,BANK_CODE,BEI,EXPECTED_TURNOVER,KYC_DATE,KYC_REVIEW_DATE,KYC_OFFICER,DEACTIVATION_DATE,REASON,BANK_IBAN,BANK_BIC,BANK_TELEX,BANK_ABA,MAKER_ID,MAKER_DATE,AUTHORISER_ID,AUTHORISED_DATE,COMPANY_ID,PAY_AUTH_ID,FX_ID,CLIENT_TYPE,LANGUAGE,ENTITY_LEVEL,INS_PARTY_LINK,LEGAL_NAME,LEGACY_CLIENT_IND) values (1,3,'17000007','Bulk eTransfer Client07',null,null,'C',null,null,null,null,null,'0',null,null,null,null,null,null,null,null,null,'CIBCCATT',null,null,null,null,null,null,null,null,'BETZCA17',null,null,'BBDUSER01',to_date('21-06-19','DD-MM-RR'),'BBDUSER01',to_date('21-06-19','DD-MM-RR'),17000007,1700000000000007,'FXID1707','E','en_US','Primary',null,null,null);

--GTB_CUSTOMER_PREF
Insert into GTB_CUSTOMER_PREF (IS_ACTIVE,ACTIVATION_DATE,DEACTIVATION_DATE,MAKER_ID,MAKER_DATE,AUTHORISER_ID,AUTHORISED_DATE,CHANNEL,ALERT_LANGUAGE,CUSTOMER_LEGAL_NAME,COMPANY_ID,PROD_ID,BRANCH_CODE,CREATE_DT,HUMAN_RESP_TYPE,HR_RESP_CHNL,HR_RESP_FMT,IS_INITIATE_PRTY) values ('0',to_date('21-06-19','DD-MM-RR'),to_date('31-12-99','DD-MM-RR'),'BCCMKR5',to_date('25-11-19','DD-MM-RR'),'BCCCKR1 ',to_date('25-11-19','DD-MM-RR'),null,null,'Bulk eTransfer Client02',17000002,null,null,null,'File Ack/Nack
Payments Status Report
EOD Status Report
Return Item Report','FTS','CSV','No');
Insert into GTB_CUSTOMER_PREF (IS_ACTIVE,ACTIVATION_DATE,DEACTIVATION_DATE,MAKER_ID,MAKER_DATE,AUTHORISER_ID,AUTHORISED_DATE,CHANNEL,ALERT_LANGUAGE,CUSTOMER_LEGAL_NAME,COMPANY_ID,PROD_ID,BRANCH_CODE,CREATE_DT,HUMAN_RESP_TYPE,HR_RESP_CHNL,HR_RESP_FMT,IS_INITIATE_PRTY) values ('0',to_date('21-06-19','DD-MM-RR'),to_date('31-12-99','DD-MM-RR'),'BCCMKR5',to_date('25-11-19','DD-MM-RR'),'BCCCKR1 ',to_date('25-11-19','DD-MM-RR'),null,null,'Bulk eTransfer Client03',17000003,null,null,null,'File Ack/Nack
Payments Status Report
EOD Status Report
Return Item Report','FTS','CSV','No');
Insert into GTB_CUSTOMER_PREF (IS_ACTIVE,ACTIVATION_DATE,DEACTIVATION_DATE,MAKER_ID,MAKER_DATE,AUTHORISER_ID,AUTHORISED_DATE,CHANNEL,ALERT_LANGUAGE,CUSTOMER_LEGAL_NAME,COMPANY_ID,PROD_ID,BRANCH_CODE,CREATE_DT,HUMAN_RESP_TYPE,HR_RESP_CHNL,HR_RESP_FMT,IS_INITIATE_PRTY) values ('0',to_date('21-06-19','DD-MM-RR'),to_date('31-12-99','DD-MM-RR'),'BCCMKR5',to_date('25-11-19','DD-MM-RR'),'BCCCKR1 ',to_date('25-11-19','DD-MM-RR'),null,null,'Bulk eTransfer Client04',17000004,null,null,null,'File Ack/Nack
Payments Status Report
EOD Status Report
Return Item Report','FTS','CSV','No');
Insert into GTB_CUSTOMER_PREF (IS_ACTIVE,ACTIVATION_DATE,DEACTIVATION_DATE,MAKER_ID,MAKER_DATE,AUTHORISER_ID,AUTHORISED_DATE,CHANNEL,ALERT_LANGUAGE,CUSTOMER_LEGAL_NAME,COMPANY_ID,PROD_ID,BRANCH_CODE,CREATE_DT,HUMAN_RESP_TYPE,HR_RESP_CHNL,HR_RESP_FMT,IS_INITIATE_PRTY) values ('0',to_date('21-06-19','DD-MM-RR'),to_date('31-12-99','DD-MM-RR'),'BCCMKR5',to_date('25-11-19','DD-MM-RR'),'BCCCKR1 ',to_date('25-11-19','DD-MM-RR'),null,null,'Bulk eTransfer Client05',17000005,null,null,null,'File Ack/Nack
Payments Status Report
EOD Status Report
Return Item Report','FTS','CSV','No');
Insert into GTB_CUSTOMER_PREF (IS_ACTIVE,ACTIVATION_DATE,DEACTIVATION_DATE,MAKER_ID,MAKER_DATE,AUTHORISER_ID,AUTHORISED_DATE,CHANNEL,ALERT_LANGUAGE,CUSTOMER_LEGAL_NAME,COMPANY_ID,PROD_ID,BRANCH_CODE,CREATE_DT,HUMAN_RESP_TYPE,HR_RESP_CHNL,HR_RESP_FMT,IS_INITIATE_PRTY) values ('0',to_date('21-06-19','DD-MM-RR'),to_date('31-12-99','DD-MM-RR'),'BCCMKR5',to_date('25-11-19','DD-MM-RR'),'BCCCKR1 ',to_date('25-11-19','DD-MM-RR'),null,null,'Bulk eTransfer Client06',17000006,null,null,null,'File Ack/Nack
Payments Status Report
EOD Status Report
Return Item Report','FTS','CSV','No');
Insert into GTB_CUSTOMER_PREF (IS_ACTIVE,ACTIVATION_DATE,DEACTIVATION_DATE,MAKER_ID,MAKER_DATE,AUTHORISER_ID,AUTHORISED_DATE,CHANNEL,ALERT_LANGUAGE,CUSTOMER_LEGAL_NAME,COMPANY_ID,PROD_ID,BRANCH_CODE,CREATE_DT,HUMAN_RESP_TYPE,HR_RESP_CHNL,HR_RESP_FMT,IS_INITIATE_PRTY) values ('0',to_date('21-06-19','DD-MM-RR'),to_date('31-12-99','DD-MM-RR'),'BCCMKR5',to_date('25-11-19','DD-MM-RR'),'BCCCKR1 ',to_date('25-11-19','DD-MM-RR'),null,null,'Bulk eTransfer Client07',17000007,null,null,null,'File Ack/Nack
Payments Status Report
EOD Status Report
Return Item Report','FTS','CSV','No');

--GTB_CUST_PROD_PREF
Insert into GTB_CUST_PROD_PREF (COMPANY_ID,FUTURE_DATE_ALLO,NO_FUTURE_DAYS,TXN_LIMIT_REQD,TXN_LIMIT_CURRENCY,TXN_LIMIT_FROM,TXN_LIMIT_TO,EXT_CUTOFF_REQD,EXT_CUTOFF_TIME,PREF_CURRENCY,PREF_COUNTRY,MAKER_ID,MAKER_DATE,AUTHORISER_ID,AUTHORISED_DATE,SEQNO,PROD_ID,PROD_DESC,REMIT_ALLOWED,IS_PREF_SERVICE,IS_BATCH_DEBIT) values (17000003,null,null,null,null,null,null,null,null,null,null,'BCCMKR5',to_date('25-11-19','DD-MM-RR'),'BCCCKR1',to_date('25-11-19','DD-MM-RR'),1,'EMT','Bulk eTransfer',null,null,'Single');
Insert into GTB_CUST_PROD_PREF (COMPANY_ID,FUTURE_DATE_ALLO,NO_FUTURE_DAYS,TXN_LIMIT_REQD,TXN_LIMIT_CURRENCY,TXN_LIMIT_FROM,TXN_LIMIT_TO,EXT_CUTOFF_REQD,EXT_CUTOFF_TIME,PREF_CURRENCY,PREF_COUNTRY,MAKER_ID,MAKER_DATE,AUTHORISER_ID,AUTHORISED_DATE,SEQNO,PROD_ID,PROD_DESC,REMIT_ALLOWED,IS_PREF_SERVICE,IS_BATCH_DEBIT) values (17000007,null,null,null,null,null,null,null,null,null,null,'BCCMKR1',to_date('25-11-19','DD-MM-RR'),'BCCCKR1',to_date('25-11-19','DD-MM-RR'),1,'Wires','Wires',null,null,'Single');
Insert into GTB_CUST_PROD_PREF (COMPANY_ID,FUTURE_DATE_ALLO,NO_FUTURE_DAYS,TXN_LIMIT_REQD,TXN_LIMIT_CURRENCY,TXN_LIMIT_FROM,TXN_LIMIT_TO,EXT_CUTOFF_REQD,EXT_CUTOFF_TIME,PREF_CURRENCY,PREF_COUNTRY,MAKER_ID,MAKER_DATE,AUTHORISER_ID,AUTHORISED_DATE,SEQNO,PROD_ID,PROD_DESC,REMIT_ALLOWED,IS_PREF_SERVICE,IS_BATCH_DEBIT) values (17000007,null,null,null,null,null,null,null,null,null,null,'BCCMKR1',to_date('25-11-19','DD-MM-RR'),'BCCCKR1',to_date('25-11-19','DD-MM-RR'),2,'CHK','Cheques','Y',null,'Single');
Insert into GTB_CUST_PROD_PREF (COMPANY_ID,FUTURE_DATE_ALLO,NO_FUTURE_DAYS,TXN_LIMIT_REQD,TXN_LIMIT_CURRENCY,TXN_LIMIT_FROM,TXN_LIMIT_TO,EXT_CUTOFF_REQD,EXT_CUTOFF_TIME,PREF_CURRENCY,PREF_COUNTRY,MAKER_ID,MAKER_DATE,AUTHORISER_ID,AUTHORISED_DATE,SEQNO,PROD_ID,PROD_DESC,REMIT_ALLOWED,IS_PREF_SERVICE,IS_BATCH_DEBIT) values (17000007,null,null,null,null,null,null,null,null,null,null,'BCCMKR1',to_date('25-11-19','DD-MM-RR'),'BCCCKR1',to_date('25-11-19','DD-MM-RR'),3,'SAR','Standalone Remittances',null,null,'Single');
Insert into GTB_CUST_PROD_PREF (COMPANY_ID,FUTURE_DATE_ALLO,NO_FUTURE_DAYS,TXN_LIMIT_REQD,TXN_LIMIT_CURRENCY,TXN_LIMIT_FROM,TXN_LIMIT_TO,EXT_CUTOFF_REQD,EXT_CUTOFF_TIME,PREF_CURRENCY,PREF_COUNTRY,MAKER_ID,MAKER_DATE,AUTHORISER_ID,AUTHORISED_DATE,SEQNO,PROD_ID,PROD_DESC,REMIT_ALLOWED,IS_PREF_SERVICE,IS_BATCH_DEBIT) values (17000007,null,null,null,null,null,null,null,null,null,null,'BCCMKR1',to_date('25-11-19','DD-MM-RR'),'BCCCKR1',to_date('25-11-19','DD-MM-RR'),4,'CTR','Account Transfer',null,null,'Single');
Insert into GTB_CUST_PROD_PREF (COMPANY_ID,FUTURE_DATE_ALLO,NO_FUTURE_DAYS,TXN_LIMIT_REQD,TXN_LIMIT_CURRENCY,TXN_LIMIT_FROM,TXN_LIMIT_TO,EXT_CUTOFF_REQD,EXT_CUTOFF_TIME,PREF_CURRENCY,PREF_COUNTRY,MAKER_ID,MAKER_DATE,AUTHORISER_ID,AUTHORISED_DATE,SEQNO,PROD_ID,PROD_DESC,REMIT_ALLOWED,IS_PREF_SERVICE,IS_BATCH_DEBIT) values (17000007,null,null,null,null,null,null,null,null,null,null,'BCCMKR1',to_date('25-11-19','DD-MM-RR'),'BCCCKR1',to_date('25-11-19','DD-MM-RR'),5,'EMT','Bulk eTransfer','Y',null,'Single');
Insert into GTB_CUST_PROD_PREF (COMPANY_ID,FUTURE_DATE_ALLO,NO_FUTURE_DAYS,TXN_LIMIT_REQD,TXN_LIMIT_CURRENCY,TXN_LIMIT_FROM,TXN_LIMIT_TO,EXT_CUTOFF_REQD,EXT_CUTOFF_TIME,PREF_CURRENCY,PREF_COUNTRY,MAKER_ID,MAKER_DATE,AUTHORISER_ID,AUTHORISED_DATE,SEQNO,PROD_ID,PROD_DESC,REMIT_ALLOWED,IS_PREF_SERVICE,IS_BATCH_DEBIT) values (17000004,null,null,null,null,null,null,null,null,null,null,'BCCMKR1',to_date('25-11-19','DD-MM-RR'),'BCCCKR1',to_date('25-11-19','DD-MM-RR'),1,'EMT','Bulk eTransfer','Y',null,'Batch');
Insert into GTB_CUST_PROD_PREF (COMPANY_ID,FUTURE_DATE_ALLO,NO_FUTURE_DAYS,TXN_LIMIT_REQD,TXN_LIMIT_CURRENCY,TXN_LIMIT_FROM,TXN_LIMIT_TO,EXT_CUTOFF_REQD,EXT_CUTOFF_TIME,PREF_CURRENCY,PREF_COUNTRY,MAKER_ID,MAKER_DATE,AUTHORISER_ID,AUTHORISED_DATE,SEQNO,PROD_ID,PROD_DESC,REMIT_ALLOWED,IS_PREF_SERVICE,IS_BATCH_DEBIT) values (17000002,null,null,null,null,null,null,null,null,null,null,'BCCMKR1',to_date('25-11-19','DD-MM-RR'),'BCCCKR1',to_date('25-11-19','DD-MM-RR'),1,'EMT','Bulk eTransfer',null,null,'Batch');
Insert into GTB_CUST_PROD_PREF (COMPANY_ID,FUTURE_DATE_ALLO,NO_FUTURE_DAYS,TXN_LIMIT_REQD,TXN_LIMIT_CURRENCY,TXN_LIMIT_FROM,TXN_LIMIT_TO,EXT_CUTOFF_REQD,EXT_CUTOFF_TIME,PREF_CURRENCY,PREF_COUNTRY,MAKER_ID,MAKER_DATE,AUTHORISER_ID,AUTHORISED_DATE,SEQNO,PROD_ID,PROD_DESC,REMIT_ALLOWED,IS_PREF_SERVICE,IS_BATCH_DEBIT) values (17000005,null,null,null,null,null,null,null,null,null,null,'BCCMKR5',to_date('25-11-19','DD-MM-RR'),'BCCCKR1',to_date('25-11-19','DD-MM-RR'),1,'EMT','Bulk eTransfer',null,null,'Single');
Insert into GTB_CUST_PROD_PREF (COMPANY_ID,FUTURE_DATE_ALLO,NO_FUTURE_DAYS,TXN_LIMIT_REQD,TXN_LIMIT_CURRENCY,TXN_LIMIT_FROM,TXN_LIMIT_TO,EXT_CUTOFF_REQD,EXT_CUTOFF_TIME,PREF_CURRENCY,PREF_COUNTRY,MAKER_ID,MAKER_DATE,AUTHORISER_ID,AUTHORISED_DATE,SEQNO,PROD_ID,PROD_DESC,REMIT_ALLOWED,IS_PREF_SERVICE,IS_BATCH_DEBIT) values (17000005,null,null,null,null,0,0,null,null,null,null,'BCCMKR5',to_date('25-11-19','DD-MM-RR'),'BCCCKR1',to_date('25-11-19','DD-MM-RR'),2,'Wires','Wires',null,null,'Single');
Insert into GTB_CUST_PROD_PREF (COMPANY_ID,FUTURE_DATE_ALLO,NO_FUTURE_DAYS,TXN_LIMIT_REQD,TXN_LIMIT_CURRENCY,TXN_LIMIT_FROM,TXN_LIMIT_TO,EXT_CUTOFF_REQD,EXT_CUTOFF_TIME,PREF_CURRENCY,PREF_COUNTRY,MAKER_ID,MAKER_DATE,AUTHORISER_ID,AUTHORISED_DATE,SEQNO,PROD_ID,PROD_DESC,REMIT_ALLOWED,IS_PREF_SERVICE,IS_BATCH_DEBIT) values (17000005,null,null,null,null,null,null,null,null,null,null,'BCCMKR5',to_date('25-11-19','DD-MM-RR'),'BCCCKR1',to_date('25-11-19','DD-MM-RR'),3,'CTR','Account Transfer',null,null,'Single');
Insert into GTB_CUST_PROD_PREF (COMPANY_ID,FUTURE_DATE_ALLO,NO_FUTURE_DAYS,TXN_LIMIT_REQD,TXN_LIMIT_CURRENCY,TXN_LIMIT_FROM,TXN_LIMIT_TO,EXT_CUTOFF_REQD,EXT_CUTOFF_TIME,PREF_CURRENCY,PREF_COUNTRY,MAKER_ID,MAKER_DATE,AUTHORISER_ID,AUTHORISED_DATE,SEQNO,PROD_ID,PROD_DESC,REMIT_ALLOWED,IS_PREF_SERVICE,IS_BATCH_DEBIT) values (17000006,null,null,null,null,null,null,null,null,null,null,'BCCMKR1',to_date('25-11-19','DD-MM-RR'),'BCCCKR1',to_date('25-11-19','DD-MM-RR'),1,'EMT','Bulk eTransfer',null,null,'Batch');
Insert into GTB_CUST_PROD_PREF (COMPANY_ID,FUTURE_DATE_ALLO,NO_FUTURE_DAYS,TXN_LIMIT_REQD,TXN_LIMIT_CURRENCY,TXN_LIMIT_FROM,TXN_LIMIT_TO,EXT_CUTOFF_REQD,EXT_CUTOFF_TIME,PREF_CURRENCY,PREF_COUNTRY,MAKER_ID,MAKER_DATE,AUTHORISER_ID,AUTHORISED_DATE,SEQNO,PROD_ID,PROD_DESC,REMIT_ALLOWED,IS_PREF_SERVICE,IS_BATCH_DEBIT) values (17000006,null,null,null,null,null,null,null,null,null,null,'BCCMKR1',to_date('25-11-19','DD-MM-RR'),'BCCCKR1',to_date('25-11-19','DD-MM-RR'),2,'Wires','Wires',null,null,'Single');
Insert into GTB_CUST_PROD_PREF (COMPANY_ID,FUTURE_DATE_ALLO,NO_FUTURE_DAYS,TXN_LIMIT_REQD,TXN_LIMIT_CURRENCY,TXN_LIMIT_FROM,TXN_LIMIT_TO,EXT_CUTOFF_REQD,EXT_CUTOFF_TIME,PREF_CURRENCY,PREF_COUNTRY,MAKER_ID,MAKER_DATE,AUTHORISER_ID,AUTHORISED_DATE,SEQNO,PROD_ID,PROD_DESC,REMIT_ALLOWED,IS_PREF_SERVICE,IS_BATCH_DEBIT) values (17000006,null,null,null,null,null,null,null,null,null,null,'BCCMKR1',to_date('25-11-19','DD-MM-RR'),'BCCCKR1',to_date('25-11-19','DD-MM-RR'),3,'CTR','Account Transfer',null,null,'Single');
Insert into GTB_CUST_PROD_PREF (COMPANY_ID,FUTURE_DATE_ALLO,NO_FUTURE_DAYS,TXN_LIMIT_REQD,TXN_LIMIT_CURRENCY,TXN_LIMIT_FROM,TXN_LIMIT_TO,EXT_CUTOFF_REQD,EXT_CUTOFF_TIME,PREF_CURRENCY,PREF_COUNTRY,MAKER_ID,MAKER_DATE,AUTHORISER_ID,AUTHORISED_DATE,SEQNO,PROD_ID,PROD_DESC,REMIT_ALLOWED,IS_PREF_SERVICE,IS_BATCH_DEBIT) values (17000006,null,null,null,null,null,null,null,null,null,null,'BCCMKR1',to_date('25-11-19','DD-MM-RR'),'BCCCKR1',to_date('25-11-19','DD-MM-RR'),4,'CHK','Cheques','Y',null,'Single');
Insert into GTB_CUST_PROD_PREF (COMPANY_ID,FUTURE_DATE_ALLO,NO_FUTURE_DAYS,TXN_LIMIT_REQD,TXN_LIMIT_CURRENCY,TXN_LIMIT_FROM,TXN_LIMIT_TO,EXT_CUTOFF_REQD,EXT_CUTOFF_TIME,PREF_CURRENCY,PREF_COUNTRY,MAKER_ID,MAKER_DATE,AUTHORISER_ID,AUTHORISED_DATE,SEQNO,PROD_ID,PROD_DESC,REMIT_ALLOWED,IS_PREF_SERVICE,IS_BATCH_DEBIT) values (17000006,null,null,null,null,null,null,null,null,null,null,'BCCMKR1',to_date('25-11-19','DD-MM-RR'),'BCCCKR1',to_date('25-11-19','DD-MM-RR'),5,'SAR','Standalone Remittances',null,null,'Single');

--GTB_CUST_FILE_PREF
Insert into GTB_CUST_FILE_PREF (COMPANY_ID,FORMAT_ID,OD_REQUIRED,LIMIT_CHECK,RECORD_COUNT,FILE_SIZE,RECIPTION_ACK_REQD,EOP_ACK_REQD,EOD_ACK_REQD,EOW_ACK_REQD,EOM_ACK_REQD,INCULDE_FILE_PSR,ACK_LANGUAGE,CHANNEL_ID,MAKER_ID,MAKER_DATE,AUTHORISER_ID,AUTHORISED_DATE,SEQNO,FORMAT_DESC,MACHINE_RESP_TYPE,RESP_FILE_FORMAT,MACHINE_RESP_CHANNEL) values (17000002,'2000015',null,null,null,null,null,null,null,null,null,null,null,'FTS','BCCMKR5',to_date('25-11-19','DD-MM-RR'),'BCCCKR1',to_date('25-11-19','DD-MM-RR'),1,'ISO Pain 001.001.03 (Credits Only)','File Ack/Nack
Payments Status Report
Daily Outstanding Transfers Report
Daily Finalized Transfers Report
Intraday Finalized Transfers Report
Intraday Outstanding Transfers Report','2000024
1050124791','FTS');
Insert into GTB_CUST_FILE_PREF (COMPANY_ID,FORMAT_ID,OD_REQUIRED,LIMIT_CHECK,RECORD_COUNT,FILE_SIZE,RECIPTION_ACK_REQD,EOP_ACK_REQD,EOD_ACK_REQD,EOW_ACK_REQD,EOM_ACK_REQD,INCULDE_FILE_PSR,ACK_LANGUAGE,CHANNEL_ID,MAKER_ID,MAKER_DATE,AUTHORISER_ID,AUTHORISED_DATE,SEQNO,FORMAT_DESC,MACHINE_RESP_TYPE,RESP_FILE_FORMAT,MACHINE_RESP_CHANNEL) values (17000002,'1050124787',null,null,null,null,null,null,null,null,null,null,null,'FTS','BCCMKR1',to_date('25-11-19','DD-MM-RR'),'BCCCKR1',to_date('25-11-19','DD-MM-RR'),2,'ISO CAMT055.001.07','Cancellation ACK/NACK','40902255','FTS');
Insert into GTB_CUST_FILE_PREF (COMPANY_ID,FORMAT_ID,OD_REQUIRED,LIMIT_CHECK,RECORD_COUNT,FILE_SIZE,RECIPTION_ACK_REQD,EOP_ACK_REQD,EOD_ACK_REQD,EOW_ACK_REQD,EOM_ACK_REQD,INCULDE_FILE_PSR,ACK_LANGUAGE,CHANNEL_ID,MAKER_ID,MAKER_DATE,AUTHORISER_ID,AUTHORISED_DATE,SEQNO,FORMAT_DESC,MACHINE_RESP_TYPE,RESP_FILE_FORMAT,MACHINE_RESP_CHANNEL) values (17000004,'2000015',null,null,null,null,null,null,null,null,null,null,null,'FTS','BCCMKR5',to_date('25-11-19','DD-MM-RR'),'BCCCKR1',to_date('25-11-19','DD-MM-RR'),1,'ISO Pain 001.001.03 (Credits Only)','File Ack/Nack
Payments Status Report
Daily Outstanding Transfers Report
Daily Finalized Transfers Report
Intraday Outstanding Transfers Report
Intraday Finalized Transfers Report','2000024
1050124791','FTS');
Insert into GTB_CUST_FILE_PREF (COMPANY_ID,FORMAT_ID,OD_REQUIRED,LIMIT_CHECK,RECORD_COUNT,FILE_SIZE,RECIPTION_ACK_REQD,EOP_ACK_REQD,EOD_ACK_REQD,EOW_ACK_REQD,EOM_ACK_REQD,INCULDE_FILE_PSR,ACK_LANGUAGE,CHANNEL_ID,MAKER_ID,MAKER_DATE,AUTHORISER_ID,AUTHORISED_DATE,SEQNO,FORMAT_DESC,MACHINE_RESP_TYPE,RESP_FILE_FORMAT,MACHINE_RESP_CHANNEL) values (17000004,'1050124787',null,null,null,null,null,null,null,null,null,null,null,'FTS','BCCMKR5',to_date('25-11-19','DD-MM-RR'),'BCCCKR1',to_date('25-11-19','DD-MM-RR'),2,'ISO CAMT055.001.07','Cancellation ACK/NACK','40902255','FTS');
Insert into GTB_CUST_FILE_PREF (COMPANY_ID,FORMAT_ID,OD_REQUIRED,LIMIT_CHECK,RECORD_COUNT,FILE_SIZE,RECIPTION_ACK_REQD,EOP_ACK_REQD,EOD_ACK_REQD,EOW_ACK_REQD,EOM_ACK_REQD,INCULDE_FILE_PSR,ACK_LANGUAGE,CHANNEL_ID,MAKER_ID,MAKER_DATE,AUTHORISER_ID,AUTHORISED_DATE,SEQNO,FORMAT_DESC,MACHINE_RESP_TYPE,RESP_FILE_FORMAT,MACHINE_RESP_CHANNEL) values (17000006,'731769867',null,null,null,null,null,null,null,null,null,null,null,'FTS
SCA','BCCMKR1',to_date('25-11-19','DD-MM-RR'),'BCCCKR1',to_date('25-11-19','DD-MM-RR'),5,'CMO103 (Wires Only)','File Ack/Nack
Payments Status Report','292672977','FTS
SCA');
Insert into GTB_CUST_FILE_PREF (COMPANY_ID,FORMAT_ID,OD_REQUIRED,LIMIT_CHECK,RECORD_COUNT,FILE_SIZE,RECIPTION_ACK_REQD,EOP_ACK_REQD,EOD_ACK_REQD,EOW_ACK_REQD,EOM_ACK_REQD,INCULDE_FILE_PSR,ACK_LANGUAGE,CHANNEL_ID,MAKER_ID,MAKER_DATE,AUTHORISER_ID,AUTHORISED_DATE,SEQNO,FORMAT_DESC,MACHINE_RESP_TYPE,RESP_FILE_FORMAT,MACHINE_RESP_CHANNEL) values (17000006,'2000015',null,null,null,null,null,null,null,null,null,null,null,'FTS
SCA','BCCMKR5',to_date('25-11-19','DD-MM-RR'),'BCCCKR1',to_date('25-11-19','DD-MM-RR'),7,'ISO Pain 001.001.03 (Credits Only)','File Ack/Nack
Payments Status Report
Daily Outstanding Transfers Report
Daily Finalized Transfers Report
Intraday Outstanding Transfers Report
Intraday Finalized Transfers Report','2000024
1050124791','FTS
SCA');
Insert into GTB_CUST_FILE_PREF (COMPANY_ID,FORMAT_ID,OD_REQUIRED,LIMIT_CHECK,RECORD_COUNT,FILE_SIZE,RECIPTION_ACK_REQD,EOP_ACK_REQD,EOD_ACK_REQD,EOW_ACK_REQD,EOM_ACK_REQD,INCULDE_FILE_PSR,ACK_LANGUAGE,CHANNEL_ID,MAKER_ID,MAKER_DATE,AUTHORISER_ID,AUTHORISED_DATE,SEQNO,FORMAT_DESC,MACHINE_RESP_TYPE,RESP_FILE_FORMAT,MACHINE_RESP_CHANNEL) values (17000006,'1050124787',null,null,null,null,null,null,null,null,null,null,null,'FTS','BCCMKR5',to_date('25-11-19','DD-MM-RR'),'BCCCKR1',to_date('25-11-19','DD-MM-RR'),8,'ISO CAMT055.001.07','Cancellation ACK/NACK','40902255','FTS');
Insert into GTB_CUST_FILE_PREF (COMPANY_ID,FORMAT_ID,OD_REQUIRED,LIMIT_CHECK,RECORD_COUNT,FILE_SIZE,RECIPTION_ACK_REQD,EOP_ACK_REQD,EOD_ACK_REQD,EOW_ACK_REQD,EOM_ACK_REQD,INCULDE_FILE_PSR,ACK_LANGUAGE,CHANNEL_ID,MAKER_ID,MAKER_DATE,AUTHORISER_ID,AUTHORISED_DATE,SEQNO,FORMAT_DESC,MACHINE_RESP_TYPE,RESP_FILE_FORMAT,MACHINE_RESP_CHANNEL) values (17000006,'555527697',null,null,null,null,null,null,null,null,null,null,null,'FTS
SCA','BCCMKR1',to_date('25-11-19','DD-MM-RR'),'BCCCKR1',to_date('25-11-19','DD-MM-RR'),6,'ISO REMT (Standalone Remittance only)','File Ack/Nack
Payments Status Report','2000024','FTS
SCA');
Insert into GTB_CUST_FILE_PREF (COMPANY_ID,FORMAT_ID,OD_REQUIRED,LIMIT_CHECK,RECORD_COUNT,FILE_SIZE,RECIPTION_ACK_REQD,EOP_ACK_REQD,EOD_ACK_REQD,EOW_ACK_REQD,EOM_ACK_REQD,INCULDE_FILE_PSR,ACK_LANGUAGE,CHANNEL_ID,MAKER_ID,MAKER_DATE,AUTHORISER_ID,AUTHORISED_DATE,SEQNO,FORMAT_DESC,MACHINE_RESP_TYPE,RESP_FILE_FORMAT,MACHINE_RESP_CHANNEL) values (17000006,'1050124786',null,null,null,null,null,null,null,null,null,null,null,'FTS
SCA','BCCMKR1',to_date('25-11-19','DD-MM-RR'),'BCCCKR1',to_date('25-11-19','DD-MM-RR'),3,'X12 820 V4010','File Ack/Nack
Payments Status Report','528357253
528357252','FTS
SCA');
Insert into GTB_CUST_FILE_PREF (COMPANY_ID,FORMAT_ID,OD_REQUIRED,LIMIT_CHECK,RECORD_COUNT,FILE_SIZE,RECIPTION_ACK_REQD,EOP_ACK_REQD,EOD_ACK_REQD,EOW_ACK_REQD,EOM_ACK_REQD,INCULDE_FILE_PSR,ACK_LANGUAGE,CHANNEL_ID,MAKER_ID,MAKER_DATE,AUTHORISER_ID,AUTHORISED_DATE,SEQNO,FORMAT_DESC,MACHINE_RESP_TYPE,RESP_FILE_FORMAT,MACHINE_RESP_CHANNEL) values (17000006,'731769866',null,null,null,null,null,null,null,null,null,null,null,'FTS
SCA
FIN','BCCMKR1',to_date('25-11-19','DD-MM-RR'),'BCCCKR1',to_date('25-11-19','DD-MM-RR'),4,'MT101 (Credits Only)','File Ack/Nack
Payments Status Report
Confirmation of Debit(COD)','292672977
589571768','FTS
SCA
FIN');
Insert into GTB_CUST_FILE_PREF (COMPANY_ID,FORMAT_ID,OD_REQUIRED,LIMIT_CHECK,RECORD_COUNT,FILE_SIZE,RECIPTION_ACK_REQD,EOP_ACK_REQD,EOD_ACK_REQD,EOW_ACK_REQD,EOM_ACK_REQD,INCULDE_FILE_PSR,ACK_LANGUAGE,CHANNEL_ID,MAKER_ID,MAKER_DATE,AUTHORISER_ID,AUTHORISED_DATE,SEQNO,FORMAT_DESC,MACHINE_RESP_TYPE,RESP_FILE_FORMAT,MACHINE_RESP_CHANNEL) values (17000003,'2000015',null,null,null,null,null,null,null,null,null,null,null,'FTS','BCCMKR5',to_date('25-11-19','DD-MM-RR'),'BCCCKR1',to_date('25-11-19','DD-MM-RR'),1,'ISO Pain 001.001.03 (Credits Only)','File Ack/Nack
Payments Status Report
Daily Outstanding Transfers Report
Daily Finalized Transfers Report
Intraday Outstanding Transfers Report
Intraday Finalized Transfers Report','2000024
1050124791','FTS');
Insert into GTB_CUST_FILE_PREF (COMPANY_ID,FORMAT_ID,OD_REQUIRED,LIMIT_CHECK,RECORD_COUNT,FILE_SIZE,RECIPTION_ACK_REQD,EOP_ACK_REQD,EOD_ACK_REQD,EOW_ACK_REQD,EOM_ACK_REQD,INCULDE_FILE_PSR,ACK_LANGUAGE,CHANNEL_ID,MAKER_ID,MAKER_DATE,AUTHORISER_ID,AUTHORISED_DATE,SEQNO,FORMAT_DESC,MACHINE_RESP_TYPE,RESP_FILE_FORMAT,MACHINE_RESP_CHANNEL) values (17000003,'1050124787',null,null,null,null,null,null,null,null,null,null,null,'FTS','BCCMKR1',to_date('25-11-19','DD-MM-RR'),'BCCCKR1',to_date('25-11-19','DD-MM-RR'),3,'ISO CAMT055.001.07','Cancellation ACK/NACK','40902255','FTS');
Insert into GTB_CUST_FILE_PREF (COMPANY_ID,FORMAT_ID,OD_REQUIRED,LIMIT_CHECK,RECORD_COUNT,FILE_SIZE,RECIPTION_ACK_REQD,EOP_ACK_REQD,EOD_ACK_REQD,EOW_ACK_REQD,EOM_ACK_REQD,INCULDE_FILE_PSR,ACK_LANGUAGE,CHANNEL_ID,MAKER_ID,MAKER_DATE,AUTHORISER_ID,AUTHORISED_DATE,SEQNO,FORMAT_DESC,MACHINE_RESP_TYPE,RESP_FILE_FORMAT,MACHINE_RESP_CHANNEL) values (17000007,'731769866',null,null,null,null,null,null,null,null,null,null,null,'FTS
SCA
FIN','BCCMKR1',to_date('25-11-19','DD-MM-RR'),'BCCCKR1',to_date('25-11-19','DD-MM-RR'),3,'MT101 (Credits Only)','File Ack/Nack
Payments Status Report
Confirmation of Debit(COD)','292672977
589571768','FTS
SCA
FIN');
Insert into GTB_CUST_FILE_PREF (COMPANY_ID,FORMAT_ID,OD_REQUIRED,LIMIT_CHECK,RECORD_COUNT,FILE_SIZE,RECIPTION_ACK_REQD,EOP_ACK_REQD,EOD_ACK_REQD,EOW_ACK_REQD,EOM_ACK_REQD,INCULDE_FILE_PSR,ACK_LANGUAGE,CHANNEL_ID,MAKER_ID,MAKER_DATE,AUTHORISER_ID,AUTHORISED_DATE,SEQNO,FORMAT_DESC,MACHINE_RESP_TYPE,RESP_FILE_FORMAT,MACHINE_RESP_CHANNEL) values (17000007,'731769867',null,null,null,null,null,null,null,null,null,null,null,'FTS
SCA','BCCMKR1',to_date('25-11-19','DD-MM-RR'),'BCCCKR1',to_date('25-11-19','DD-MM-RR'),4,'CMO103 (Wires Only)','File Ack/Nack
Payments Status Report','292672977','FTS
SCA');
Insert into GTB_CUST_FILE_PREF (COMPANY_ID,FORMAT_ID,OD_REQUIRED,LIMIT_CHECK,RECORD_COUNT,FILE_SIZE,RECIPTION_ACK_REQD,EOP_ACK_REQD,EOD_ACK_REQD,EOW_ACK_REQD,EOM_ACK_REQD,INCULDE_FILE_PSR,ACK_LANGUAGE,CHANNEL_ID,MAKER_ID,MAKER_DATE,AUTHORISER_ID,AUTHORISED_DATE,SEQNO,FORMAT_DESC,MACHINE_RESP_TYPE,RESP_FILE_FORMAT,MACHINE_RESP_CHANNEL) values (17000007,'2000015',null,null,null,null,null,null,null,null,null,null,null,'FTS
SCA','BCCMKR5',to_date('25-11-19','DD-MM-RR'),'BCCCKR1',to_date('25-11-19','DD-MM-RR'),2,'ISO Pain 001.001.03 (Credits Only)','File Ack/Nack
Payments Status Report
Daily Outstanding Transfers Report
Daily Finalized Transfers Report
Intraday Outstanding Transfers Report
Intraday Finalized Transfers Report','2000024
1050124791','FTS
SCA');
Insert into GTB_CUST_FILE_PREF (COMPANY_ID,FORMAT_ID,OD_REQUIRED,LIMIT_CHECK,RECORD_COUNT,FILE_SIZE,RECIPTION_ACK_REQD,EOP_ACK_REQD,EOD_ACK_REQD,EOW_ACK_REQD,EOM_ACK_REQD,INCULDE_FILE_PSR,ACK_LANGUAGE,CHANNEL_ID,MAKER_ID,MAKER_DATE,AUTHORISER_ID,AUTHORISED_DATE,SEQNO,FORMAT_DESC,MACHINE_RESP_TYPE,RESP_FILE_FORMAT,MACHINE_RESP_CHANNEL) values (17000007,'1050124787',null,null,null,null,null,null,null,null,null,null,null,'FTS','BCCMKR5',to_date('25-11-19','DD-MM-RR'),'BCCCKR1',to_date('25-11-19','DD-MM-RR'),6,'ISO CAMT055.001.07','Cancellation ACK/NACK','40902255','FTS');
Insert into GTB_CUST_FILE_PREF (COMPANY_ID,FORMAT_ID,OD_REQUIRED,LIMIT_CHECK,RECORD_COUNT,FILE_SIZE,RECIPTION_ACK_REQD,EOP_ACK_REQD,EOD_ACK_REQD,EOW_ACK_REQD,EOM_ACK_REQD,INCULDE_FILE_PSR,ACK_LANGUAGE,CHANNEL_ID,MAKER_ID,MAKER_DATE,AUTHORISER_ID,AUTHORISED_DATE,SEQNO,FORMAT_DESC,MACHINE_RESP_TYPE,RESP_FILE_FORMAT,MACHINE_RESP_CHANNEL) values (17000007,'555527697',null,null,null,null,null,null,null,null,null,null,null,'FTS
SCA','BCCMKR1',to_date('25-11-19','DD-MM-RR'),'BCCCKR1',to_date('25-11-19','DD-MM-RR'),5,'ISO REMT (Standalone Remittance only)','File Ack/Nack
Payments Status Report','2000024','FTS
SCA');
Insert into GTB_CUST_FILE_PREF (COMPANY_ID,FORMAT_ID,OD_REQUIRED,LIMIT_CHECK,RECORD_COUNT,FILE_SIZE,RECIPTION_ACK_REQD,EOP_ACK_REQD,EOD_ACK_REQD,EOW_ACK_REQD,EOM_ACK_REQD,INCULDE_FILE_PSR,ACK_LANGUAGE,CHANNEL_ID,MAKER_ID,MAKER_DATE,AUTHORISER_ID,AUTHORISED_DATE,SEQNO,FORMAT_DESC,MACHINE_RESP_TYPE,RESP_FILE_FORMAT,MACHINE_RESP_CHANNEL) values (17000007,'1050124786',null,null,null,null,null,null,null,null,null,null,null,'FTS
SCA','BCCMKR1',to_date('25-11-19','DD-MM-RR'),'BCCCKR1',to_date('25-11-19','DD-MM-RR'),1,'X12 820 V4010','File Ack/Nack
Payments Status Report','528357253
528357252','FTS
SCA');
Insert into GTB_CUST_FILE_PREF (COMPANY_ID,FORMAT_ID,OD_REQUIRED,LIMIT_CHECK,RECORD_COUNT,FILE_SIZE,RECIPTION_ACK_REQD,EOP_ACK_REQD,EOD_ACK_REQD,EOW_ACK_REQD,EOM_ACK_REQD,INCULDE_FILE_PSR,ACK_LANGUAGE,CHANNEL_ID,MAKER_ID,MAKER_DATE,AUTHORISER_ID,AUTHORISED_DATE,SEQNO,FORMAT_DESC,MACHINE_RESP_TYPE,RESP_FILE_FORMAT,MACHINE_RESP_CHANNEL) values (17000005,'2000015',null,null,null,null,null,null,null,null,null,null,null,'FTS
SCA','BCCMKR5',to_date('25-11-19','DD-MM-RR'),'BCCCKR1',to_date('25-11-19','DD-MM-RR'),2,'ISO Pain 001.001.03 (Credits Only)','File Ack/Nack
Payments Status Report
Daily Outstanding Transfers Report
Daily Finalized Transfers Report
Intraday Outstanding Transfers Report
Intraday Finalized Transfers Report','2000024
1050124791','FTS
SCA');
Insert into GTB_CUST_FILE_PREF (COMPANY_ID,FORMAT_ID,OD_REQUIRED,LIMIT_CHECK,RECORD_COUNT,FILE_SIZE,RECIPTION_ACK_REQD,EOP_ACK_REQD,EOD_ACK_REQD,EOW_ACK_REQD,EOM_ACK_REQD,INCULDE_FILE_PSR,ACK_LANGUAGE,CHANNEL_ID,MAKER_ID,MAKER_DATE,AUTHORISER_ID,AUTHORISED_DATE,SEQNO,FORMAT_DESC,MACHINE_RESP_TYPE,RESP_FILE_FORMAT,MACHINE_RESP_CHANNEL) values (17000005,'1050124786',null,null,null,null,null,null,null,null,null,null,null,'FTS
SCA','BCCMKR5',to_date('25-11-19','DD-MM-RR'),'BCCCKR1',to_date('25-11-19','DD-MM-RR'),3,'X12 820 V4010','File Ack/Nack
Payments Status Report','528357253
528357252','FTS
SCA');
Insert into GTB_CUST_FILE_PREF (COMPANY_ID,FORMAT_ID,OD_REQUIRED,LIMIT_CHECK,RECORD_COUNT,FILE_SIZE,RECIPTION_ACK_REQD,EOP_ACK_REQD,EOD_ACK_REQD,EOW_ACK_REQD,EOM_ACK_REQD,INCULDE_FILE_PSR,ACK_LANGUAGE,CHANNEL_ID,MAKER_ID,MAKER_DATE,AUTHORISER_ID,AUTHORISED_DATE,SEQNO,FORMAT_DESC,MACHINE_RESP_TYPE,RESP_FILE_FORMAT,MACHINE_RESP_CHANNEL) values (17000005,'731769866',null,null,null,null,null,null,null,null,null,null,null,'FTS
SCA
FIN','BCCMKR5',to_date('25-11-19','DD-MM-RR'),'BCCCKR1',to_date('25-11-19','DD-MM-RR'),4,'MT101 (Credits Only)','File Ack/Nack
Payments Status Report
Confirmation of Debit(COD)','292672977
589571768','FTS
SCA
FIN');
Insert into GTB_CUST_FILE_PREF (COMPANY_ID,FORMAT_ID,OD_REQUIRED,LIMIT_CHECK,RECORD_COUNT,FILE_SIZE,RECIPTION_ACK_REQD,EOP_ACK_REQD,EOD_ACK_REQD,EOW_ACK_REQD,EOM_ACK_REQD,INCULDE_FILE_PSR,ACK_LANGUAGE,CHANNEL_ID,MAKER_ID,MAKER_DATE,AUTHORISER_ID,AUTHORISED_DATE,SEQNO,FORMAT_DESC,MACHINE_RESP_TYPE,RESP_FILE_FORMAT,MACHINE_RESP_CHANNEL) values (17000005,'731769867',null,null,null,null,null,null,null,null,null,null,null,'FTS
SCA','BCCMKR5',to_date('25-11-19','DD-MM-RR'),'BCCCKR1',to_date('25-11-19','DD-MM-RR'),5,'CMO103 (Wires Only)','File Ack/Nack
Payments Status Report','292672977','FTS
SCA');
Insert into GTB_CUST_FILE_PREF (COMPANY_ID,FORMAT_ID,OD_REQUIRED,LIMIT_CHECK,RECORD_COUNT,FILE_SIZE,RECIPTION_ACK_REQD,EOP_ACK_REQD,EOD_ACK_REQD,EOW_ACK_REQD,EOM_ACK_REQD,INCULDE_FILE_PSR,ACK_LANGUAGE,CHANNEL_ID,MAKER_ID,MAKER_DATE,AUTHORISER_ID,AUTHORISED_DATE,SEQNO,FORMAT_DESC,MACHINE_RESP_TYPE,RESP_FILE_FORMAT,MACHINE_RESP_CHANNEL) values (17000005,'1050124787',null,null,null,null,null,null,null,null,null,null,null,'FTS','BCCMKR5',to_date('25-11-19','DD-MM-RR'),'BCCCKR1',to_date('25-11-19','DD-MM-RR'),6,'ISO CAMT055.001.07','Cancellation ACK/NACK','40902255','FTS');

--GTB_CUST_ACCOUNT
Insert into GTB_CUST_ACCOUNT (APPLICATION_ID,ENTITY_ID,ACCOUNT_NO,CURRENCY_CODE,ACCOUNT_TYPE,PRODUCT,OPEN_DATE,COUNTRY_CODE,IS_ACTIVE,ACTIVATION_DATE,BRANCH_CODE,ACCOUNT_DESC,CLOSE_DATE,LANGUAGE,IBAN,RM,ACCOUNT_GROUP_ID,IS_INTERNAL_ACC,IS_STAFF_ACCOUNT,IS_DORMANT,IS_CREDIT_BLOCK,IS_DEBIT_BLOCK,IS_FROZEN,DEACTIVATION_DATE,REASON,MAKER_ID,MAKER_DATE,AUTHORISER_ID,AUTHORISED_DATE,ACCOUNT_STATUS,COMPANY_NAME,COMPANY_ID,ENTITY_CODE,TRANSIT_NO,ECIF_ID) values (1,3,'1700006','CAD','CFM','WIRES',null,'CA','0',null,'00017','Bulk eTransfer Client02',null,null,null,null,null,null,null,null,null,null,null,null,null,'BBDUSER01',to_date('21-06-19','DD-MM-RR'),'BBDUSER01',to_date('21-06-19','DD-MM-RR'),null,null,'17000002',null,'00017',null);
Insert into GTB_CUST_ACCOUNT (APPLICATION_ID,ENTITY_ID,ACCOUNT_NO,CURRENCY_CODE,ACCOUNT_TYPE,PRODUCT,OPEN_DATE,COUNTRY_CODE,IS_ACTIVE,ACTIVATION_DATE,BRANCH_CODE,ACCOUNT_DESC,CLOSE_DATE,LANGUAGE,IBAN,RM,ACCOUNT_GROUP_ID,IS_INTERNAL_ACC,IS_STAFF_ACCOUNT,IS_DORMANT,IS_CREDIT_BLOCK,IS_DEBIT_BLOCK,IS_FROZEN,DEACTIVATION_DATE,REASON,MAKER_ID,MAKER_DATE,AUTHORISER_ID,AUTHORISED_DATE,ACCOUNT_STATUS,COMPANY_NAME,COMPANY_ID,ENTITY_CODE,TRANSIT_NO,ECIF_ID) values (1,3,'1700007','CAD','CFM','WIRES',null,'CA','0',null,'00017','Bulk eTransfer Client02',null,null,null,null,null,null,null,null,null,null,null,null,null,'BBDUSER01',to_date('21-06-19','DD-MM-RR'),'BBDUSER01',to_date('21-06-19','DD-MM-RR'),null,null,'17000002',null,'00017',null);
Insert into GTB_CUST_ACCOUNT (APPLICATION_ID,ENTITY_ID,ACCOUNT_NO,CURRENCY_CODE,ACCOUNT_TYPE,PRODUCT,OPEN_DATE,COUNTRY_CODE,IS_ACTIVE,ACTIVATION_DATE,BRANCH_CODE,ACCOUNT_DESC,CLOSE_DATE,LANGUAGE,IBAN,RM,ACCOUNT_GROUP_ID,IS_INTERNAL_ACC,IS_STAFF_ACCOUNT,IS_DORMANT,IS_CREDIT_BLOCK,IS_DEBIT_BLOCK,IS_FROZEN,DEACTIVATION_DATE,REASON,MAKER_ID,MAKER_DATE,AUTHORISER_ID,AUTHORISED_DATE,ACCOUNT_STATUS,COMPANY_NAME,COMPANY_ID,ENTITY_CODE,TRANSIT_NO,ECIF_ID) values (1,3,'1700008','CAD','CFM','WIRES',null,'CA','0',null,'00017','Bulk eTransfer Client02',null,null,null,null,null,null,null,null,null,null,null,null,null,'BBDUSER01',to_date('21-06-19','DD-MM-RR'),'BBDUSER01',to_date('21-06-19','DD-MM-RR'),null,null,'17000002',null,'00017',null);
Insert into GTB_CUST_ACCOUNT (APPLICATION_ID,ENTITY_ID,ACCOUNT_NO,CURRENCY_CODE,ACCOUNT_TYPE,PRODUCT,OPEN_DATE,COUNTRY_CODE,IS_ACTIVE,ACTIVATION_DATE,BRANCH_CODE,ACCOUNT_DESC,CLOSE_DATE,LANGUAGE,IBAN,RM,ACCOUNT_GROUP_ID,IS_INTERNAL_ACC,IS_STAFF_ACCOUNT,IS_DORMANT,IS_CREDIT_BLOCK,IS_DEBIT_BLOCK,IS_FROZEN,DEACTIVATION_DATE,REASON,MAKER_ID,MAKER_DATE,AUTHORISER_ID,AUTHORISED_DATE,ACCOUNT_STATUS,COMPANY_NAME,COMPANY_ID,ENTITY_CODE,TRANSIT_NO,ECIF_ID) values (1,3,'1700009','CAD','CFM','WIRES',null,'CA','0',null,'00017','Bulk eTransfer Client02',null,null,null,null,null,null,null,null,null,null,null,null,null,'BBDUSER01',to_date('21-06-19','DD-MM-RR'),'BBDUSER01',to_date('21-06-19','DD-MM-RR'),null,null,'17000002',null,'00017',null);
Insert into GTB_CUST_ACCOUNT (APPLICATION_ID,ENTITY_ID,ACCOUNT_NO,CURRENCY_CODE,ACCOUNT_TYPE,PRODUCT,OPEN_DATE,COUNTRY_CODE,IS_ACTIVE,ACTIVATION_DATE,BRANCH_CODE,ACCOUNT_DESC,CLOSE_DATE,LANGUAGE,IBAN,RM,ACCOUNT_GROUP_ID,IS_INTERNAL_ACC,IS_STAFF_ACCOUNT,IS_DORMANT,IS_CREDIT_BLOCK,IS_DEBIT_BLOCK,IS_FROZEN,DEACTIVATION_DATE,REASON,MAKER_ID,MAKER_DATE,AUTHORISER_ID,AUTHORISED_DATE,ACCOUNT_STATUS,COMPANY_NAME,COMPANY_ID,ENTITY_CODE,TRANSIT_NO,ECIF_ID) values (1,3,'1700010','CAD','CFM','WIRES',null,'CA','0',null,'00017','Bulk eTransfer Client02',null,null,null,null,null,null,null,null,null,null,null,null,null,'BBDUSER01',to_date('21-06-19','DD-MM-RR'),'BBDUSER01',to_date('21-06-19','DD-MM-RR'),null,null,'17000002',null,'00017',null);
Insert into GTB_CUST_ACCOUNT (APPLICATION_ID,ENTITY_ID,ACCOUNT_NO,CURRENCY_CODE,ACCOUNT_TYPE,PRODUCT,OPEN_DATE,COUNTRY_CODE,IS_ACTIVE,ACTIVATION_DATE,BRANCH_CODE,ACCOUNT_DESC,CLOSE_DATE,LANGUAGE,IBAN,RM,ACCOUNT_GROUP_ID,IS_INTERNAL_ACC,IS_STAFF_ACCOUNT,IS_DORMANT,IS_CREDIT_BLOCK,IS_DEBIT_BLOCK,IS_FROZEN,DEACTIVATION_DATE,REASON,MAKER_ID,MAKER_DATE,AUTHORISER_ID,AUTHORISED_DATE,ACCOUNT_STATUS,COMPANY_NAME,COMPANY_ID,ENTITY_CODE,TRANSIT_NO,ECIF_ID) values (1,3,'1700011','CAD','CFM','WIRES',null,'CA','0',null,'00017','Bulk eTransfer Client03',null,null,null,null,null,null,null,null,null,null,null,null,null,'BBDUSER01',to_date('21-06-19','DD-MM-RR'),'BBDUSER01',to_date('21-06-19','DD-MM-RR'),null,null,'17000003',null,'00017',null);
Insert into GTB_CUST_ACCOUNT (APPLICATION_ID,ENTITY_ID,ACCOUNT_NO,CURRENCY_CODE,ACCOUNT_TYPE,PRODUCT,OPEN_DATE,COUNTRY_CODE,IS_ACTIVE,ACTIVATION_DATE,BRANCH_CODE,ACCOUNT_DESC,CLOSE_DATE,LANGUAGE,IBAN,RM,ACCOUNT_GROUP_ID,IS_INTERNAL_ACC,IS_STAFF_ACCOUNT,IS_DORMANT,IS_CREDIT_BLOCK,IS_DEBIT_BLOCK,IS_FROZEN,DEACTIVATION_DATE,REASON,MAKER_ID,MAKER_DATE,AUTHORISER_ID,AUTHORISED_DATE,ACCOUNT_STATUS,COMPANY_NAME,COMPANY_ID,ENTITY_CODE,TRANSIT_NO,ECIF_ID) values (1,3,'1700012','CAD','CFM','WIRES',null,'CA','0',null,'00017','Bulk eTransfer Client03',null,null,null,null,null,null,null,null,null,null,null,null,null,'BBDUSER01',to_date('21-06-19','DD-MM-RR'),'BBDUSER01',to_date('21-06-19','DD-MM-RR'),null,null,'17000003',null,'00017',null);
Insert into GTB_CUST_ACCOUNT (APPLICATION_ID,ENTITY_ID,ACCOUNT_NO,CURRENCY_CODE,ACCOUNT_TYPE,PRODUCT,OPEN_DATE,COUNTRY_CODE,IS_ACTIVE,ACTIVATION_DATE,BRANCH_CODE,ACCOUNT_DESC,CLOSE_DATE,LANGUAGE,IBAN,RM,ACCOUNT_GROUP_ID,IS_INTERNAL_ACC,IS_STAFF_ACCOUNT,IS_DORMANT,IS_CREDIT_BLOCK,IS_DEBIT_BLOCK,IS_FROZEN,DEACTIVATION_DATE,REASON,MAKER_ID,MAKER_DATE,AUTHORISER_ID,AUTHORISED_DATE,ACCOUNT_STATUS,COMPANY_NAME,COMPANY_ID,ENTITY_CODE,TRANSIT_NO,ECIF_ID) values (1,3,'1700013','CAD','CFM','WIRES',null,'CA','0',null,'00017','Bulk eTransfer Client03',null,null,null,null,null,null,null,null,null,null,null,null,null,'BBDUSER01',to_date('21-06-19','DD-MM-RR'),'BBDUSER01',to_date('21-06-19','DD-MM-RR'),null,null,'17000003',null,'00017',null);
Insert into GTB_CUST_ACCOUNT (APPLICATION_ID,ENTITY_ID,ACCOUNT_NO,CURRENCY_CODE,ACCOUNT_TYPE,PRODUCT,OPEN_DATE,COUNTRY_CODE,IS_ACTIVE,ACTIVATION_DATE,BRANCH_CODE,ACCOUNT_DESC,CLOSE_DATE,LANGUAGE,IBAN,RM,ACCOUNT_GROUP_ID,IS_INTERNAL_ACC,IS_STAFF_ACCOUNT,IS_DORMANT,IS_CREDIT_BLOCK,IS_DEBIT_BLOCK,IS_FROZEN,DEACTIVATION_DATE,REASON,MAKER_ID,MAKER_DATE,AUTHORISER_ID,AUTHORISED_DATE,ACCOUNT_STATUS,COMPANY_NAME,COMPANY_ID,ENTITY_CODE,TRANSIT_NO,ECIF_ID) values (1,3,'1700014','CAD','CFM','WIRES',null,'CA','0',null,'00017','Bulk eTransfer Client03',null,null,null,null,null,null,null,null,null,null,null,null,null,'BBDUSER01',to_date('21-06-19','DD-MM-RR'),'BBDUSER01',to_date('21-06-19','DD-MM-RR'),null,null,'17000003',null,'00017',null);
Insert into GTB_CUST_ACCOUNT (APPLICATION_ID,ENTITY_ID,ACCOUNT_NO,CURRENCY_CODE,ACCOUNT_TYPE,PRODUCT,OPEN_DATE,COUNTRY_CODE,IS_ACTIVE,ACTIVATION_DATE,BRANCH_CODE,ACCOUNT_DESC,CLOSE_DATE,LANGUAGE,IBAN,RM,ACCOUNT_GROUP_ID,IS_INTERNAL_ACC,IS_STAFF_ACCOUNT,IS_DORMANT,IS_CREDIT_BLOCK,IS_DEBIT_BLOCK,IS_FROZEN,DEACTIVATION_DATE,REASON,MAKER_ID,MAKER_DATE,AUTHORISER_ID,AUTHORISED_DATE,ACCOUNT_STATUS,COMPANY_NAME,COMPANY_ID,ENTITY_CODE,TRANSIT_NO,ECIF_ID) values (1,3,'1700015','CAD','CFM','WIRES',null,'CA','0',null,'00017','Bulk eTransfer Client03',null,null,null,null,null,null,null,null,null,null,null,null,null,'BBDUSER01',to_date('21-06-19','DD-MM-RR'),'BBDUSER01',to_date('21-06-19','DD-MM-RR'),null,null,'17000003',null,'00017',null);
Insert into GTB_CUST_ACCOUNT (APPLICATION_ID,ENTITY_ID,ACCOUNT_NO,CURRENCY_CODE,ACCOUNT_TYPE,PRODUCT,OPEN_DATE,COUNTRY_CODE,IS_ACTIVE,ACTIVATION_DATE,BRANCH_CODE,ACCOUNT_DESC,CLOSE_DATE,LANGUAGE,IBAN,RM,ACCOUNT_GROUP_ID,IS_INTERNAL_ACC,IS_STAFF_ACCOUNT,IS_DORMANT,IS_CREDIT_BLOCK,IS_DEBIT_BLOCK,IS_FROZEN,DEACTIVATION_DATE,REASON,MAKER_ID,MAKER_DATE,AUTHORISER_ID,AUTHORISED_DATE,ACCOUNT_STATUS,COMPANY_NAME,COMPANY_ID,ENTITY_CODE,TRANSIT_NO,ECIF_ID) values (1,3,'1700016','CAD','CFM','WIRES',null,'CA','0',null,'00017','Bulk eTransfer Client04',null,null,null,null,null,null,null,null,null,null,null,null,null,'BBDUSER01',to_date('21-06-19','DD-MM-RR'),'BBDUSER01',to_date('21-06-19','DD-MM-RR'),null,null,'17000004',null,'00017',null);
Insert into GTB_CUST_ACCOUNT (APPLICATION_ID,ENTITY_ID,ACCOUNT_NO,CURRENCY_CODE,ACCOUNT_TYPE,PRODUCT,OPEN_DATE,COUNTRY_CODE,IS_ACTIVE,ACTIVATION_DATE,BRANCH_CODE,ACCOUNT_DESC,CLOSE_DATE,LANGUAGE,IBAN,RM,ACCOUNT_GROUP_ID,IS_INTERNAL_ACC,IS_STAFF_ACCOUNT,IS_DORMANT,IS_CREDIT_BLOCK,IS_DEBIT_BLOCK,IS_FROZEN,DEACTIVATION_DATE,REASON,MAKER_ID,MAKER_DATE,AUTHORISER_ID,AUTHORISED_DATE,ACCOUNT_STATUS,COMPANY_NAME,COMPANY_ID,ENTITY_CODE,TRANSIT_NO,ECIF_ID) values (1,3,'1700017','CAD','CFM','WIRES',null,'CA','0',null,'00017','Bulk eTransfer Client04',null,null,null,null,null,null,null,null,null,null,null,null,null,'BBDUSER01',to_date('21-06-19','DD-MM-RR'),'BBDUSER01',to_date('21-06-19','DD-MM-RR'),null,null,'17000004',null,'00017',null);
Insert into GTB_CUST_ACCOUNT (APPLICATION_ID,ENTITY_ID,ACCOUNT_NO,CURRENCY_CODE,ACCOUNT_TYPE,PRODUCT,OPEN_DATE,COUNTRY_CODE,IS_ACTIVE,ACTIVATION_DATE,BRANCH_CODE,ACCOUNT_DESC,CLOSE_DATE,LANGUAGE,IBAN,RM,ACCOUNT_GROUP_ID,IS_INTERNAL_ACC,IS_STAFF_ACCOUNT,IS_DORMANT,IS_CREDIT_BLOCK,IS_DEBIT_BLOCK,IS_FROZEN,DEACTIVATION_DATE,REASON,MAKER_ID,MAKER_DATE,AUTHORISER_ID,AUTHORISED_DATE,ACCOUNT_STATUS,COMPANY_NAME,COMPANY_ID,ENTITY_CODE,TRANSIT_NO,ECIF_ID) values (1,3,'1700018','CAD','CFM','WIRES',null,'CA','0',null,'00017','Bulk eTransfer Client04',null,null,null,null,null,null,null,null,null,null,null,null,null,'BBDUSER01',to_date('21-06-19','DD-MM-RR'),'BBDUSER01',to_date('21-06-19','DD-MM-RR'),null,null,'17000004',null,'00017',null);
Insert into GTB_CUST_ACCOUNT (APPLICATION_ID,ENTITY_ID,ACCOUNT_NO,CURRENCY_CODE,ACCOUNT_TYPE,PRODUCT,OPEN_DATE,COUNTRY_CODE,IS_ACTIVE,ACTIVATION_DATE,BRANCH_CODE,ACCOUNT_DESC,CLOSE_DATE,LANGUAGE,IBAN,RM,ACCOUNT_GROUP_ID,IS_INTERNAL_ACC,IS_STAFF_ACCOUNT,IS_DORMANT,IS_CREDIT_BLOCK,IS_DEBIT_BLOCK,IS_FROZEN,DEACTIVATION_DATE,REASON,MAKER_ID,MAKER_DATE,AUTHORISER_ID,AUTHORISED_DATE,ACCOUNT_STATUS,COMPANY_NAME,COMPANY_ID,ENTITY_CODE,TRANSIT_NO,ECIF_ID) values (1,3,'1700019','CAD','CFM','WIRES',null,'CA','0',null,'00017','Bulk eTransfer Client04',null,null,null,null,null,null,null,null,null,null,null,null,null,'BBDUSER01',to_date('21-06-19','DD-MM-RR'),'BBDUSER01',to_date('21-06-19','DD-MM-RR'),null,null,'17000004',null,'00017',null);
Insert into GTB_CUST_ACCOUNT (APPLICATION_ID,ENTITY_ID,ACCOUNT_NO,CURRENCY_CODE,ACCOUNT_TYPE,PRODUCT,OPEN_DATE,COUNTRY_CODE,IS_ACTIVE,ACTIVATION_DATE,BRANCH_CODE,ACCOUNT_DESC,CLOSE_DATE,LANGUAGE,IBAN,RM,ACCOUNT_GROUP_ID,IS_INTERNAL_ACC,IS_STAFF_ACCOUNT,IS_DORMANT,IS_CREDIT_BLOCK,IS_DEBIT_BLOCK,IS_FROZEN,DEACTIVATION_DATE,REASON,MAKER_ID,MAKER_DATE,AUTHORISER_ID,AUTHORISED_DATE,ACCOUNT_STATUS,COMPANY_NAME,COMPANY_ID,ENTITY_CODE,TRANSIT_NO,ECIF_ID) values (1,3,'1700020','CAD','CFM','WIRES',null,'CA','0',null,'00017','Bulk eTransfer Client04',null,null,null,null,null,null,null,null,null,null,null,null,null,'BBDUSER01',to_date('21-06-19','DD-MM-RR'),'BBDUSER01',to_date('21-06-19','DD-MM-RR'),null,null,'17000004',null,'00017',null);
Insert into GTB_CUST_ACCOUNT (APPLICATION_ID,ENTITY_ID,ACCOUNT_NO,CURRENCY_CODE,ACCOUNT_TYPE,PRODUCT,OPEN_DATE,COUNTRY_CODE,IS_ACTIVE,ACTIVATION_DATE,BRANCH_CODE,ACCOUNT_DESC,CLOSE_DATE,LANGUAGE,IBAN,RM,ACCOUNT_GROUP_ID,IS_INTERNAL_ACC,IS_STAFF_ACCOUNT,IS_DORMANT,IS_CREDIT_BLOCK,IS_DEBIT_BLOCK,IS_FROZEN,DEACTIVATION_DATE,REASON,MAKER_ID,MAKER_DATE,AUTHORISER_ID,AUTHORISED_DATE,ACCOUNT_STATUS,COMPANY_NAME,COMPANY_ID,ENTITY_CODE,TRANSIT_NO,ECIF_ID) values (1,3,'1700021','CAD','CFM','WIRES',null,'CA','0',null,'00017','Bulk eTransfer Client05',null,null,null,null,null,null,null,null,null,null,null,null,null,'BBDUSER01',to_date('21-06-19','DD-MM-RR'),'BBDUSER01',to_date('21-06-19','DD-MM-RR'),null,null,'17000005',null,'00017',null);
Insert into GTB_CUST_ACCOUNT (APPLICATION_ID,ENTITY_ID,ACCOUNT_NO,CURRENCY_CODE,ACCOUNT_TYPE,PRODUCT,OPEN_DATE,COUNTRY_CODE,IS_ACTIVE,ACTIVATION_DATE,BRANCH_CODE,ACCOUNT_DESC,CLOSE_DATE,LANGUAGE,IBAN,RM,ACCOUNT_GROUP_ID,IS_INTERNAL_ACC,IS_STAFF_ACCOUNT,IS_DORMANT,IS_CREDIT_BLOCK,IS_DEBIT_BLOCK,IS_FROZEN,DEACTIVATION_DATE,REASON,MAKER_ID,MAKER_DATE,AUTHORISER_ID,AUTHORISED_DATE,ACCOUNT_STATUS,COMPANY_NAME,COMPANY_ID,ENTITY_CODE,TRANSIT_NO,ECIF_ID) values (1,3,'1700022','USD','CFM','WIRES',null,'CA','0',null,'00017','Bulk eTransfer Client05',null,null,null,null,null,null,null,null,null,null,null,null,null,'BBDUSER01',to_date('21-06-19','DD-MM-RR'),'BBDUSER01',to_date('21-06-19','DD-MM-RR'),null,null,'17000005',null,'00017',null);
Insert into GTB_CUST_ACCOUNT (APPLICATION_ID,ENTITY_ID,ACCOUNT_NO,CURRENCY_CODE,ACCOUNT_TYPE,PRODUCT,OPEN_DATE,COUNTRY_CODE,IS_ACTIVE,ACTIVATION_DATE,BRANCH_CODE,ACCOUNT_DESC,CLOSE_DATE,LANGUAGE,IBAN,RM,ACCOUNT_GROUP_ID,IS_INTERNAL_ACC,IS_STAFF_ACCOUNT,IS_DORMANT,IS_CREDIT_BLOCK,IS_DEBIT_BLOCK,IS_FROZEN,DEACTIVATION_DATE,REASON,MAKER_ID,MAKER_DATE,AUTHORISER_ID,AUTHORISED_DATE,ACCOUNT_STATUS,COMPANY_NAME,COMPANY_ID,ENTITY_CODE,TRANSIT_NO,ECIF_ID) values (1,3,'1700023','CAD','CFM','WIRES',null,'CA','0',null,'00017','Bulk eTransfer Client05',null,null,null,null,null,null,null,null,null,null,null,null,null,'BBDUSER01',to_date('21-06-19','DD-MM-RR'),'BBDUSER01',to_date('21-06-19','DD-MM-RR'),null,null,'17000005',null,'00017',null);
Insert into GTB_CUST_ACCOUNT (APPLICATION_ID,ENTITY_ID,ACCOUNT_NO,CURRENCY_CODE,ACCOUNT_TYPE,PRODUCT,OPEN_DATE,COUNTRY_CODE,IS_ACTIVE,ACTIVATION_DATE,BRANCH_CODE,ACCOUNT_DESC,CLOSE_DATE,LANGUAGE,IBAN,RM,ACCOUNT_GROUP_ID,IS_INTERNAL_ACC,IS_STAFF_ACCOUNT,IS_DORMANT,IS_CREDIT_BLOCK,IS_DEBIT_BLOCK,IS_FROZEN,DEACTIVATION_DATE,REASON,MAKER_ID,MAKER_DATE,AUTHORISER_ID,AUTHORISED_DATE,ACCOUNT_STATUS,COMPANY_NAME,COMPANY_ID,ENTITY_CODE,TRANSIT_NO,ECIF_ID) values (1,3,'1700024','USD','CFM','WIRES',null,'CA','0',null,'00017','Bulk eTransfer Client05',null,null,null,null,null,null,null,null,null,null,null,null,null,'BBDUSER01',to_date('21-06-19','DD-MM-RR'),'BBDUSER01',to_date('21-06-19','DD-MM-RR'),null,null,'17000005',null,'00017',null);
Insert into GTB_CUST_ACCOUNT (APPLICATION_ID,ENTITY_ID,ACCOUNT_NO,CURRENCY_CODE,ACCOUNT_TYPE,PRODUCT,OPEN_DATE,COUNTRY_CODE,IS_ACTIVE,ACTIVATION_DATE,BRANCH_CODE,ACCOUNT_DESC,CLOSE_DATE,LANGUAGE,IBAN,RM,ACCOUNT_GROUP_ID,IS_INTERNAL_ACC,IS_STAFF_ACCOUNT,IS_DORMANT,IS_CREDIT_BLOCK,IS_DEBIT_BLOCK,IS_FROZEN,DEACTIVATION_DATE,REASON,MAKER_ID,MAKER_DATE,AUTHORISER_ID,AUTHORISED_DATE,ACCOUNT_STATUS,COMPANY_NAME,COMPANY_ID,ENTITY_CODE,TRANSIT_NO,ECIF_ID) values (1,3,'1700025','EUR','CFM','WIRES',null,'CA','0',null,'00017','Bulk eTransfer Client05',null,null,null,null,null,null,null,null,null,null,null,null,null,'BBDUSER01',to_date('21-06-19','DD-MM-RR'),'BBDUSER01',to_date('21-06-19','DD-MM-RR'),null,null,'17000005',null,'00017',null);
Insert into GTB_CUST_ACCOUNT (APPLICATION_ID,ENTITY_ID,ACCOUNT_NO,CURRENCY_CODE,ACCOUNT_TYPE,PRODUCT,OPEN_DATE,COUNTRY_CODE,IS_ACTIVE,ACTIVATION_DATE,BRANCH_CODE,ACCOUNT_DESC,CLOSE_DATE,LANGUAGE,IBAN,RM,ACCOUNT_GROUP_ID,IS_INTERNAL_ACC,IS_STAFF_ACCOUNT,IS_DORMANT,IS_CREDIT_BLOCK,IS_DEBIT_BLOCK,IS_FROZEN,DEACTIVATION_DATE,REASON,MAKER_ID,MAKER_DATE,AUTHORISER_ID,AUTHORISED_DATE,ACCOUNT_STATUS,COMPANY_NAME,COMPANY_ID,ENTITY_CODE,TRANSIT_NO,ECIF_ID) values (1,3,'1700026','AUD','CFM','WIRES',null,'CA','0',null,'00017','Bulk eTransfer Client05',null,null,null,null,null,null,null,null,null,null,null,null,null,'BBDUSER01',to_date('21-06-19','DD-MM-RR'),'BBDUSER01',to_date('21-06-19','DD-MM-RR'),null,null,'17000005',null,'00017',null);
Insert into GTB_CUST_ACCOUNT (APPLICATION_ID,ENTITY_ID,ACCOUNT_NO,CURRENCY_CODE,ACCOUNT_TYPE,PRODUCT,OPEN_DATE,COUNTRY_CODE,IS_ACTIVE,ACTIVATION_DATE,BRANCH_CODE,ACCOUNT_DESC,CLOSE_DATE,LANGUAGE,IBAN,RM,ACCOUNT_GROUP_ID,IS_INTERNAL_ACC,IS_STAFF_ACCOUNT,IS_DORMANT,IS_CREDIT_BLOCK,IS_DEBIT_BLOCK,IS_FROZEN,DEACTIVATION_DATE,REASON,MAKER_ID,MAKER_DATE,AUTHORISER_ID,AUTHORISED_DATE,ACCOUNT_STATUS,COMPANY_NAME,COMPANY_ID,ENTITY_CODE,TRANSIT_NO,ECIF_ID) values (1,3,'1700027','GBP','CFM','WIRES',null,'CA','0',null,'00017','Bulk eTransfer Client05',null,null,null,null,null,null,null,null,null,null,null,null,null,'BBDUSER01',to_date('21-06-19','DD-MM-RR'),'BBDUSER01',to_date('21-06-19','DD-MM-RR'),null,null,'17000005',null,'00017',null);
Insert into GTB_CUST_ACCOUNT (APPLICATION_ID,ENTITY_ID,ACCOUNT_NO,CURRENCY_CODE,ACCOUNT_TYPE,PRODUCT,OPEN_DATE,COUNTRY_CODE,IS_ACTIVE,ACTIVATION_DATE,BRANCH_CODE,ACCOUNT_DESC,CLOSE_DATE,LANGUAGE,IBAN,RM,ACCOUNT_GROUP_ID,IS_INTERNAL_ACC,IS_STAFF_ACCOUNT,IS_DORMANT,IS_CREDIT_BLOCK,IS_DEBIT_BLOCK,IS_FROZEN,DEACTIVATION_DATE,REASON,MAKER_ID,MAKER_DATE,AUTHORISER_ID,AUTHORISED_DATE,ACCOUNT_STATUS,COMPANY_NAME,COMPANY_ID,ENTITY_CODE,TRANSIT_NO,ECIF_ID) values (1,3,'1700028','INR','CFM','WIRES',null,'CA','0',null,'00017','Bulk eTransfer Client05',null,null,null,null,null,null,null,null,null,null,null,null,null,'BBDUSER01',to_date('21-06-19','DD-MM-RR'),'BBDUSER01',to_date('21-06-19','DD-MM-RR'),null,null,'17000005',null,'00017',null);
Insert into GTB_CUST_ACCOUNT (APPLICATION_ID,ENTITY_ID,ACCOUNT_NO,CURRENCY_CODE,ACCOUNT_TYPE,PRODUCT,OPEN_DATE,COUNTRY_CODE,IS_ACTIVE,ACTIVATION_DATE,BRANCH_CODE,ACCOUNT_DESC,CLOSE_DATE,LANGUAGE,IBAN,RM,ACCOUNT_GROUP_ID,IS_INTERNAL_ACC,IS_STAFF_ACCOUNT,IS_DORMANT,IS_CREDIT_BLOCK,IS_DEBIT_BLOCK,IS_FROZEN,DEACTIVATION_DATE,REASON,MAKER_ID,MAKER_DATE,AUTHORISER_ID,AUTHORISED_DATE,ACCOUNT_STATUS,COMPANY_NAME,COMPANY_ID,ENTITY_CODE,TRANSIT_NO,ECIF_ID) values (1,3,'1700029','JPY','CFM','WIRES',null,'CA','0',null,'00017','Bulk eTransfer Client05',null,null,null,null,null,null,null,null,null,null,null,null,null,'BBDUSER01',to_date('21-06-19','DD-MM-RR'),'BBDUSER01',to_date('21-06-19','DD-MM-RR'),null,null,'17000005',null,'00017',null);
Insert into GTB_CUST_ACCOUNT (APPLICATION_ID,ENTITY_ID,ACCOUNT_NO,CURRENCY_CODE,ACCOUNT_TYPE,PRODUCT,OPEN_DATE,COUNTRY_CODE,IS_ACTIVE,ACTIVATION_DATE,BRANCH_CODE,ACCOUNT_DESC,CLOSE_DATE,LANGUAGE,IBAN,RM,ACCOUNT_GROUP_ID,IS_INTERNAL_ACC,IS_STAFF_ACCOUNT,IS_DORMANT,IS_CREDIT_BLOCK,IS_DEBIT_BLOCK,IS_FROZEN,DEACTIVATION_DATE,REASON,MAKER_ID,MAKER_DATE,AUTHORISER_ID,AUTHORISED_DATE,ACCOUNT_STATUS,COMPANY_NAME,COMPANY_ID,ENTITY_CODE,TRANSIT_NO,ECIF_ID) values (1,3,'1700030','CAD','CFM','WIRES',null,'CA','0',null,'00017','Bulk eTransfer Client05',null,null,null,null,null,null,null,null,null,null,null,null,null,'BBDUSER01',to_date('21-06-19','DD-MM-RR'),'BBDUSER01',to_date('21-06-19','DD-MM-RR'),null,null,'17000005',null,'00017',null);
Insert into GTB_CUST_ACCOUNT (APPLICATION_ID,ENTITY_ID,ACCOUNT_NO,CURRENCY_CODE,ACCOUNT_TYPE,PRODUCT,OPEN_DATE,COUNTRY_CODE,IS_ACTIVE,ACTIVATION_DATE,BRANCH_CODE,ACCOUNT_DESC,CLOSE_DATE,LANGUAGE,IBAN,RM,ACCOUNT_GROUP_ID,IS_INTERNAL_ACC,IS_STAFF_ACCOUNT,IS_DORMANT,IS_CREDIT_BLOCK,IS_DEBIT_BLOCK,IS_FROZEN,DEACTIVATION_DATE,REASON,MAKER_ID,MAKER_DATE,AUTHORISER_ID,AUTHORISED_DATE,ACCOUNT_STATUS,COMPANY_NAME,COMPANY_ID,ENTITY_CODE,TRANSIT_NO,ECIF_ID) values (1,3,'1700031','USD','CFM','WIRES',null,'CA','0',null,'00017','Bulk eTransfer Client05',null,null,null,null,null,null,null,null,null,null,null,null,null,'BBDUSER01',to_date('21-06-19','DD-MM-RR'),'BBDUSER01',to_date('21-06-19','DD-MM-RR'),null,null,'17000005',null,'00017',null);
Insert into GTB_CUST_ACCOUNT (APPLICATION_ID,ENTITY_ID,ACCOUNT_NO,CURRENCY_CODE,ACCOUNT_TYPE,PRODUCT,OPEN_DATE,COUNTRY_CODE,IS_ACTIVE,ACTIVATION_DATE,BRANCH_CODE,ACCOUNT_DESC,CLOSE_DATE,LANGUAGE,IBAN,RM,ACCOUNT_GROUP_ID,IS_INTERNAL_ACC,IS_STAFF_ACCOUNT,IS_DORMANT,IS_CREDIT_BLOCK,IS_DEBIT_BLOCK,IS_FROZEN,DEACTIVATION_DATE,REASON,MAKER_ID,MAKER_DATE,AUTHORISER_ID,AUTHORISED_DATE,ACCOUNT_STATUS,COMPANY_NAME,COMPANY_ID,ENTITY_CODE,TRANSIT_NO,ECIF_ID) values (1,3,'1700032','CAD','CFM','WIRES',null,'CA','0',null,'00017','Bulk eTransfer Client06',null,null,null,null,null,null,null,null,null,null,null,null,null,'BBDUSER01',to_date('21-06-19','DD-MM-RR'),'BBDUSER01',to_date('21-06-19','DD-MM-RR'),null,null,'17000006',null,'00017',null);
Insert into GTB_CUST_ACCOUNT (APPLICATION_ID,ENTITY_ID,ACCOUNT_NO,CURRENCY_CODE,ACCOUNT_TYPE,PRODUCT,OPEN_DATE,COUNTRY_CODE,IS_ACTIVE,ACTIVATION_DATE,BRANCH_CODE,ACCOUNT_DESC,CLOSE_DATE,LANGUAGE,IBAN,RM,ACCOUNT_GROUP_ID,IS_INTERNAL_ACC,IS_STAFF_ACCOUNT,IS_DORMANT,IS_CREDIT_BLOCK,IS_DEBIT_BLOCK,IS_FROZEN,DEACTIVATION_DATE,REASON,MAKER_ID,MAKER_DATE,AUTHORISER_ID,AUTHORISED_DATE,ACCOUNT_STATUS,COMPANY_NAME,COMPANY_ID,ENTITY_CODE,TRANSIT_NO,ECIF_ID) values (1,3,'1700033','USD','CFM','WIRES',null,'CA','0',null,'00017','Bulk eTransfer Client06',null,null,null,null,null,null,null,null,null,null,null,null,null,'BBDUSER01',to_date('21-06-19','DD-MM-RR'),'BBDUSER01',to_date('21-06-19','DD-MM-RR'),null,null,'17000006',null,'00017',null);
Insert into GTB_CUST_ACCOUNT (APPLICATION_ID,ENTITY_ID,ACCOUNT_NO,CURRENCY_CODE,ACCOUNT_TYPE,PRODUCT,OPEN_DATE,COUNTRY_CODE,IS_ACTIVE,ACTIVATION_DATE,BRANCH_CODE,ACCOUNT_DESC,CLOSE_DATE,LANGUAGE,IBAN,RM,ACCOUNT_GROUP_ID,IS_INTERNAL_ACC,IS_STAFF_ACCOUNT,IS_DORMANT,IS_CREDIT_BLOCK,IS_DEBIT_BLOCK,IS_FROZEN,DEACTIVATION_DATE,REASON,MAKER_ID,MAKER_DATE,AUTHORISER_ID,AUTHORISED_DATE,ACCOUNT_STATUS,COMPANY_NAME,COMPANY_ID,ENTITY_CODE,TRANSIT_NO,ECIF_ID) values (1,3,'1700034','CAD','CFM','WIRES',null,'CA','0',null,'00017','Bulk eTransfer Client06',null,null,null,null,null,null,null,null,null,null,null,null,null,'BBDUSER01',to_date('21-06-19','DD-MM-RR'),'BBDUSER01',to_date('21-06-19','DD-MM-RR'),null,null,'17000006',null,'00017',null);
Insert into GTB_CUST_ACCOUNT (APPLICATION_ID,ENTITY_ID,ACCOUNT_NO,CURRENCY_CODE,ACCOUNT_TYPE,PRODUCT,OPEN_DATE,COUNTRY_CODE,IS_ACTIVE,ACTIVATION_DATE,BRANCH_CODE,ACCOUNT_DESC,CLOSE_DATE,LANGUAGE,IBAN,RM,ACCOUNT_GROUP_ID,IS_INTERNAL_ACC,IS_STAFF_ACCOUNT,IS_DORMANT,IS_CREDIT_BLOCK,IS_DEBIT_BLOCK,IS_FROZEN,DEACTIVATION_DATE,REASON,MAKER_ID,MAKER_DATE,AUTHORISER_ID,AUTHORISED_DATE,ACCOUNT_STATUS,COMPANY_NAME,COMPANY_ID,ENTITY_CODE,TRANSIT_NO,ECIF_ID) values (1,3,'1700035','USD','CFM','WIRES',null,'CA','0',null,'00017','Bulk eTransfer Client06',null,null,null,null,null,null,null,null,null,null,null,null,null,'BBDUSER01',to_date('21-06-19','DD-MM-RR'),'BBDUSER01',to_date('21-06-19','DD-MM-RR'),null,null,'17000006',null,'00017',null);
Insert into GTB_CUST_ACCOUNT (APPLICATION_ID,ENTITY_ID,ACCOUNT_NO,CURRENCY_CODE,ACCOUNT_TYPE,PRODUCT,OPEN_DATE,COUNTRY_CODE,IS_ACTIVE,ACTIVATION_DATE,BRANCH_CODE,ACCOUNT_DESC,CLOSE_DATE,LANGUAGE,IBAN,RM,ACCOUNT_GROUP_ID,IS_INTERNAL_ACC,IS_STAFF_ACCOUNT,IS_DORMANT,IS_CREDIT_BLOCK,IS_DEBIT_BLOCK,IS_FROZEN,DEACTIVATION_DATE,REASON,MAKER_ID,MAKER_DATE,AUTHORISER_ID,AUTHORISED_DATE,ACCOUNT_STATUS,COMPANY_NAME,COMPANY_ID,ENTITY_CODE,TRANSIT_NO,ECIF_ID) values (1,3,'1700036','CAD','CFM','WIRES',null,'CA','0',null,'00017','Bulk eTransfer Client06',null,null,null,null,null,null,null,null,null,null,null,null,null,'BBDUSER01',to_date('21-06-19','DD-MM-RR'),'BBDUSER01',to_date('21-06-19','DD-MM-RR'),null,null,'17000006',null,'00017',null);
Insert into GTB_CUST_ACCOUNT (APPLICATION_ID,ENTITY_ID,ACCOUNT_NO,CURRENCY_CODE,ACCOUNT_TYPE,PRODUCT,OPEN_DATE,COUNTRY_CODE,IS_ACTIVE,ACTIVATION_DATE,BRANCH_CODE,ACCOUNT_DESC,CLOSE_DATE,LANGUAGE,IBAN,RM,ACCOUNT_GROUP_ID,IS_INTERNAL_ACC,IS_STAFF_ACCOUNT,IS_DORMANT,IS_CREDIT_BLOCK,IS_DEBIT_BLOCK,IS_FROZEN,DEACTIVATION_DATE,REASON,MAKER_ID,MAKER_DATE,AUTHORISER_ID,AUTHORISED_DATE,ACCOUNT_STATUS,COMPANY_NAME,COMPANY_ID,ENTITY_CODE,TRANSIT_NO,ECIF_ID) values (1,3,'1700037','AUD','CFM','WIRES',null,'CA','0',null,'00017','Bulk eTransfer Client06',null,null,null,null,null,null,null,null,null,null,null,null,null,'BBDUSER01',to_date('21-06-19','DD-MM-RR'),'BBDUSER01',to_date('21-06-19','DD-MM-RR'),null,null,'17000006',null,'00017',null);
Insert into GTB_CUST_ACCOUNT (APPLICATION_ID,ENTITY_ID,ACCOUNT_NO,CURRENCY_CODE,ACCOUNT_TYPE,PRODUCT,OPEN_DATE,COUNTRY_CODE,IS_ACTIVE,ACTIVATION_DATE,BRANCH_CODE,ACCOUNT_DESC,CLOSE_DATE,LANGUAGE,IBAN,RM,ACCOUNT_GROUP_ID,IS_INTERNAL_ACC,IS_STAFF_ACCOUNT,IS_DORMANT,IS_CREDIT_BLOCK,IS_DEBIT_BLOCK,IS_FROZEN,DEACTIVATION_DATE,REASON,MAKER_ID,MAKER_DATE,AUTHORISER_ID,AUTHORISED_DATE,ACCOUNT_STATUS,COMPANY_NAME,COMPANY_ID,ENTITY_CODE,TRANSIT_NO,ECIF_ID) values (1,3,'1700038','GBP','CFM','WIRES',null,'CA','0',null,'00017','Bulk eTransfer Client06',null,null,null,null,null,null,null,null,null,null,null,null,null,'BBDUSER01',to_date('21-06-19','DD-MM-RR'),'BBDUSER01',to_date('21-06-19','DD-MM-RR'),null,null,'17000006',null,'00017',null);
Insert into GTB_CUST_ACCOUNT (APPLICATION_ID,ENTITY_ID,ACCOUNT_NO,CURRENCY_CODE,ACCOUNT_TYPE,PRODUCT,OPEN_DATE,COUNTRY_CODE,IS_ACTIVE,ACTIVATION_DATE,BRANCH_CODE,ACCOUNT_DESC,CLOSE_DATE,LANGUAGE,IBAN,RM,ACCOUNT_GROUP_ID,IS_INTERNAL_ACC,IS_STAFF_ACCOUNT,IS_DORMANT,IS_CREDIT_BLOCK,IS_DEBIT_BLOCK,IS_FROZEN,DEACTIVATION_DATE,REASON,MAKER_ID,MAKER_DATE,AUTHORISER_ID,AUTHORISED_DATE,ACCOUNT_STATUS,COMPANY_NAME,COMPANY_ID,ENTITY_CODE,TRANSIT_NO,ECIF_ID) values (1,3,'1700039','INR','CFM','WIRES',null,'CA','0',null,'00017','Bulk eTransfer Client06',null,null,null,null,null,null,null,null,null,null,null,null,null,'BBDUSER01',to_date('21-06-19','DD-MM-RR'),'BBDUSER01',to_date('21-06-19','DD-MM-RR'),null,null,'17000006',null,'00017',null);
Insert into GTB_CUST_ACCOUNT (APPLICATION_ID,ENTITY_ID,ACCOUNT_NO,CURRENCY_CODE,ACCOUNT_TYPE,PRODUCT,OPEN_DATE,COUNTRY_CODE,IS_ACTIVE,ACTIVATION_DATE,BRANCH_CODE,ACCOUNT_DESC,CLOSE_DATE,LANGUAGE,IBAN,RM,ACCOUNT_GROUP_ID,IS_INTERNAL_ACC,IS_STAFF_ACCOUNT,IS_DORMANT,IS_CREDIT_BLOCK,IS_DEBIT_BLOCK,IS_FROZEN,DEACTIVATION_DATE,REASON,MAKER_ID,MAKER_DATE,AUTHORISER_ID,AUTHORISED_DATE,ACCOUNT_STATUS,COMPANY_NAME,COMPANY_ID,ENTITY_CODE,TRANSIT_NO,ECIF_ID) values (1,3,'1700040','JPY','CFM','WIRES',null,'CA','0',null,'00017','Bulk eTransfer Client06',null,null,null,null,null,null,null,null,null,null,null,null,null,'BBDUSER01',to_date('21-06-19','DD-MM-RR'),'BBDUSER01',to_date('21-06-19','DD-MM-RR'),null,null,'17000006',null,'00017',null);
Insert into GTB_CUST_ACCOUNT (APPLICATION_ID,ENTITY_ID,ACCOUNT_NO,CURRENCY_CODE,ACCOUNT_TYPE,PRODUCT,OPEN_DATE,COUNTRY_CODE,IS_ACTIVE,ACTIVATION_DATE,BRANCH_CODE,ACCOUNT_DESC,CLOSE_DATE,LANGUAGE,IBAN,RM,ACCOUNT_GROUP_ID,IS_INTERNAL_ACC,IS_STAFF_ACCOUNT,IS_DORMANT,IS_CREDIT_BLOCK,IS_DEBIT_BLOCK,IS_FROZEN,DEACTIVATION_DATE,REASON,MAKER_ID,MAKER_DATE,AUTHORISER_ID,AUTHORISED_DATE,ACCOUNT_STATUS,COMPANY_NAME,COMPANY_ID,ENTITY_CODE,TRANSIT_NO,ECIF_ID) values (1,3,'1700041','CAD','CFM','WIRES',null,'CA','0',null,'00017','Bulk eTransfer Client07',null,null,null,null,null,null,null,null,null,null,null,null,null,'BBDUSER01',to_date('21-06-19','DD-MM-RR'),'BBDUSER01',to_date('21-06-19','DD-MM-RR'),null,null,'17000007',null,'00017',null);
Insert into GTB_CUST_ACCOUNT (APPLICATION_ID,ENTITY_ID,ACCOUNT_NO,CURRENCY_CODE,ACCOUNT_TYPE,PRODUCT,OPEN_DATE,COUNTRY_CODE,IS_ACTIVE,ACTIVATION_DATE,BRANCH_CODE,ACCOUNT_DESC,CLOSE_DATE,LANGUAGE,IBAN,RM,ACCOUNT_GROUP_ID,IS_INTERNAL_ACC,IS_STAFF_ACCOUNT,IS_DORMANT,IS_CREDIT_BLOCK,IS_DEBIT_BLOCK,IS_FROZEN,DEACTIVATION_DATE,REASON,MAKER_ID,MAKER_DATE,AUTHORISER_ID,AUTHORISED_DATE,ACCOUNT_STATUS,COMPANY_NAME,COMPANY_ID,ENTITY_CODE,TRANSIT_NO,ECIF_ID) values (1,3,'1700042','USD','CFM','WIRES',null,'CA','0',null,'00017','Bulk eTransfer Client07',null,null,null,null,null,null,null,null,null,null,null,null,null,'BBDUSER01',to_date('21-06-19','DD-MM-RR'),'BBDUSER01',to_date('21-06-19','DD-MM-RR'),null,null,'17000007',null,'00017',null);
Insert into GTB_CUST_ACCOUNT (APPLICATION_ID,ENTITY_ID,ACCOUNT_NO,CURRENCY_CODE,ACCOUNT_TYPE,PRODUCT,OPEN_DATE,COUNTRY_CODE,IS_ACTIVE,ACTIVATION_DATE,BRANCH_CODE,ACCOUNT_DESC,CLOSE_DATE,LANGUAGE,IBAN,RM,ACCOUNT_GROUP_ID,IS_INTERNAL_ACC,IS_STAFF_ACCOUNT,IS_DORMANT,IS_CREDIT_BLOCK,IS_DEBIT_BLOCK,IS_FROZEN,DEACTIVATION_DATE,REASON,MAKER_ID,MAKER_DATE,AUTHORISER_ID,AUTHORISED_DATE,ACCOUNT_STATUS,COMPANY_NAME,COMPANY_ID,ENTITY_CODE,TRANSIT_NO,ECIF_ID) values (1,3,'1700043','CAD','CFM','WIRES',null,'CA','0',null,'00017','Bulk eTransfer Client07',null,null,null,null,null,null,null,null,null,null,null,null,null,'BBDUSER01',to_date('21-06-19','DD-MM-RR'),'BBDUSER01',to_date('21-06-19','DD-MM-RR'),null,null,'17000007',null,'00017',null);
Insert into GTB_CUST_ACCOUNT (APPLICATION_ID,ENTITY_ID,ACCOUNT_NO,CURRENCY_CODE,ACCOUNT_TYPE,PRODUCT,OPEN_DATE,COUNTRY_CODE,IS_ACTIVE,ACTIVATION_DATE,BRANCH_CODE,ACCOUNT_DESC,CLOSE_DATE,LANGUAGE,IBAN,RM,ACCOUNT_GROUP_ID,IS_INTERNAL_ACC,IS_STAFF_ACCOUNT,IS_DORMANT,IS_CREDIT_BLOCK,IS_DEBIT_BLOCK,IS_FROZEN,DEACTIVATION_DATE,REASON,MAKER_ID,MAKER_DATE,AUTHORISER_ID,AUTHORISED_DATE,ACCOUNT_STATUS,COMPANY_NAME,COMPANY_ID,ENTITY_CODE,TRANSIT_NO,ECIF_ID) values (1,3,'1700044','USD','CFM','WIRES',null,'CA','0',null,'00017','Bulk eTransfer Client07',null,null,null,null,null,null,null,null,null,null,null,null,null,'BBDUSER01',to_date('21-06-19','DD-MM-RR'),'BBDUSER01',to_date('21-06-19','DD-MM-RR'),null,null,'17000007',null,'00017',null);
Insert into GTB_CUST_ACCOUNT (APPLICATION_ID,ENTITY_ID,ACCOUNT_NO,CURRENCY_CODE,ACCOUNT_TYPE,PRODUCT,OPEN_DATE,COUNTRY_CODE,IS_ACTIVE,ACTIVATION_DATE,BRANCH_CODE,ACCOUNT_DESC,CLOSE_DATE,LANGUAGE,IBAN,RM,ACCOUNT_GROUP_ID,IS_INTERNAL_ACC,IS_STAFF_ACCOUNT,IS_DORMANT,IS_CREDIT_BLOCK,IS_DEBIT_BLOCK,IS_FROZEN,DEACTIVATION_DATE,REASON,MAKER_ID,MAKER_DATE,AUTHORISER_ID,AUTHORISED_DATE,ACCOUNT_STATUS,COMPANY_NAME,COMPANY_ID,ENTITY_CODE,TRANSIT_NO,ECIF_ID) values (1,3,'1700045','EUR','CFM','WIRES',null,'CA','0',null,'00017','Bulk eTransfer Client07',null,null,null,null,null,null,null,null,null,null,null,null,null,'BBDUSER01',to_date('21-06-19','DD-MM-RR'),'BBDUSER01',to_date('21-06-19','DD-MM-RR'),null,null,'17000007',null,'00017',null);
Insert into GTB_CUST_ACCOUNT (APPLICATION_ID,ENTITY_ID,ACCOUNT_NO,CURRENCY_CODE,ACCOUNT_TYPE,PRODUCT,OPEN_DATE,COUNTRY_CODE,IS_ACTIVE,ACTIVATION_DATE,BRANCH_CODE,ACCOUNT_DESC,CLOSE_DATE,LANGUAGE,IBAN,RM,ACCOUNT_GROUP_ID,IS_INTERNAL_ACC,IS_STAFF_ACCOUNT,IS_DORMANT,IS_CREDIT_BLOCK,IS_DEBIT_BLOCK,IS_FROZEN,DEACTIVATION_DATE,REASON,MAKER_ID,MAKER_DATE,AUTHORISER_ID,AUTHORISED_DATE,ACCOUNT_STATUS,COMPANY_NAME,COMPANY_ID,ENTITY_CODE,TRANSIT_NO,ECIF_ID) values (1,3,'1700046','AUD','CFM','WIRES',null,'CA','0',null,'00017','Bulk eTransfer Client07',null,null,null,null,null,null,null,null,null,null,null,null,null,'BBDUSER01',to_date('21-06-19','DD-MM-RR'),'BBDUSER01',to_date('21-06-19','DD-MM-RR'),null,null,'17000007',null,'00017',null);
Insert into GTB_CUST_ACCOUNT (APPLICATION_ID,ENTITY_ID,ACCOUNT_NO,CURRENCY_CODE,ACCOUNT_TYPE,PRODUCT,OPEN_DATE,COUNTRY_CODE,IS_ACTIVE,ACTIVATION_DATE,BRANCH_CODE,ACCOUNT_DESC,CLOSE_DATE,LANGUAGE,IBAN,RM,ACCOUNT_GROUP_ID,IS_INTERNAL_ACC,IS_STAFF_ACCOUNT,IS_DORMANT,IS_CREDIT_BLOCK,IS_DEBIT_BLOCK,IS_FROZEN,DEACTIVATION_DATE,REASON,MAKER_ID,MAKER_DATE,AUTHORISER_ID,AUTHORISED_DATE,ACCOUNT_STATUS,COMPANY_NAME,COMPANY_ID,ENTITY_CODE,TRANSIT_NO,ECIF_ID) values (1,3,'1700047','GBP','CFM','WIRES',null,'CA','0',null,'00017','Bulk eTransfer Client07',null,null,null,null,null,null,null,null,null,null,null,null,null,'BBDUSER01',to_date('21-06-19','DD-MM-RR'),'BBDUSER01',to_date('21-06-19','DD-MM-RR'),null,null,'17000007',null,'00017',null);
Insert into GTB_CUST_ACCOUNT (APPLICATION_ID,ENTITY_ID,ACCOUNT_NO,CURRENCY_CODE,ACCOUNT_TYPE,PRODUCT,OPEN_DATE,COUNTRY_CODE,IS_ACTIVE,ACTIVATION_DATE,BRANCH_CODE,ACCOUNT_DESC,CLOSE_DATE,LANGUAGE,IBAN,RM,ACCOUNT_GROUP_ID,IS_INTERNAL_ACC,IS_STAFF_ACCOUNT,IS_DORMANT,IS_CREDIT_BLOCK,IS_DEBIT_BLOCK,IS_FROZEN,DEACTIVATION_DATE,REASON,MAKER_ID,MAKER_DATE,AUTHORISER_ID,AUTHORISED_DATE,ACCOUNT_STATUS,COMPANY_NAME,COMPANY_ID,ENTITY_CODE,TRANSIT_NO,ECIF_ID) values (1,3,'1700049','JPY','CFM','WIRES',null,'CA','0',null,'00017','Bulk eTransfer Client07',null,null,null,null,null,null,null,null,null,null,null,null,null,'BBDUSER01',to_date('21-06-19','DD-MM-RR'),'BBDUSER01',to_date('21-06-19','DD-MM-RR'),null,null,'17000007',null,'00017',null);
Insert into GTB_CUST_ACCOUNT (APPLICATION_ID,ENTITY_ID,ACCOUNT_NO,CURRENCY_CODE,ACCOUNT_TYPE,PRODUCT,OPEN_DATE,COUNTRY_CODE,IS_ACTIVE,ACTIVATION_DATE,BRANCH_CODE,ACCOUNT_DESC,CLOSE_DATE,LANGUAGE,IBAN,RM,ACCOUNT_GROUP_ID,IS_INTERNAL_ACC,IS_STAFF_ACCOUNT,IS_DORMANT,IS_CREDIT_BLOCK,IS_DEBIT_BLOCK,IS_FROZEN,DEACTIVATION_DATE,REASON,MAKER_ID,MAKER_DATE,AUTHORISER_ID,AUTHORISED_DATE,ACCOUNT_STATUS,COMPANY_NAME,COMPANY_ID,ENTITY_CODE,TRANSIT_NO,ECIF_ID) values (1,3,'1700048','INR','CFM','WIRES',null,'CA','0',null,'00017','Bulk eTransfer Client07',null,null,null,null,null,null,null,null,null,null,null,null,null,'BBDUSER01',to_date('21-06-19','DD-MM-RR'),'BBDUSER01',to_date('21-06-19','DD-MM-RR'),null,null,'17000007',null,'00017',null);

--GTB_CUST_ACCOUNT_PREF
Insert into GTB_CUST_ACCOUNT_PREF (COMPANY_ID,ACCOUNT_NO,PAYMENT_PROD_TYPE,FUND_UTIL_TYPE,MAKER_ID,MAKER_DATE,AUTHORISER_ID,AUTHORISED_DATE,SEQNO,CORR_FEE_ACC_NO,BRANCH_NO,COMPANY_NAME,CORP_FEE_BRANCH_NO,SETTL_ACC_CURR,CORR_ACC_CURR,ORIGINATOR_ID,PRODUCT_CLASSIFICATION,ORIGINATOR_CURR,ACCOUNT_USAGE,DEFAULT_ACCOUNT,CHQ_STOCK_TYPE,ABA_ROUTING_NO,EXTERNAL_ACC_TYPE,INSTITUTION_NUMBER,EXTERNAL_ACCOUNT) values (17000002,'1700006','EMT','A','BCCMKR1',to_date('25-11-19','DD-MM-RR'),'BCCCKR1',to_date('25-11-19','DD-MM-RR'),1,null,'00017','Bulk eTransfer Client02',null,'CAD',null,null,null,null,null,null,null,null,null,null,'No');
Insert into GTB_CUST_ACCOUNT_PREF (COMPANY_ID,ACCOUNT_NO,PAYMENT_PROD_TYPE,FUND_UTIL_TYPE,MAKER_ID,MAKER_DATE,AUTHORISER_ID,AUTHORISED_DATE,SEQNO,CORR_FEE_ACC_NO,BRANCH_NO,COMPANY_NAME,CORP_FEE_BRANCH_NO,SETTL_ACC_CURR,CORR_ACC_CURR,ORIGINATOR_ID,PRODUCT_CLASSIFICATION,ORIGINATOR_CURR,ACCOUNT_USAGE,DEFAULT_ACCOUNT,CHQ_STOCK_TYPE,ABA_ROUTING_NO,EXTERNAL_ACC_TYPE,INSTITUTION_NUMBER,EXTERNAL_ACCOUNT) values (17000002,'1700009','EMT','A','BCCMKR1',to_date('25-11-19','DD-MM-RR'),'BCCCKR1',to_date('25-11-19','DD-MM-RR'),4,null,'00017','Bulk eTransfer Client02',null,'CAD',null,null,null,null,null,null,null,null,null,null,'No');
Insert into GTB_CUST_ACCOUNT_PREF (COMPANY_ID,ACCOUNT_NO,PAYMENT_PROD_TYPE,FUND_UTIL_TYPE,MAKER_ID,MAKER_DATE,AUTHORISER_ID,AUTHORISED_DATE,SEQNO,CORR_FEE_ACC_NO,BRANCH_NO,COMPANY_NAME,CORP_FEE_BRANCH_NO,SETTL_ACC_CURR,CORR_ACC_CURR,ORIGINATOR_ID,PRODUCT_CLASSIFICATION,ORIGINATOR_CURR,ACCOUNT_USAGE,DEFAULT_ACCOUNT,CHQ_STOCK_TYPE,ABA_ROUTING_NO,EXTERNAL_ACC_TYPE,INSTITUTION_NUMBER,EXTERNAL_ACCOUNT) values (17000002,'1700010','EMT','L','BCCMKR1',to_date('25-11-19','DD-MM-RR'),'BCCCKR1',to_date('25-11-19','DD-MM-RR'),5,null,'00017','Bulk eTransfer Client02',null,'CAD',null,null,null,null,null,null,null,null,null,null,'No');
Insert into GTB_CUST_ACCOUNT_PREF (COMPANY_ID,ACCOUNT_NO,PAYMENT_PROD_TYPE,FUND_UTIL_TYPE,MAKER_ID,MAKER_DATE,AUTHORISER_ID,AUTHORISED_DATE,SEQNO,CORR_FEE_ACC_NO,BRANCH_NO,COMPANY_NAME,CORP_FEE_BRANCH_NO,SETTL_ACC_CURR,CORR_ACC_CURR,ORIGINATOR_ID,PRODUCT_CLASSIFICATION,ORIGINATOR_CURR,ACCOUNT_USAGE,DEFAULT_ACCOUNT,CHQ_STOCK_TYPE,ABA_ROUTING_NO,EXTERNAL_ACC_TYPE,INSTITUTION_NUMBER,EXTERNAL_ACCOUNT) values (17000002,'1700007','EMT','A','BCCMKR1',to_date('25-11-19','DD-MM-RR'),'BCCCKR1',to_date('25-11-19','DD-MM-RR'),2,null,'00017','Bulk eTransfer Client02',null,'CAD',null,null,null,null,null,null,null,null,null,null,'No');
Insert into GTB_CUST_ACCOUNT_PREF (COMPANY_ID,ACCOUNT_NO,PAYMENT_PROD_TYPE,FUND_UTIL_TYPE,MAKER_ID,MAKER_DATE,AUTHORISER_ID,AUTHORISED_DATE,SEQNO,CORR_FEE_ACC_NO,BRANCH_NO,COMPANY_NAME,CORP_FEE_BRANCH_NO,SETTL_ACC_CURR,CORR_ACC_CURR,ORIGINATOR_ID,PRODUCT_CLASSIFICATION,ORIGINATOR_CURR,ACCOUNT_USAGE,DEFAULT_ACCOUNT,CHQ_STOCK_TYPE,ABA_ROUTING_NO,EXTERNAL_ACC_TYPE,INSTITUTION_NUMBER,EXTERNAL_ACCOUNT) values (17000002,'1700008','EMT','L','BCCMKR1',to_date('25-11-19','DD-MM-RR'),'BCCCKR1',to_date('25-11-19','DD-MM-RR'),3,null,'00017','Bulk eTransfer Client02',null,'CAD',null,null,null,null,null,null,null,null,null,null,'No');
Insert into GTB_CUST_ACCOUNT_PREF (COMPANY_ID,ACCOUNT_NO,PAYMENT_PROD_TYPE,FUND_UTIL_TYPE,MAKER_ID,MAKER_DATE,AUTHORISER_ID,AUTHORISED_DATE,SEQNO,CORR_FEE_ACC_NO,BRANCH_NO,COMPANY_NAME,CORP_FEE_BRANCH_NO,SETTL_ACC_CURR,CORR_ACC_CURR,ORIGINATOR_ID,PRODUCT_CLASSIFICATION,ORIGINATOR_CURR,ACCOUNT_USAGE,DEFAULT_ACCOUNT,CHQ_STOCK_TYPE,ABA_ROUTING_NO,EXTERNAL_ACC_TYPE,INSTITUTION_NUMBER,EXTERNAL_ACCOUNT) values (17000003,'1700014','EMT','L','BCCMKR5',to_date('25-11-19','DD-MM-RR'),'BCCCKR1',to_date('25-11-19','DD-MM-RR'),5,null,'00017','Bulk eTransfer Client03',null,'CAD',null,null,null,null,null,null,null,null,null,null,'No');
Insert into GTB_CUST_ACCOUNT_PREF (COMPANY_ID,ACCOUNT_NO,PAYMENT_PROD_TYPE,FUND_UTIL_TYPE,MAKER_ID,MAKER_DATE,AUTHORISER_ID,AUTHORISED_DATE,SEQNO,CORR_FEE_ACC_NO,BRANCH_NO,COMPANY_NAME,CORP_FEE_BRANCH_NO,SETTL_ACC_CURR,CORR_ACC_CURR,ORIGINATOR_ID,PRODUCT_CLASSIFICATION,ORIGINATOR_CURR,ACCOUNT_USAGE,DEFAULT_ACCOUNT,CHQ_STOCK_TYPE,ABA_ROUTING_NO,EXTERNAL_ACC_TYPE,INSTITUTION_NUMBER,EXTERNAL_ACCOUNT) values (17000003,'1700013','EMT','L','BCCMKR5',to_date('25-11-19','DD-MM-RR'),'BCCCKR1',to_date('25-11-19','DD-MM-RR'),4,null,'00017','Bulk eTransfer Client03',null,'CAD',null,null,null,null,null,null,null,null,null,null,'No');
Insert into GTB_CUST_ACCOUNT_PREF (COMPANY_ID,ACCOUNT_NO,PAYMENT_PROD_TYPE,FUND_UTIL_TYPE,MAKER_ID,MAKER_DATE,AUTHORISER_ID,AUTHORISED_DATE,SEQNO,CORR_FEE_ACC_NO,BRANCH_NO,COMPANY_NAME,CORP_FEE_BRANCH_NO,SETTL_ACC_CURR,CORR_ACC_CURR,ORIGINATOR_ID,PRODUCT_CLASSIFICATION,ORIGINATOR_CURR,ACCOUNT_USAGE,DEFAULT_ACCOUNT,CHQ_STOCK_TYPE,ABA_ROUTING_NO,EXTERNAL_ACC_TYPE,INSTITUTION_NUMBER,EXTERNAL_ACCOUNT) values (17000003,'1700012','EMT','L','BCCMKR5',to_date('25-11-19','DD-MM-RR'),'BCCCKR1',to_date('25-11-19','DD-MM-RR'),3,null,'00017','Bulk eTransfer Client03',null,'CAD',null,null,null,null,null,null,null,null,null,null,'No');
Insert into GTB_CUST_ACCOUNT_PREF (COMPANY_ID,ACCOUNT_NO,PAYMENT_PROD_TYPE,FUND_UTIL_TYPE,MAKER_ID,MAKER_DATE,AUTHORISER_ID,AUTHORISED_DATE,SEQNO,CORR_FEE_ACC_NO,BRANCH_NO,COMPANY_NAME,CORP_FEE_BRANCH_NO,SETTL_ACC_CURR,CORR_ACC_CURR,ORIGINATOR_ID,PRODUCT_CLASSIFICATION,ORIGINATOR_CURR,ACCOUNT_USAGE,DEFAULT_ACCOUNT,CHQ_STOCK_TYPE,ABA_ROUTING_NO,EXTERNAL_ACC_TYPE,INSTITUTION_NUMBER,EXTERNAL_ACCOUNT) values (17000003,'1700015','EMT','A','BCCMKR5',to_date('25-11-19','DD-MM-RR'),'BCCCKR1',to_date('25-11-19','DD-MM-RR'),2,null,'00017','Bulk eTransfer Client03',null,'CAD',null,null,null,null,null,null,null,null,null,null,'No');
Insert into GTB_CUST_ACCOUNT_PREF (COMPANY_ID,ACCOUNT_NO,PAYMENT_PROD_TYPE,FUND_UTIL_TYPE,MAKER_ID,MAKER_DATE,AUTHORISER_ID,AUTHORISED_DATE,SEQNO,CORR_FEE_ACC_NO,BRANCH_NO,COMPANY_NAME,CORP_FEE_BRANCH_NO,SETTL_ACC_CURR,CORR_ACC_CURR,ORIGINATOR_ID,PRODUCT_CLASSIFICATION,ORIGINATOR_CURR,ACCOUNT_USAGE,DEFAULT_ACCOUNT,CHQ_STOCK_TYPE,ABA_ROUTING_NO,EXTERNAL_ACC_TYPE,INSTITUTION_NUMBER,EXTERNAL_ACCOUNT) values (17000003,'1700011','EMT','A','BCCMKR5',to_date('25-11-19','DD-MM-RR'),'BCCCKR1',to_date('25-11-19','DD-MM-RR'),1,null,'00017','Bulk eTransfer Client03',null,'CAD',null,null,null,null,null,null,null,null,null,null,'No');
Insert into GTB_CUST_ACCOUNT_PREF (COMPANY_ID,ACCOUNT_NO,PAYMENT_PROD_TYPE,FUND_UTIL_TYPE,MAKER_ID,MAKER_DATE,AUTHORISER_ID,AUTHORISED_DATE,SEQNO,CORR_FEE_ACC_NO,BRANCH_NO,COMPANY_NAME,CORP_FEE_BRANCH_NO,SETTL_ACC_CURR,CORR_ACC_CURR,ORIGINATOR_ID,PRODUCT_CLASSIFICATION,ORIGINATOR_CURR,ACCOUNT_USAGE,DEFAULT_ACCOUNT,CHQ_STOCK_TYPE,ABA_ROUTING_NO,EXTERNAL_ACC_TYPE,INSTITUTION_NUMBER,EXTERNAL_ACCOUNT) values (17000004,'1700019','EMT','L','BCCMKR1',to_date('25-11-19','DD-MM-RR'),'BCCCKR1',to_date('25-11-19','DD-MM-RR'),4,null,'00017','Bulk eTransfer Client04',null,'CAD',null,null,null,null,null,null,null,null,null,null,'No');
Insert into GTB_CUST_ACCOUNT_PREF (COMPANY_ID,ACCOUNT_NO,PAYMENT_PROD_TYPE,FUND_UTIL_TYPE,MAKER_ID,MAKER_DATE,AUTHORISER_ID,AUTHORISED_DATE,SEQNO,CORR_FEE_ACC_NO,BRANCH_NO,COMPANY_NAME,CORP_FEE_BRANCH_NO,SETTL_ACC_CURR,CORR_ACC_CURR,ORIGINATOR_ID,PRODUCT_CLASSIFICATION,ORIGINATOR_CURR,ACCOUNT_USAGE,DEFAULT_ACCOUNT,CHQ_STOCK_TYPE,ABA_ROUTING_NO,EXTERNAL_ACC_TYPE,INSTITUTION_NUMBER,EXTERNAL_ACCOUNT) values (17000004,'1700020','EMT','L','BCCMKR1',to_date('25-11-19','DD-MM-RR'),'BCCCKR1',to_date('25-11-19','DD-MM-RR'),5,null,'00017','Bulk eTransfer Client04',null,'CAD',null,null,null,null,null,null,null,null,null,null,'No');
Insert into GTB_CUST_ACCOUNT_PREF (COMPANY_ID,ACCOUNT_NO,PAYMENT_PROD_TYPE,FUND_UTIL_TYPE,MAKER_ID,MAKER_DATE,AUTHORISER_ID,AUTHORISED_DATE,SEQNO,CORR_FEE_ACC_NO,BRANCH_NO,COMPANY_NAME,CORP_FEE_BRANCH_NO,SETTL_ACC_CURR,CORR_ACC_CURR,ORIGINATOR_ID,PRODUCT_CLASSIFICATION,ORIGINATOR_CURR,ACCOUNT_USAGE,DEFAULT_ACCOUNT,CHQ_STOCK_TYPE,ABA_ROUTING_NO,EXTERNAL_ACC_TYPE,INSTITUTION_NUMBER,EXTERNAL_ACCOUNT) values (17000004,'1700018','EMT','A','BCCMKR1',to_date('25-11-19','DD-MM-RR'),'BCCCKR1',to_date('25-11-19','DD-MM-RR'),3,null,'00017','Bulk eTransfer Client04',null,'CAD',null,null,null,null,null,null,null,null,null,null,'No');
Insert into GTB_CUST_ACCOUNT_PREF (COMPANY_ID,ACCOUNT_NO,PAYMENT_PROD_TYPE,FUND_UTIL_TYPE,MAKER_ID,MAKER_DATE,AUTHORISER_ID,AUTHORISED_DATE,SEQNO,CORR_FEE_ACC_NO,BRANCH_NO,COMPANY_NAME,CORP_FEE_BRANCH_NO,SETTL_ACC_CURR,CORR_ACC_CURR,ORIGINATOR_ID,PRODUCT_CLASSIFICATION,ORIGINATOR_CURR,ACCOUNT_USAGE,DEFAULT_ACCOUNT,CHQ_STOCK_TYPE,ABA_ROUTING_NO,EXTERNAL_ACC_TYPE,INSTITUTION_NUMBER,EXTERNAL_ACCOUNT) values (17000004,'1700017','EMT','A','BCCMKR1',to_date('25-11-19','DD-MM-RR'),'BCCCKR1',to_date('25-11-19','DD-MM-RR'),2,null,'00017','Bulk eTransfer Client04',null,'CAD',null,null,null,null,null,null,null,null,null,null,'No');
Insert into GTB_CUST_ACCOUNT_PREF (COMPANY_ID,ACCOUNT_NO,PAYMENT_PROD_TYPE,FUND_UTIL_TYPE,MAKER_ID,MAKER_DATE,AUTHORISER_ID,AUTHORISED_DATE,SEQNO,CORR_FEE_ACC_NO,BRANCH_NO,COMPANY_NAME,CORP_FEE_BRANCH_NO,SETTL_ACC_CURR,CORR_ACC_CURR,ORIGINATOR_ID,PRODUCT_CLASSIFICATION,ORIGINATOR_CURR,ACCOUNT_USAGE,DEFAULT_ACCOUNT,CHQ_STOCK_TYPE,ABA_ROUTING_NO,EXTERNAL_ACC_TYPE,INSTITUTION_NUMBER,EXTERNAL_ACCOUNT) values (17000004,'1700016','EMT','A','BCCMKR1',to_date('25-11-19','DD-MM-RR'),'BCCCKR1',to_date('25-11-19','DD-MM-RR'),1,null,'00017','Bulk eTransfer Client04',null,'CAD',null,null,null,null,null,null,null,null,null,null,'No');
Insert into GTB_CUST_ACCOUNT_PREF (COMPANY_ID,ACCOUNT_NO,PAYMENT_PROD_TYPE,FUND_UTIL_TYPE,MAKER_ID,MAKER_DATE,AUTHORISER_ID,AUTHORISED_DATE,SEQNO,CORR_FEE_ACC_NO,BRANCH_NO,COMPANY_NAME,CORP_FEE_BRANCH_NO,SETTL_ACC_CURR,CORR_ACC_CURR,ORIGINATOR_ID,PRODUCT_CLASSIFICATION,ORIGINATOR_CURR,ACCOUNT_USAGE,DEFAULT_ACCOUNT,CHQ_STOCK_TYPE,ABA_ROUTING_NO,EXTERNAL_ACC_TYPE,INSTITUTION_NUMBER,EXTERNAL_ACCOUNT) values (17000005,'1700023','EMT','L','BCCMKR5',to_date('25-11-19','DD-MM-RR'),'BCCCKR1',to_date('25-11-19','DD-MM-RR'),2,null,'00017','Bulk eTransfer Client05',null,'CAD',null,null,null,null,null,null,null,null,null,null,'No');
Insert into GTB_CUST_ACCOUNT_PREF (COMPANY_ID,ACCOUNT_NO,PAYMENT_PROD_TYPE,FUND_UTIL_TYPE,MAKER_ID,MAKER_DATE,AUTHORISER_ID,AUTHORISED_DATE,SEQNO,CORR_FEE_ACC_NO,BRANCH_NO,COMPANY_NAME,CORP_FEE_BRANCH_NO,SETTL_ACC_CURR,CORR_ACC_CURR,ORIGINATOR_ID,PRODUCT_CLASSIFICATION,ORIGINATOR_CURR,ACCOUNT_USAGE,DEFAULT_ACCOUNT,CHQ_STOCK_TYPE,ABA_ROUTING_NO,EXTERNAL_ACC_TYPE,INSTITUTION_NUMBER,EXTERNAL_ACCOUNT) values (17000005,'1700022','CTR','L','BCCMKR5',to_date('25-11-19','DD-MM-RR'),'BCCCKR1',to_date('25-11-19','DD-MM-RR'),16,null,'00017','Bulk eTransfer Client05',null,'USD',null,null,null,null,null,null,null,null,null,null,'No');
Insert into GTB_CUST_ACCOUNT_PREF (COMPANY_ID,ACCOUNT_NO,PAYMENT_PROD_TYPE,FUND_UTIL_TYPE,MAKER_ID,MAKER_DATE,AUTHORISER_ID,AUTHORISED_DATE,SEQNO,CORR_FEE_ACC_NO,BRANCH_NO,COMPANY_NAME,CORP_FEE_BRANCH_NO,SETTL_ACC_CURR,CORR_ACC_CURR,ORIGINATOR_ID,PRODUCT_CLASSIFICATION,ORIGINATOR_CURR,ACCOUNT_USAGE,DEFAULT_ACCOUNT,CHQ_STOCK_TYPE,ABA_ROUTING_NO,EXTERNAL_ACC_TYPE,INSTITUTION_NUMBER,EXTERNAL_ACCOUNT) values (17000005,'1700021','Wires','A','BCCMKR5',to_date('25-11-19','DD-MM-RR'),'BCCCKR1',to_date('25-11-19','DD-MM-RR'),4,null,'00017','Bulk eTransfer Client05',null,'CAD',null,null,null,null,null,null,null,null,null,null,'No');
Insert into GTB_CUST_ACCOUNT_PREF (COMPANY_ID,ACCOUNT_NO,PAYMENT_PROD_TYPE,FUND_UTIL_TYPE,MAKER_ID,MAKER_DATE,AUTHORISER_ID,AUTHORISED_DATE,SEQNO,CORR_FEE_ACC_NO,BRANCH_NO,COMPANY_NAME,CORP_FEE_BRANCH_NO,SETTL_ACC_CURR,CORR_ACC_CURR,ORIGINATOR_ID,PRODUCT_CLASSIFICATION,ORIGINATOR_CURR,ACCOUNT_USAGE,DEFAULT_ACCOUNT,CHQ_STOCK_TYPE,ABA_ROUTING_NO,EXTERNAL_ACC_TYPE,INSTITUTION_NUMBER,EXTERNAL_ACCOUNT) values (17000005,'1700025','Wires','L','BCCMKR5',to_date('25-11-19','DD-MM-RR'),'BCCCKR1',to_date('25-11-19','DD-MM-RR'),8,'1700021','00017','Bulk eTransfer Client05','00017','EUR','CAD',null,null,null,null,null,null,null,null,null,'No');
Insert into GTB_CUST_ACCOUNT_PREF (COMPANY_ID,ACCOUNT_NO,PAYMENT_PROD_TYPE,FUND_UTIL_TYPE,MAKER_ID,MAKER_DATE,AUTHORISER_ID,AUTHORISED_DATE,SEQNO,CORR_FEE_ACC_NO,BRANCH_NO,COMPANY_NAME,CORP_FEE_BRANCH_NO,SETTL_ACC_CURR,CORR_ACC_CURR,ORIGINATOR_ID,PRODUCT_CLASSIFICATION,ORIGINATOR_CURR,ACCOUNT_USAGE,DEFAULT_ACCOUNT,CHQ_STOCK_TYPE,ABA_ROUTING_NO,EXTERNAL_ACC_TYPE,INSTITUTION_NUMBER,EXTERNAL_ACCOUNT) values (17000005,'1700026','Wires','L','BCCMKR5',to_date('25-11-19','DD-MM-RR'),'BCCCKR1',to_date('25-11-19','DD-MM-RR'),9,'1700021','00017','Bulk eTransfer Client05','00017','AUD','CAD',null,null,null,null,null,null,null,null,null,'No');
Insert into GTB_CUST_ACCOUNT_PREF (COMPANY_ID,ACCOUNT_NO,PAYMENT_PROD_TYPE,FUND_UTIL_TYPE,MAKER_ID,MAKER_DATE,AUTHORISER_ID,AUTHORISED_DATE,SEQNO,CORR_FEE_ACC_NO,BRANCH_NO,COMPANY_NAME,CORP_FEE_BRANCH_NO,SETTL_ACC_CURR,CORR_ACC_CURR,ORIGINATOR_ID,PRODUCT_CLASSIFICATION,ORIGINATOR_CURR,ACCOUNT_USAGE,DEFAULT_ACCOUNT,CHQ_STOCK_TYPE,ABA_ROUTING_NO,EXTERNAL_ACC_TYPE,INSTITUTION_NUMBER,EXTERNAL_ACCOUNT) values (17000005,'1700027','Wires','L','BCCMKR5',to_date('25-11-19','DD-MM-RR'),'BCCCKR1',to_date('25-11-19','DD-MM-RR'),10,'1700021','00017','Bulk eTransfer Client05','00017','GBP','CAD',null,null,null,null,null,null,null,null,null,'No');
Insert into GTB_CUST_ACCOUNT_PREF (COMPANY_ID,ACCOUNT_NO,PAYMENT_PROD_TYPE,FUND_UTIL_TYPE,MAKER_ID,MAKER_DATE,AUTHORISER_ID,AUTHORISED_DATE,SEQNO,CORR_FEE_ACC_NO,BRANCH_NO,COMPANY_NAME,CORP_FEE_BRANCH_NO,SETTL_ACC_CURR,CORR_ACC_CURR,ORIGINATOR_ID,PRODUCT_CLASSIFICATION,ORIGINATOR_CURR,ACCOUNT_USAGE,DEFAULT_ACCOUNT,CHQ_STOCK_TYPE,ABA_ROUTING_NO,EXTERNAL_ACC_TYPE,INSTITUTION_NUMBER,EXTERNAL_ACCOUNT) values (17000005,'1700028','Wires','L','BCCMKR5',to_date('25-11-19','DD-MM-RR'),'BCCCKR1',to_date('25-11-19','DD-MM-RR'),11,'1700021','00017','Bulk eTransfer Client05','00017','INR','CAD',null,null,null,null,null,null,null,null,null,'No');
Insert into GTB_CUST_ACCOUNT_PREF (COMPANY_ID,ACCOUNT_NO,PAYMENT_PROD_TYPE,FUND_UTIL_TYPE,MAKER_ID,MAKER_DATE,AUTHORISER_ID,AUTHORISED_DATE,SEQNO,CORR_FEE_ACC_NO,BRANCH_NO,COMPANY_NAME,CORP_FEE_BRANCH_NO,SETTL_ACC_CURR,CORR_ACC_CURR,ORIGINATOR_ID,PRODUCT_CLASSIFICATION,ORIGINATOR_CURR,ACCOUNT_USAGE,DEFAULT_ACCOUNT,CHQ_STOCK_TYPE,ABA_ROUTING_NO,EXTERNAL_ACC_TYPE,INSTITUTION_NUMBER,EXTERNAL_ACCOUNT) values (17000005,'1700030','Wires','L','BCCMKR5',to_date('25-11-19','DD-MM-RR'),'BCCCKR1',to_date('25-11-19','DD-MM-RR'),13,'1700021','00017','Bulk eTransfer Client05','00017','CAD','CAD',null,null,null,null,null,null,null,null,null,'No');
Insert into GTB_CUST_ACCOUNT_PREF (COMPANY_ID,ACCOUNT_NO,PAYMENT_PROD_TYPE,FUND_UTIL_TYPE,MAKER_ID,MAKER_DATE,AUTHORISER_ID,AUTHORISED_DATE,SEQNO,CORR_FEE_ACC_NO,BRANCH_NO,COMPANY_NAME,CORP_FEE_BRANCH_NO,SETTL_ACC_CURR,CORR_ACC_CURR,ORIGINATOR_ID,PRODUCT_CLASSIFICATION,ORIGINATOR_CURR,ACCOUNT_USAGE,DEFAULT_ACCOUNT,CHQ_STOCK_TYPE,ABA_ROUTING_NO,EXTERNAL_ACC_TYPE,INSTITUTION_NUMBER,EXTERNAL_ACCOUNT) values (17000005,'1700021','CTR','A','BCCMKR5',to_date('25-11-19','DD-MM-RR'),'BCCCKR1',to_date('25-11-19','DD-MM-RR'),15,null,'00017','Bulk eTransfer Client05',null,'CAD',null,null,null,null,null,null,null,null,null,null,'No');
Insert into GTB_CUST_ACCOUNT_PREF (COMPANY_ID,ACCOUNT_NO,PAYMENT_PROD_TYPE,FUND_UTIL_TYPE,MAKER_ID,MAKER_DATE,AUTHORISER_ID,AUTHORISED_DATE,SEQNO,CORR_FEE_ACC_NO,BRANCH_NO,COMPANY_NAME,CORP_FEE_BRANCH_NO,SETTL_ACC_CURR,CORR_ACC_CURR,ORIGINATOR_ID,PRODUCT_CLASSIFICATION,ORIGINATOR_CURR,ACCOUNT_USAGE,DEFAULT_ACCOUNT,CHQ_STOCK_TYPE,ABA_ROUTING_NO,EXTERNAL_ACC_TYPE,INSTITUTION_NUMBER,EXTERNAL_ACCOUNT) values (17000005,'1700024','Wires','L','BCCMKR5',to_date('25-11-19','DD-MM-RR'),'BCCCKR1',to_date('25-11-19','DD-MM-RR'),7,'1700021','00017','Bulk eTransfer Client05','00017','USD','CAD',null,null,null,null,null,null,null,null,null,'No');
Insert into GTB_CUST_ACCOUNT_PREF (COMPANY_ID,ACCOUNT_NO,PAYMENT_PROD_TYPE,FUND_UTIL_TYPE,MAKER_ID,MAKER_DATE,AUTHORISER_ID,AUTHORISED_DATE,SEQNO,CORR_FEE_ACC_NO,BRANCH_NO,COMPANY_NAME,CORP_FEE_BRANCH_NO,SETTL_ACC_CURR,CORR_ACC_CURR,ORIGINATOR_ID,PRODUCT_CLASSIFICATION,ORIGINATOR_CURR,ACCOUNT_USAGE,DEFAULT_ACCOUNT,CHQ_STOCK_TYPE,ABA_ROUTING_NO,EXTERNAL_ACC_TYPE,INSTITUTION_NUMBER,EXTERNAL_ACCOUNT) values (17000005,'1700023','Wires','L','BCCMKR5',to_date('25-11-19','DD-MM-RR'),'BCCCKR1',to_date('25-11-19','DD-MM-RR'),6,null,'00017','Bulk eTransfer Client05',null,'CAD',null,null,null,null,null,null,null,null,null,null,'No');
Insert into GTB_CUST_ACCOUNT_PREF (COMPANY_ID,ACCOUNT_NO,PAYMENT_PROD_TYPE,FUND_UTIL_TYPE,MAKER_ID,MAKER_DATE,AUTHORISER_ID,AUTHORISED_DATE,SEQNO,CORR_FEE_ACC_NO,BRANCH_NO,COMPANY_NAME,CORP_FEE_BRANCH_NO,SETTL_ACC_CURR,CORR_ACC_CURR,ORIGINATOR_ID,PRODUCT_CLASSIFICATION,ORIGINATOR_CURR,ACCOUNT_USAGE,DEFAULT_ACCOUNT,CHQ_STOCK_TYPE,ABA_ROUTING_NO,EXTERNAL_ACC_TYPE,INSTITUTION_NUMBER,EXTERNAL_ACCOUNT) values (17000005,'1700022','Wires','A','BCCMKR5',to_date('25-11-19','DD-MM-RR'),'BCCCKR1',to_date('25-11-19','DD-MM-RR'),5,'1700021','00017','Bulk eTransfer Client05','00017','USD','CAD',null,null,null,null,null,null,null,null,null,'No');
Insert into GTB_CUST_ACCOUNT_PREF (COMPANY_ID,ACCOUNT_NO,PAYMENT_PROD_TYPE,FUND_UTIL_TYPE,MAKER_ID,MAKER_DATE,AUTHORISER_ID,AUTHORISED_DATE,SEQNO,CORR_FEE_ACC_NO,BRANCH_NO,COMPANY_NAME,CORP_FEE_BRANCH_NO,SETTL_ACC_CURR,CORR_ACC_CURR,ORIGINATOR_ID,PRODUCT_CLASSIFICATION,ORIGINATOR_CURR,ACCOUNT_USAGE,DEFAULT_ACCOUNT,CHQ_STOCK_TYPE,ABA_ROUTING_NO,EXTERNAL_ACC_TYPE,INSTITUTION_NUMBER,EXTERNAL_ACCOUNT) values (17000005,'1700031','Wires','L','BCCMKR5',to_date('25-11-19','DD-MM-RR'),'BCCCKR1',to_date('25-11-19','DD-MM-RR'),14,'1700021','00017','Bulk eTransfer Client05','00017','USD','CAD',null,null,null,null,null,null,null,null,null,'No');
Insert into GTB_CUST_ACCOUNT_PREF (COMPANY_ID,ACCOUNT_NO,PAYMENT_PROD_TYPE,FUND_UTIL_TYPE,MAKER_ID,MAKER_DATE,AUTHORISER_ID,AUTHORISED_DATE,SEQNO,CORR_FEE_ACC_NO,BRANCH_NO,COMPANY_NAME,CORP_FEE_BRANCH_NO,SETTL_ACC_CURR,CORR_ACC_CURR,ORIGINATOR_ID,PRODUCT_CLASSIFICATION,ORIGINATOR_CURR,ACCOUNT_USAGE,DEFAULT_ACCOUNT,CHQ_STOCK_TYPE,ABA_ROUTING_NO,EXTERNAL_ACC_TYPE,INSTITUTION_NUMBER,EXTERNAL_ACCOUNT) values (17000005,'1700021','EMT','A','BCCMKR5',to_date('25-11-19','DD-MM-RR'),'BCCCKR1',to_date('25-11-19','DD-MM-RR'),1,null,'00017','Bulk eTransfer Client05',null,'CAD',null,null,null,null,null,null,null,null,null,null,'No');
Insert into GTB_CUST_ACCOUNT_PREF (COMPANY_ID,ACCOUNT_NO,PAYMENT_PROD_TYPE,FUND_UTIL_TYPE,MAKER_ID,MAKER_DATE,AUTHORISER_ID,AUTHORISED_DATE,SEQNO,CORR_FEE_ACC_NO,BRANCH_NO,COMPANY_NAME,CORP_FEE_BRANCH_NO,SETTL_ACC_CURR,CORR_ACC_CURR,ORIGINATOR_ID,PRODUCT_CLASSIFICATION,ORIGINATOR_CURR,ACCOUNT_USAGE,DEFAULT_ACCOUNT,CHQ_STOCK_TYPE,ABA_ROUTING_NO,EXTERNAL_ACC_TYPE,INSTITUTION_NUMBER,EXTERNAL_ACCOUNT) values (17000005,'1700029','Wires','L','BCCMKR5',to_date('25-11-19','DD-MM-RR'),'BCCCKR1',to_date('25-11-19','DD-MM-RR'),12,'1700021','00017','Bulk eTransfer Client05','00017','JPY','CAD',null,null,null,null,null,null,null,null,null,'No');
Insert into GTB_CUST_ACCOUNT_PREF (COMPANY_ID,ACCOUNT_NO,PAYMENT_PROD_TYPE,FUND_UTIL_TYPE,MAKER_ID,MAKER_DATE,AUTHORISER_ID,AUTHORISED_DATE,SEQNO,CORR_FEE_ACC_NO,BRANCH_NO,COMPANY_NAME,CORP_FEE_BRANCH_NO,SETTL_ACC_CURR,CORR_ACC_CURR,ORIGINATOR_ID,PRODUCT_CLASSIFICATION,ORIGINATOR_CURR,ACCOUNT_USAGE,DEFAULT_ACCOUNT,CHQ_STOCK_TYPE,ABA_ROUTING_NO,EXTERNAL_ACC_TYPE,INSTITUTION_NUMBER,EXTERNAL_ACCOUNT) values (17000005,'1700024','CTR','L','BCCMKR5',to_date('25-11-19','DD-MM-RR'),'BCCCKR1',to_date('25-11-19','DD-MM-RR'),18,null,'00017','Bulk eTransfer Client05',null,'USD',null,null,null,null,null,null,null,null,null,null,'No');
Insert into GTB_CUST_ACCOUNT_PREF (COMPANY_ID,ACCOUNT_NO,PAYMENT_PROD_TYPE,FUND_UTIL_TYPE,MAKER_ID,MAKER_DATE,AUTHORISER_ID,AUTHORISED_DATE,SEQNO,CORR_FEE_ACC_NO,BRANCH_NO,COMPANY_NAME,CORP_FEE_BRANCH_NO,SETTL_ACC_CURR,CORR_ACC_CURR,ORIGINATOR_ID,PRODUCT_CLASSIFICATION,ORIGINATOR_CURR,ACCOUNT_USAGE,DEFAULT_ACCOUNT,CHQ_STOCK_TYPE,ABA_ROUTING_NO,EXTERNAL_ACC_TYPE,INSTITUTION_NUMBER,EXTERNAL_ACCOUNT) values (17000005,'1700023','CTR','A','BCCMKR5',to_date('25-11-19','DD-MM-RR'),'BCCCKR1',to_date('25-11-19','DD-MM-RR'),17,null,'00017','Bulk eTransfer Client05',null,'CAD',null,null,null,null,null,null,null,null,null,null,'No');
Insert into GTB_CUST_ACCOUNT_PREF (COMPANY_ID,ACCOUNT_NO,PAYMENT_PROD_TYPE,FUND_UTIL_TYPE,MAKER_ID,MAKER_DATE,AUTHORISER_ID,AUTHORISED_DATE,SEQNO,CORR_FEE_ACC_NO,BRANCH_NO,COMPANY_NAME,CORP_FEE_BRANCH_NO,SETTL_ACC_CURR,CORR_ACC_CURR,ORIGINATOR_ID,PRODUCT_CLASSIFICATION,ORIGINATOR_CURR,ACCOUNT_USAGE,DEFAULT_ACCOUNT,CHQ_STOCK_TYPE,ABA_ROUTING_NO,EXTERNAL_ACC_TYPE,INSTITUTION_NUMBER,EXTERNAL_ACCOUNT) values (17000005,'1700030','EMT','A','BCCMKR5',to_date('25-11-19','DD-MM-RR'),'BCCCKR1',to_date('25-11-19','DD-MM-RR'),3,null,'00017','Bulk eTransfer Client05',null,'CAD',null,null,null,null,null,null,null,null,null,null,'No');
Insert into GTB_CUST_ACCOUNT_PREF (COMPANY_ID,ACCOUNT_NO,PAYMENT_PROD_TYPE,FUND_UTIL_TYPE,MAKER_ID,MAKER_DATE,AUTHORISER_ID,AUTHORISED_DATE,SEQNO,CORR_FEE_ACC_NO,BRANCH_NO,COMPANY_NAME,CORP_FEE_BRANCH_NO,SETTL_ACC_CURR,CORR_ACC_CURR,ORIGINATOR_ID,PRODUCT_CLASSIFICATION,ORIGINATOR_CURR,ACCOUNT_USAGE,DEFAULT_ACCOUNT,CHQ_STOCK_TYPE,ABA_ROUTING_NO,EXTERNAL_ACC_TYPE,INSTITUTION_NUMBER,EXTERNAL_ACCOUNT) values (17000006,'1700032','EMT','A','BCCMKR1',to_date('25-11-19','DD-MM-RR'),'BCCCKR1',to_date('25-11-19','DD-MM-RR'),1,null,'00017','Bulk eTransfer Client06',null,'CAD',null,null,null,null,null,null,null,null,null,null,'No');
Insert into GTB_CUST_ACCOUNT_PREF (COMPANY_ID,ACCOUNT_NO,PAYMENT_PROD_TYPE,FUND_UTIL_TYPE,MAKER_ID,MAKER_DATE,AUTHORISER_ID,AUTHORISED_DATE,SEQNO,CORR_FEE_ACC_NO,BRANCH_NO,COMPANY_NAME,CORP_FEE_BRANCH_NO,SETTL_ACC_CURR,CORR_ACC_CURR,ORIGINATOR_ID,PRODUCT_CLASSIFICATION,ORIGINATOR_CURR,ACCOUNT_USAGE,DEFAULT_ACCOUNT,CHQ_STOCK_TYPE,ABA_ROUTING_NO,EXTERNAL_ACC_TYPE,INSTITUTION_NUMBER,EXTERNAL_ACCOUNT) values (17000006,'1700034','Wires','L','BCCMKR1',to_date('25-11-19','DD-MM-RR'),'BCCCKR1',to_date('25-11-19','DD-MM-RR'),6,null,'00017','Bulk eTransfer Client06',null,'CAD',null,null,null,null,null,null,null,null,null,null,'No');
Insert into GTB_CUST_ACCOUNT_PREF (COMPANY_ID,ACCOUNT_NO,PAYMENT_PROD_TYPE,FUND_UTIL_TYPE,MAKER_ID,MAKER_DATE,AUTHORISER_ID,AUTHORISED_DATE,SEQNO,CORR_FEE_ACC_NO,BRANCH_NO,COMPANY_NAME,CORP_FEE_BRANCH_NO,SETTL_ACC_CURR,CORR_ACC_CURR,ORIGINATOR_ID,PRODUCT_CLASSIFICATION,ORIGINATOR_CURR,ACCOUNT_USAGE,DEFAULT_ACCOUNT,CHQ_STOCK_TYPE,ABA_ROUTING_NO,EXTERNAL_ACC_TYPE,INSTITUTION_NUMBER,EXTERNAL_ACCOUNT) values (17000006,'1700035','Wires','L','BCCMKR1',to_date('25-11-19','DD-MM-RR'),'BCCCKR1',to_date('25-11-19','DD-MM-RR'),7,'1700010','00017','Bulk eTransfer Client06','00017','USD','CAD',null,null,null,null,null,null,null,null,null,'No');
Insert into GTB_CUST_ACCOUNT_PREF (COMPANY_ID,ACCOUNT_NO,PAYMENT_PROD_TYPE,FUND_UTIL_TYPE,MAKER_ID,MAKER_DATE,AUTHORISER_ID,AUTHORISED_DATE,SEQNO,CORR_FEE_ACC_NO,BRANCH_NO,COMPANY_NAME,CORP_FEE_BRANCH_NO,SETTL_ACC_CURR,CORR_ACC_CURR,ORIGINATOR_ID,PRODUCT_CLASSIFICATION,ORIGINATOR_CURR,ACCOUNT_USAGE,DEFAULT_ACCOUNT,CHQ_STOCK_TYPE,ABA_ROUTING_NO,EXTERNAL_ACC_TYPE,INSTITUTION_NUMBER,EXTERNAL_ACCOUNT) values (17000006,'1700036','Wires','L','BCCMKR1',to_date('25-11-19','DD-MM-RR'),'BCCCKR1',to_date('25-11-19','DD-MM-RR'),8,'1700010','00017','Bulk eTransfer Client06','00017','CAD','CAD',null,null,null,null,null,null,null,null,null,'No');
Insert into GTB_CUST_ACCOUNT_PREF (COMPANY_ID,ACCOUNT_NO,PAYMENT_PROD_TYPE,FUND_UTIL_TYPE,MAKER_ID,MAKER_DATE,AUTHORISER_ID,AUTHORISED_DATE,SEQNO,CORR_FEE_ACC_NO,BRANCH_NO,COMPANY_NAME,CORP_FEE_BRANCH_NO,SETTL_ACC_CURR,CORR_ACC_CURR,ORIGINATOR_ID,PRODUCT_CLASSIFICATION,ORIGINATOR_CURR,ACCOUNT_USAGE,DEFAULT_ACCOUNT,CHQ_STOCK_TYPE,ABA_ROUTING_NO,EXTERNAL_ACC_TYPE,INSTITUTION_NUMBER,EXTERNAL_ACCOUNT) values (17000006,'1700034','EMT','L','BCCMKR1',to_date('25-11-19','DD-MM-RR'),'BCCCKR1',to_date('25-11-19','DD-MM-RR'),2,null,'00017','Bulk eTransfer Client06',null,'CAD',null,null,null,null,null,null,null,null,null,null,'No');
Insert into GTB_CUST_ACCOUNT_PREF (COMPANY_ID,ACCOUNT_NO,PAYMENT_PROD_TYPE,FUND_UTIL_TYPE,MAKER_ID,MAKER_DATE,AUTHORISER_ID,AUTHORISED_DATE,SEQNO,CORR_FEE_ACC_NO,BRANCH_NO,COMPANY_NAME,CORP_FEE_BRANCH_NO,SETTL_ACC_CURR,CORR_ACC_CURR,ORIGINATOR_ID,PRODUCT_CLASSIFICATION,ORIGINATOR_CURR,ACCOUNT_USAGE,DEFAULT_ACCOUNT,CHQ_STOCK_TYPE,ABA_ROUTING_NO,EXTERNAL_ACC_TYPE,INSTITUTION_NUMBER,EXTERNAL_ACCOUNT) values (17000006,'1700036','EMT','L','BCCMKR1',to_date('25-11-19','DD-MM-RR'),'BCCCKR1',to_date('25-11-19','DD-MM-RR'),3,null,'00017','Bulk eTransfer Client06',null,'CAD',null,null,null,null,null,null,null,null,null,null,'No');
Insert into GTB_CUST_ACCOUNT_PREF (COMPANY_ID,ACCOUNT_NO,PAYMENT_PROD_TYPE,FUND_UTIL_TYPE,MAKER_ID,MAKER_DATE,AUTHORISER_ID,AUTHORISED_DATE,SEQNO,CORR_FEE_ACC_NO,BRANCH_NO,COMPANY_NAME,CORP_FEE_BRANCH_NO,SETTL_ACC_CURR,CORR_ACC_CURR,ORIGINATOR_ID,PRODUCT_CLASSIFICATION,ORIGINATOR_CURR,ACCOUNT_USAGE,DEFAULT_ACCOUNT,CHQ_STOCK_TYPE,ABA_ROUTING_NO,EXTERNAL_ACC_TYPE,INSTITUTION_NUMBER,EXTERNAL_ACCOUNT) values (17000006,'1700032','Wires','A','BCCMKR1',to_date('25-11-19','DD-MM-RR'),'BCCCKR1',to_date('25-11-19','DD-MM-RR'),4,null,'00017','Bulk eTransfer Client06',null,'CAD',null,null,null,null,null,null,null,null,null,null,'No');
Insert into GTB_CUST_ACCOUNT_PREF (COMPANY_ID,ACCOUNT_NO,PAYMENT_PROD_TYPE,FUND_UTIL_TYPE,MAKER_ID,MAKER_DATE,AUTHORISER_ID,AUTHORISED_DATE,SEQNO,CORR_FEE_ACC_NO,BRANCH_NO,COMPANY_NAME,CORP_FEE_BRANCH_NO,SETTL_ACC_CURR,CORR_ACC_CURR,ORIGINATOR_ID,PRODUCT_CLASSIFICATION,ORIGINATOR_CURR,ACCOUNT_USAGE,DEFAULT_ACCOUNT,CHQ_STOCK_TYPE,ABA_ROUTING_NO,EXTERNAL_ACC_TYPE,INSTITUTION_NUMBER,EXTERNAL_ACCOUNT) values (17000006,'1700033','Wires','A','BCCMKR1',to_date('25-11-19','DD-MM-RR'),'BCCCKR1',to_date('25-11-19','DD-MM-RR'),5,'1700010','00017','Bulk eTransfer Client06','00017','USD','CAD',null,null,null,null,null,null,null,null,null,'No');
Insert into GTB_CUST_ACCOUNT_PREF (COMPANY_ID,ACCOUNT_NO,PAYMENT_PROD_TYPE,FUND_UTIL_TYPE,MAKER_ID,MAKER_DATE,AUTHORISER_ID,AUTHORISED_DATE,SEQNO,CORR_FEE_ACC_NO,BRANCH_NO,COMPANY_NAME,CORP_FEE_BRANCH_NO,SETTL_ACC_CURR,CORR_ACC_CURR,ORIGINATOR_ID,PRODUCT_CLASSIFICATION,ORIGINATOR_CURR,ACCOUNT_USAGE,DEFAULT_ACCOUNT,CHQ_STOCK_TYPE,ABA_ROUTING_NO,EXTERNAL_ACC_TYPE,INSTITUTION_NUMBER,EXTERNAL_ACCOUNT) values (17000006,'1700037','Wires','L','BCCMKR1',to_date('25-11-19','DD-MM-RR'),'BCCCKR1',to_date('25-11-19','DD-MM-RR'),9,'1700010','00017','Bulk eTransfer Client06','00017','AUD','CAD',null,null,null,null,null,null,null,null,null,'No');
Insert into GTB_CUST_ACCOUNT_PREF (COMPANY_ID,ACCOUNT_NO,PAYMENT_PROD_TYPE,FUND_UTIL_TYPE,MAKER_ID,MAKER_DATE,AUTHORISER_ID,AUTHORISED_DATE,SEQNO,CORR_FEE_ACC_NO,BRANCH_NO,COMPANY_NAME,CORP_FEE_BRANCH_NO,SETTL_ACC_CURR,CORR_ACC_CURR,ORIGINATOR_ID,PRODUCT_CLASSIFICATION,ORIGINATOR_CURR,ACCOUNT_USAGE,DEFAULT_ACCOUNT,CHQ_STOCK_TYPE,ABA_ROUTING_NO,EXTERNAL_ACC_TYPE,INSTITUTION_NUMBER,EXTERNAL_ACCOUNT) values (17000006,'1700038','Wires','L','BCCMKR1',to_date('25-11-19','DD-MM-RR'),'BCCCKR1',to_date('25-11-19','DD-MM-RR'),10,'1700010','00017','Bulk eTransfer Client06','00017','GBP','CAD',null,null,null,null,null,null,null,null,null,'No');
Insert into GTB_CUST_ACCOUNT_PREF (COMPANY_ID,ACCOUNT_NO,PAYMENT_PROD_TYPE,FUND_UTIL_TYPE,MAKER_ID,MAKER_DATE,AUTHORISER_ID,AUTHORISED_DATE,SEQNO,CORR_FEE_ACC_NO,BRANCH_NO,COMPANY_NAME,CORP_FEE_BRANCH_NO,SETTL_ACC_CURR,CORR_ACC_CURR,ORIGINATOR_ID,PRODUCT_CLASSIFICATION,ORIGINATOR_CURR,ACCOUNT_USAGE,DEFAULT_ACCOUNT,CHQ_STOCK_TYPE,ABA_ROUTING_NO,EXTERNAL_ACC_TYPE,INSTITUTION_NUMBER,EXTERNAL_ACCOUNT) values (17000006,'1700039','Wires','L','BCCMKR1',to_date('25-11-19','DD-MM-RR'),'BCCCKR1',to_date('25-11-19','DD-MM-RR'),11,'1700010','00017','Bulk eTransfer Client06','00017','INR','CAD',null,null,null,null,null,null,null,null,null,'No');
Insert into GTB_CUST_ACCOUNT_PREF (COMPANY_ID,ACCOUNT_NO,PAYMENT_PROD_TYPE,FUND_UTIL_TYPE,MAKER_ID,MAKER_DATE,AUTHORISER_ID,AUTHORISED_DATE,SEQNO,CORR_FEE_ACC_NO,BRANCH_NO,COMPANY_NAME,CORP_FEE_BRANCH_NO,SETTL_ACC_CURR,CORR_ACC_CURR,ORIGINATOR_ID,PRODUCT_CLASSIFICATION,ORIGINATOR_CURR,ACCOUNT_USAGE,DEFAULT_ACCOUNT,CHQ_STOCK_TYPE,ABA_ROUTING_NO,EXTERNAL_ACC_TYPE,INSTITUTION_NUMBER,EXTERNAL_ACCOUNT) values (17000006,'1700040','Wires','L','BCCMKR1',to_date('25-11-19','DD-MM-RR'),'BCCCKR1',to_date('25-11-19','DD-MM-RR'),12,'1700010','00017','Bulk eTransfer Client06','00017','JPY','CAD',null,null,null,null,null,null,null,null,null,'No');
Insert into GTB_CUST_ACCOUNT_PREF (COMPANY_ID,ACCOUNT_NO,PAYMENT_PROD_TYPE,FUND_UTIL_TYPE,MAKER_ID,MAKER_DATE,AUTHORISER_ID,AUTHORISED_DATE,SEQNO,CORR_FEE_ACC_NO,BRANCH_NO,COMPANY_NAME,CORP_FEE_BRANCH_NO,SETTL_ACC_CURR,CORR_ACC_CURR,ORIGINATOR_ID,PRODUCT_CLASSIFICATION,ORIGINATOR_CURR,ACCOUNT_USAGE,DEFAULT_ACCOUNT,CHQ_STOCK_TYPE,ABA_ROUTING_NO,EXTERNAL_ACC_TYPE,INSTITUTION_NUMBER,EXTERNAL_ACCOUNT) values (17000006,'1700032','CTR','A','BCCMKR1',to_date('25-11-19','DD-MM-RR'),'BCCCKR1',to_date('25-11-19','DD-MM-RR'),13,null,'00017','Bulk eTransfer Client06',null,'CAD',null,null,null,null,null,null,null,null,null,null,'No');
Insert into GTB_CUST_ACCOUNT_PREF (COMPANY_ID,ACCOUNT_NO,PAYMENT_PROD_TYPE,FUND_UTIL_TYPE,MAKER_ID,MAKER_DATE,AUTHORISER_ID,AUTHORISED_DATE,SEQNO,CORR_FEE_ACC_NO,BRANCH_NO,COMPANY_NAME,CORP_FEE_BRANCH_NO,SETTL_ACC_CURR,CORR_ACC_CURR,ORIGINATOR_ID,PRODUCT_CLASSIFICATION,ORIGINATOR_CURR,ACCOUNT_USAGE,DEFAULT_ACCOUNT,CHQ_STOCK_TYPE,ABA_ROUTING_NO,EXTERNAL_ACC_TYPE,INSTITUTION_NUMBER,EXTERNAL_ACCOUNT) values (17000006,'1700033','CTR','A','BCCMKR1',to_date('25-11-19','DD-MM-RR'),'BCCCKR1',to_date('25-11-19','DD-MM-RR'),14,null,'00017','Bulk eTransfer Client06',null,'USD',null,null,null,null,null,null,null,null,null,null,'No');
Insert into GTB_CUST_ACCOUNT_PREF (COMPANY_ID,ACCOUNT_NO,PAYMENT_PROD_TYPE,FUND_UTIL_TYPE,MAKER_ID,MAKER_DATE,AUTHORISER_ID,AUTHORISED_DATE,SEQNO,CORR_FEE_ACC_NO,BRANCH_NO,COMPANY_NAME,CORP_FEE_BRANCH_NO,SETTL_ACC_CURR,CORR_ACC_CURR,ORIGINATOR_ID,PRODUCT_CLASSIFICATION,ORIGINATOR_CURR,ACCOUNT_USAGE,DEFAULT_ACCOUNT,CHQ_STOCK_TYPE,ABA_ROUTING_NO,EXTERNAL_ACC_TYPE,INSTITUTION_NUMBER,EXTERNAL_ACCOUNT) values (17000006,'1700034','CTR','L','BCCMKR1',to_date('25-11-19','DD-MM-RR'),'BCCCKR1',to_date('25-11-19','DD-MM-RR'),15,null,'00017','Bulk eTransfer Client06',null,'CAD',null,null,null,null,null,null,null,null,null,null,'No');
Insert into GTB_CUST_ACCOUNT_PREF (COMPANY_ID,ACCOUNT_NO,PAYMENT_PROD_TYPE,FUND_UTIL_TYPE,MAKER_ID,MAKER_DATE,AUTHORISER_ID,AUTHORISED_DATE,SEQNO,CORR_FEE_ACC_NO,BRANCH_NO,COMPANY_NAME,CORP_FEE_BRANCH_NO,SETTL_ACC_CURR,CORR_ACC_CURR,ORIGINATOR_ID,PRODUCT_CLASSIFICATION,ORIGINATOR_CURR,ACCOUNT_USAGE,DEFAULT_ACCOUNT,CHQ_STOCK_TYPE,ABA_ROUTING_NO,EXTERNAL_ACC_TYPE,INSTITUTION_NUMBER,EXTERNAL_ACCOUNT) values (17000006,'1700035','CTR','L','BCCMKR1',to_date('25-11-19','DD-MM-RR'),'BCCCKR1',to_date('25-11-19','DD-MM-RR'),16,null,'00017','Bulk eTransfer Client06',null,'USD',null,null,null,null,null,null,null,null,null,null,'No');
Insert into GTB_CUST_ACCOUNT_PREF (COMPANY_ID,ACCOUNT_NO,PAYMENT_PROD_TYPE,FUND_UTIL_TYPE,MAKER_ID,MAKER_DATE,AUTHORISER_ID,AUTHORISED_DATE,SEQNO,CORR_FEE_ACC_NO,BRANCH_NO,COMPANY_NAME,CORP_FEE_BRANCH_NO,SETTL_ACC_CURR,CORR_ACC_CURR,ORIGINATOR_ID,PRODUCT_CLASSIFICATION,ORIGINATOR_CURR,ACCOUNT_USAGE,DEFAULT_ACCOUNT,CHQ_STOCK_TYPE,ABA_ROUTING_NO,EXTERNAL_ACC_TYPE,INSTITUTION_NUMBER,EXTERNAL_ACCOUNT) values (17000006,'1700032','CHK',null,'BCCMKR1',to_date('25-11-19','DD-MM-RR'),'BCCCKR1',to_date('25-11-19','DD-MM-RR'),17,null,'00017','Bulk eTransfer Client06',null,'CAD',null,null,null,null,null,null,'CAD Cheques',null,null,null,'No');
Insert into GTB_CUST_ACCOUNT_PREF (COMPANY_ID,ACCOUNT_NO,PAYMENT_PROD_TYPE,FUND_UTIL_TYPE,MAKER_ID,MAKER_DATE,AUTHORISER_ID,AUTHORISED_DATE,SEQNO,CORR_FEE_ACC_NO,BRANCH_NO,COMPANY_NAME,CORP_FEE_BRANCH_NO,SETTL_ACC_CURR,CORR_ACC_CURR,ORIGINATOR_ID,PRODUCT_CLASSIFICATION,ORIGINATOR_CURR,ACCOUNT_USAGE,DEFAULT_ACCOUNT,CHQ_STOCK_TYPE,ABA_ROUTING_NO,EXTERNAL_ACC_TYPE,INSTITUTION_NUMBER,EXTERNAL_ACCOUNT) values (17000006,'1700033','CHK',null,'BCCMKR1',to_date('25-11-19','DD-MM-RR'),'BCCCKR1',to_date('25-11-19','DD-MM-RR'),18,null,'00017','Bulk eTransfer Client06',null,'USD',null,null,null,null,null,null,'USD Cheques (in Canada)',null,null,null,'No');
Insert into GTB_CUST_ACCOUNT_PREF (COMPANY_ID,ACCOUNT_NO,PAYMENT_PROD_TYPE,FUND_UTIL_TYPE,MAKER_ID,MAKER_DATE,AUTHORISER_ID,AUTHORISED_DATE,SEQNO,CORR_FEE_ACC_NO,BRANCH_NO,COMPANY_NAME,CORP_FEE_BRANCH_NO,SETTL_ACC_CURR,CORR_ACC_CURR,ORIGINATOR_ID,PRODUCT_CLASSIFICATION,ORIGINATOR_CURR,ACCOUNT_USAGE,DEFAULT_ACCOUNT,CHQ_STOCK_TYPE,ABA_ROUTING_NO,EXTERNAL_ACC_TYPE,INSTITUTION_NUMBER,EXTERNAL_ACCOUNT) values (17000006,'1700034','CHK',null,'BCCMKR1',to_date('25-11-19','DD-MM-RR'),'BCCCKR1',to_date('25-11-19','DD-MM-RR'),19,null,'00017','Bulk eTransfer Client06',null,'CAD',null,null,null,null,null,null,'CAD Cheques',null,null,null,'No');
Insert into GTB_CUST_ACCOUNT_PREF (COMPANY_ID,ACCOUNT_NO,PAYMENT_PROD_TYPE,FUND_UTIL_TYPE,MAKER_ID,MAKER_DATE,AUTHORISER_ID,AUTHORISED_DATE,SEQNO,CORR_FEE_ACC_NO,BRANCH_NO,COMPANY_NAME,CORP_FEE_BRANCH_NO,SETTL_ACC_CURR,CORR_ACC_CURR,ORIGINATOR_ID,PRODUCT_CLASSIFICATION,ORIGINATOR_CURR,ACCOUNT_USAGE,DEFAULT_ACCOUNT,CHQ_STOCK_TYPE,ABA_ROUTING_NO,EXTERNAL_ACC_TYPE,INSTITUTION_NUMBER,EXTERNAL_ACCOUNT) values (17000006,'1700035','CHK',null,'BCCMKR1',to_date('25-11-19','DD-MM-RR'),'BCCCKR1',to_date('25-11-19','DD-MM-RR'),20,null,'00017','Bulk eTransfer Client06',null,'USD',null,null,null,null,null,null,'USD Cheques (in Canada)',null,null,null,'No');
Insert into GTB_CUST_ACCOUNT_PREF (COMPANY_ID,ACCOUNT_NO,PAYMENT_PROD_TYPE,FUND_UTIL_TYPE,MAKER_ID,MAKER_DATE,AUTHORISER_ID,AUTHORISED_DATE,SEQNO,CORR_FEE_ACC_NO,BRANCH_NO,COMPANY_NAME,CORP_FEE_BRANCH_NO,SETTL_ACC_CURR,CORR_ACC_CURR,ORIGINATOR_ID,PRODUCT_CLASSIFICATION,ORIGINATOR_CURR,ACCOUNT_USAGE,DEFAULT_ACCOUNT,CHQ_STOCK_TYPE,ABA_ROUTING_NO,EXTERNAL_ACC_TYPE,INSTITUTION_NUMBER,EXTERNAL_ACCOUNT) values (17000006,'1700032','SAR',null,'BCCMKR1',to_date('25-11-19','DD-MM-RR'),'BCCCKR1',to_date('25-11-19','DD-MM-RR'),21,null,'00017','Bulk eTransfer Client06',null,'CAD',null,null,null,null,null,null,null,null,null,null,'No');
Insert into GTB_CUST_ACCOUNT_PREF (COMPANY_ID,ACCOUNT_NO,PAYMENT_PROD_TYPE,FUND_UTIL_TYPE,MAKER_ID,MAKER_DATE,AUTHORISER_ID,AUTHORISED_DATE,SEQNO,CORR_FEE_ACC_NO,BRANCH_NO,COMPANY_NAME,CORP_FEE_BRANCH_NO,SETTL_ACC_CURR,CORR_ACC_CURR,ORIGINATOR_ID,PRODUCT_CLASSIFICATION,ORIGINATOR_CURR,ACCOUNT_USAGE,DEFAULT_ACCOUNT,CHQ_STOCK_TYPE,ABA_ROUTING_NO,EXTERNAL_ACC_TYPE,INSTITUTION_NUMBER,EXTERNAL_ACCOUNT) values (17000006,'1700033','SAR',null,'BCCMKR1',to_date('25-11-19','DD-MM-RR'),'BCCCKR1',to_date('25-11-19','DD-MM-RR'),22,null,'00017','Bulk eTransfer Client06',null,'USD',null,null,null,null,null,null,null,null,null,null,'No');
Insert into GTB_CUST_ACCOUNT_PREF (COMPANY_ID,ACCOUNT_NO,PAYMENT_PROD_TYPE,FUND_UTIL_TYPE,MAKER_ID,MAKER_DATE,AUTHORISER_ID,AUTHORISED_DATE,SEQNO,CORR_FEE_ACC_NO,BRANCH_NO,COMPANY_NAME,CORP_FEE_BRANCH_NO,SETTL_ACC_CURR,CORR_ACC_CURR,ORIGINATOR_ID,PRODUCT_CLASSIFICATION,ORIGINATOR_CURR,ACCOUNT_USAGE,DEFAULT_ACCOUNT,CHQ_STOCK_TYPE,ABA_ROUTING_NO,EXTERNAL_ACC_TYPE,INSTITUTION_NUMBER,EXTERNAL_ACCOUNT) values (17000006,'1700034','SAR',null,'BCCMKR1',to_date('25-11-19','DD-MM-RR'),'BCCCKR1',to_date('25-11-19','DD-MM-RR'),23,null,'00017','Bulk eTransfer Client06',null,'CAD',null,null,null,null,null,null,null,null,null,null,'No');
Insert into GTB_CUST_ACCOUNT_PREF (COMPANY_ID,ACCOUNT_NO,PAYMENT_PROD_TYPE,FUND_UTIL_TYPE,MAKER_ID,MAKER_DATE,AUTHORISER_ID,AUTHORISED_DATE,SEQNO,CORR_FEE_ACC_NO,BRANCH_NO,COMPANY_NAME,CORP_FEE_BRANCH_NO,SETTL_ACC_CURR,CORR_ACC_CURR,ORIGINATOR_ID,PRODUCT_CLASSIFICATION,ORIGINATOR_CURR,ACCOUNT_USAGE,DEFAULT_ACCOUNT,CHQ_STOCK_TYPE,ABA_ROUTING_NO,EXTERNAL_ACC_TYPE,INSTITUTION_NUMBER,EXTERNAL_ACCOUNT) values (17000007,'1700046','Wires','L','BCCMKR1',to_date('25-11-19','DD-MM-RR'),'BCCCKR1',to_date('25-11-19','DD-MM-RR'),6,null,'00017','Bulk eTransfer Client07',null,'AUD',null,null,null,null,null,null,null,null,null,null,'No');
Insert into GTB_CUST_ACCOUNT_PREF (COMPANY_ID,ACCOUNT_NO,PAYMENT_PROD_TYPE,FUND_UTIL_TYPE,MAKER_ID,MAKER_DATE,AUTHORISER_ID,AUTHORISED_DATE,SEQNO,CORR_FEE_ACC_NO,BRANCH_NO,COMPANY_NAME,CORP_FEE_BRANCH_NO,SETTL_ACC_CURR,CORR_ACC_CURR,ORIGINATOR_ID,PRODUCT_CLASSIFICATION,ORIGINATOR_CURR,ACCOUNT_USAGE,DEFAULT_ACCOUNT,CHQ_STOCK_TYPE,ABA_ROUTING_NO,EXTERNAL_ACC_TYPE,INSTITUTION_NUMBER,EXTERNAL_ACCOUNT) values (17000007,'1700045','Wires','L','BCCMKR1',to_date('25-11-19','DD-MM-RR'),'BCCCKR1',to_date('25-11-19','DD-MM-RR'),5,null,'00017','Bulk eTransfer Client07',null,'EUR',null,null,null,null,null,null,null,null,null,null,'No');
Insert into GTB_CUST_ACCOUNT_PREF (COMPANY_ID,ACCOUNT_NO,PAYMENT_PROD_TYPE,FUND_UTIL_TYPE,MAKER_ID,MAKER_DATE,AUTHORISER_ID,AUTHORISED_DATE,SEQNO,CORR_FEE_ACC_NO,BRANCH_NO,COMPANY_NAME,CORP_FEE_BRANCH_NO,SETTL_ACC_CURR,CORR_ACC_CURR,ORIGINATOR_ID,PRODUCT_CLASSIFICATION,ORIGINATOR_CURR,ACCOUNT_USAGE,DEFAULT_ACCOUNT,CHQ_STOCK_TYPE,ABA_ROUTING_NO,EXTERNAL_ACC_TYPE,INSTITUTION_NUMBER,EXTERNAL_ACCOUNT) values (17000007,'1700048','Wires','L','BCCMKR1',to_date('25-11-19','DD-MM-RR'),'BCCCKR1',to_date('25-11-19','DD-MM-RR'),8,null,'00017','Bulk eTransfer Client07',null,'INR',null,null,null,null,null,null,null,null,null,null,'No');
Insert into GTB_CUST_ACCOUNT_PREF (COMPANY_ID,ACCOUNT_NO,PAYMENT_PROD_TYPE,FUND_UTIL_TYPE,MAKER_ID,MAKER_DATE,AUTHORISER_ID,AUTHORISED_DATE,SEQNO,CORR_FEE_ACC_NO,BRANCH_NO,COMPANY_NAME,CORP_FEE_BRANCH_NO,SETTL_ACC_CURR,CORR_ACC_CURR,ORIGINATOR_ID,PRODUCT_CLASSIFICATION,ORIGINATOR_CURR,ACCOUNT_USAGE,DEFAULT_ACCOUNT,CHQ_STOCK_TYPE,ABA_ROUTING_NO,EXTERNAL_ACC_TYPE,INSTITUTION_NUMBER,EXTERNAL_ACCOUNT) values (17000007,'1700049','Wires','L','BCCMKR1',to_date('25-11-19','DD-MM-RR'),'BCCCKR1',to_date('25-11-19','DD-MM-RR'),9,null,'00017','Bulk eTransfer Client07',null,'JPY',null,null,null,null,null,null,null,null,null,null,'No');
Insert into GTB_CUST_ACCOUNT_PREF (COMPANY_ID,ACCOUNT_NO,PAYMENT_PROD_TYPE,FUND_UTIL_TYPE,MAKER_ID,MAKER_DATE,AUTHORISER_ID,AUTHORISED_DATE,SEQNO,CORR_FEE_ACC_NO,BRANCH_NO,COMPANY_NAME,CORP_FEE_BRANCH_NO,SETTL_ACC_CURR,CORR_ACC_CURR,ORIGINATOR_ID,PRODUCT_CLASSIFICATION,ORIGINATOR_CURR,ACCOUNT_USAGE,DEFAULT_ACCOUNT,CHQ_STOCK_TYPE,ABA_ROUTING_NO,EXTERNAL_ACC_TYPE,INSTITUTION_NUMBER,EXTERNAL_ACCOUNT) values (17000007,'1700041','CHK',null,'BCCMKR1',to_date('25-11-19','DD-MM-RR'),'BCCCKR1',to_date('25-11-19','DD-MM-RR'),10,null,'00017','Bulk eTransfer Client07',null,'CAD',null,null,null,null,null,null,'CAD Cheques',null,null,null,'No');
Insert into GTB_CUST_ACCOUNT_PREF (COMPANY_ID,ACCOUNT_NO,PAYMENT_PROD_TYPE,FUND_UTIL_TYPE,MAKER_ID,MAKER_DATE,AUTHORISER_ID,AUTHORISED_DATE,SEQNO,CORR_FEE_ACC_NO,BRANCH_NO,COMPANY_NAME,CORP_FEE_BRANCH_NO,SETTL_ACC_CURR,CORR_ACC_CURR,ORIGINATOR_ID,PRODUCT_CLASSIFICATION,ORIGINATOR_CURR,ACCOUNT_USAGE,DEFAULT_ACCOUNT,CHQ_STOCK_TYPE,ABA_ROUTING_NO,EXTERNAL_ACC_TYPE,INSTITUTION_NUMBER,EXTERNAL_ACCOUNT) values (17000007,'1700042','CHK',null,'BCCMKR1',to_date('25-11-19','DD-MM-RR'),'BCCCKR1',to_date('25-11-19','DD-MM-RR'),11,null,'00017','Bulk eTransfer Client07',null,'USD',null,null,null,null,null,null,'USD Cheques (in Canada)',null,null,null,'No');
Insert into GTB_CUST_ACCOUNT_PREF (COMPANY_ID,ACCOUNT_NO,PAYMENT_PROD_TYPE,FUND_UTIL_TYPE,MAKER_ID,MAKER_DATE,AUTHORISER_ID,AUTHORISED_DATE,SEQNO,CORR_FEE_ACC_NO,BRANCH_NO,COMPANY_NAME,CORP_FEE_BRANCH_NO,SETTL_ACC_CURR,CORR_ACC_CURR,ORIGINATOR_ID,PRODUCT_CLASSIFICATION,ORIGINATOR_CURR,ACCOUNT_USAGE,DEFAULT_ACCOUNT,CHQ_STOCK_TYPE,ABA_ROUTING_NO,EXTERNAL_ACC_TYPE,INSTITUTION_NUMBER,EXTERNAL_ACCOUNT) values (17000007,'1700043','CHK',null,'BCCMKR1',to_date('25-11-19','DD-MM-RR'),'BCCCKR1',to_date('25-11-19','DD-MM-RR'),12,null,'00017','Bulk eTransfer Client07',null,'CAD',null,null,null,null,null,null,'CAD Cheques',null,null,null,'No');
Insert into GTB_CUST_ACCOUNT_PREF (COMPANY_ID,ACCOUNT_NO,PAYMENT_PROD_TYPE,FUND_UTIL_TYPE,MAKER_ID,MAKER_DATE,AUTHORISER_ID,AUTHORISED_DATE,SEQNO,CORR_FEE_ACC_NO,BRANCH_NO,COMPANY_NAME,CORP_FEE_BRANCH_NO,SETTL_ACC_CURR,CORR_ACC_CURR,ORIGINATOR_ID,PRODUCT_CLASSIFICATION,ORIGINATOR_CURR,ACCOUNT_USAGE,DEFAULT_ACCOUNT,CHQ_STOCK_TYPE,ABA_ROUTING_NO,EXTERNAL_ACC_TYPE,INSTITUTION_NUMBER,EXTERNAL_ACCOUNT) values (17000007,'1700044','CHK',null,'BCCMKR1',to_date('25-11-19','DD-MM-RR'),'BCCCKR1',to_date('25-11-19','DD-MM-RR'),13,null,'00017','Bulk eTransfer Client07',null,'USD',null,null,null,null,null,null,'USD Cheques (in Canada)',null,null,null,'No');
Insert into GTB_CUST_ACCOUNT_PREF (COMPANY_ID,ACCOUNT_NO,PAYMENT_PROD_TYPE,FUND_UTIL_TYPE,MAKER_ID,MAKER_DATE,AUTHORISER_ID,AUTHORISED_DATE,SEQNO,CORR_FEE_ACC_NO,BRANCH_NO,COMPANY_NAME,CORP_FEE_BRANCH_NO,SETTL_ACC_CURR,CORR_ACC_CURR,ORIGINATOR_ID,PRODUCT_CLASSIFICATION,ORIGINATOR_CURR,ACCOUNT_USAGE,DEFAULT_ACCOUNT,CHQ_STOCK_TYPE,ABA_ROUTING_NO,EXTERNAL_ACC_TYPE,INSTITUTION_NUMBER,EXTERNAL_ACCOUNT) values (17000007,'1700041','SAR',null,'BCCMKR1',to_date('25-11-19','DD-MM-RR'),'BCCCKR1',to_date('25-11-19','DD-MM-RR'),14,null,'00017','Bulk eTransfer Client07',null,'CAD',null,null,null,null,null,null,null,null,null,null,'No');
Insert into GTB_CUST_ACCOUNT_PREF (COMPANY_ID,ACCOUNT_NO,PAYMENT_PROD_TYPE,FUND_UTIL_TYPE,MAKER_ID,MAKER_DATE,AUTHORISER_ID,AUTHORISED_DATE,SEQNO,CORR_FEE_ACC_NO,BRANCH_NO,COMPANY_NAME,CORP_FEE_BRANCH_NO,SETTL_ACC_CURR,CORR_ACC_CURR,ORIGINATOR_ID,PRODUCT_CLASSIFICATION,ORIGINATOR_CURR,ACCOUNT_USAGE,DEFAULT_ACCOUNT,CHQ_STOCK_TYPE,ABA_ROUTING_NO,EXTERNAL_ACC_TYPE,INSTITUTION_NUMBER,EXTERNAL_ACCOUNT) values (17000007,'1700042','SAR',null,'BCCMKR1',to_date('25-11-19','DD-MM-RR'),'BCCCKR1',to_date('25-11-19','DD-MM-RR'),15,null,'00017','Bulk eTransfer Client07',null,'USD',null,null,null,null,null,null,null,null,null,null,'No');
Insert into GTB_CUST_ACCOUNT_PREF (COMPANY_ID,ACCOUNT_NO,PAYMENT_PROD_TYPE,FUND_UTIL_TYPE,MAKER_ID,MAKER_DATE,AUTHORISER_ID,AUTHORISED_DATE,SEQNO,CORR_FEE_ACC_NO,BRANCH_NO,COMPANY_NAME,CORP_FEE_BRANCH_NO,SETTL_ACC_CURR,CORR_ACC_CURR,ORIGINATOR_ID,PRODUCT_CLASSIFICATION,ORIGINATOR_CURR,ACCOUNT_USAGE,DEFAULT_ACCOUNT,CHQ_STOCK_TYPE,ABA_ROUTING_NO,EXTERNAL_ACC_TYPE,INSTITUTION_NUMBER,EXTERNAL_ACCOUNT) values (17000007,'1700043','SAR',null,'BCCMKR1',to_date('25-11-19','DD-MM-RR'),'BCCCKR1',to_date('25-11-19','DD-MM-RR'),16,null,'00017','Bulk eTransfer Client07',null,'CAD',null,null,null,null,null,null,null,null,null,null,'No');
Insert into GTB_CUST_ACCOUNT_PREF (COMPANY_ID,ACCOUNT_NO,PAYMENT_PROD_TYPE,FUND_UTIL_TYPE,MAKER_ID,MAKER_DATE,AUTHORISER_ID,AUTHORISED_DATE,SEQNO,CORR_FEE_ACC_NO,BRANCH_NO,COMPANY_NAME,CORP_FEE_BRANCH_NO,SETTL_ACC_CURR,CORR_ACC_CURR,ORIGINATOR_ID,PRODUCT_CLASSIFICATION,ORIGINATOR_CURR,ACCOUNT_USAGE,DEFAULT_ACCOUNT,CHQ_STOCK_TYPE,ABA_ROUTING_NO,EXTERNAL_ACC_TYPE,INSTITUTION_NUMBER,EXTERNAL_ACCOUNT) values (17000007,'1700044','SAR',null,'BCCMKR1',to_date('25-11-19','DD-MM-RR'),'BCCCKR1',to_date('25-11-19','DD-MM-RR'),17,null,'00017','Bulk eTransfer Client07',null,'USD',null,null,null,null,null,null,null,null,null,null,'No');
Insert into GTB_CUST_ACCOUNT_PREF (COMPANY_ID,ACCOUNT_NO,PAYMENT_PROD_TYPE,FUND_UTIL_TYPE,MAKER_ID,MAKER_DATE,AUTHORISER_ID,AUTHORISED_DATE,SEQNO,CORR_FEE_ACC_NO,BRANCH_NO,COMPANY_NAME,CORP_FEE_BRANCH_NO,SETTL_ACC_CURR,CORR_ACC_CURR,ORIGINATOR_ID,PRODUCT_CLASSIFICATION,ORIGINATOR_CURR,ACCOUNT_USAGE,DEFAULT_ACCOUNT,CHQ_STOCK_TYPE,ABA_ROUTING_NO,EXTERNAL_ACC_TYPE,INSTITUTION_NUMBER,EXTERNAL_ACCOUNT) values (17000007,'1700041','CTR','A','BCCMKR1',to_date('25-11-19','DD-MM-RR'),'BCCCKR1',to_date('25-11-19','DD-MM-RR'),18,null,'00017','Bulk eTransfer Client07',null,'CAD',null,null,null,null,null,null,null,null,null,null,'No');
Insert into GTB_CUST_ACCOUNT_PREF (COMPANY_ID,ACCOUNT_NO,PAYMENT_PROD_TYPE,FUND_UTIL_TYPE,MAKER_ID,MAKER_DATE,AUTHORISER_ID,AUTHORISED_DATE,SEQNO,CORR_FEE_ACC_NO,BRANCH_NO,COMPANY_NAME,CORP_FEE_BRANCH_NO,SETTL_ACC_CURR,CORR_ACC_CURR,ORIGINATOR_ID,PRODUCT_CLASSIFICATION,ORIGINATOR_CURR,ACCOUNT_USAGE,DEFAULT_ACCOUNT,CHQ_STOCK_TYPE,ABA_ROUTING_NO,EXTERNAL_ACC_TYPE,INSTITUTION_NUMBER,EXTERNAL_ACCOUNT) values (17000007,'1700042','CTR','A','BCCMKR1',to_date('25-11-19','DD-MM-RR'),'BCCCKR1',to_date('25-11-19','DD-MM-RR'),19,null,'00017','Bulk eTransfer Client07',null,'USD',null,null,null,null,null,null,null,null,null,null,'No');
Insert into GTB_CUST_ACCOUNT_PREF (COMPANY_ID,ACCOUNT_NO,PAYMENT_PROD_TYPE,FUND_UTIL_TYPE,MAKER_ID,MAKER_DATE,AUTHORISER_ID,AUTHORISED_DATE,SEQNO,CORR_FEE_ACC_NO,BRANCH_NO,COMPANY_NAME,CORP_FEE_BRANCH_NO,SETTL_ACC_CURR,CORR_ACC_CURR,ORIGINATOR_ID,PRODUCT_CLASSIFICATION,ORIGINATOR_CURR,ACCOUNT_USAGE,DEFAULT_ACCOUNT,CHQ_STOCK_TYPE,ABA_ROUTING_NO,EXTERNAL_ACC_TYPE,INSTITUTION_NUMBER,EXTERNAL_ACCOUNT) values (17000007,'1700043','CTR','L','BCCMKR1',to_date('25-11-19','DD-MM-RR'),'BCCCKR1',to_date('25-11-19','DD-MM-RR'),20,null,'00017','Bulk eTransfer Client07',null,'CAD',null,null,null,null,null,null,null,null,null,null,'No');
Insert into GTB_CUST_ACCOUNT_PREF (COMPANY_ID,ACCOUNT_NO,PAYMENT_PROD_TYPE,FUND_UTIL_TYPE,MAKER_ID,MAKER_DATE,AUTHORISER_ID,AUTHORISED_DATE,SEQNO,CORR_FEE_ACC_NO,BRANCH_NO,COMPANY_NAME,CORP_FEE_BRANCH_NO,SETTL_ACC_CURR,CORR_ACC_CURR,ORIGINATOR_ID,PRODUCT_CLASSIFICATION,ORIGINATOR_CURR,ACCOUNT_USAGE,DEFAULT_ACCOUNT,CHQ_STOCK_TYPE,ABA_ROUTING_NO,EXTERNAL_ACC_TYPE,INSTITUTION_NUMBER,EXTERNAL_ACCOUNT) values (17000007,'1700044','CTR','L','BCCMKR1',to_date('25-11-19','DD-MM-RR'),'BCCCKR1',to_date('25-11-19','DD-MM-RR'),21,null,'00017','Bulk eTransfer Client07',null,'USD',null,null,null,null,null,null,null,null,null,null,'No');
Insert into GTB_CUST_ACCOUNT_PREF (COMPANY_ID,ACCOUNT_NO,PAYMENT_PROD_TYPE,FUND_UTIL_TYPE,MAKER_ID,MAKER_DATE,AUTHORISER_ID,AUTHORISED_DATE,SEQNO,CORR_FEE_ACC_NO,BRANCH_NO,COMPANY_NAME,CORP_FEE_BRANCH_NO,SETTL_ACC_CURR,CORR_ACC_CURR,ORIGINATOR_ID,PRODUCT_CLASSIFICATION,ORIGINATOR_CURR,ACCOUNT_USAGE,DEFAULT_ACCOUNT,CHQ_STOCK_TYPE,ABA_ROUTING_NO,EXTERNAL_ACC_TYPE,INSTITUTION_NUMBER,EXTERNAL_ACCOUNT) values (17000007,'1700041','EMT','A','BCCMKR1',to_date('25-11-19','DD-MM-RR'),'BCCCKR1',to_date('25-11-19','DD-MM-RR'),22,null,'00017','Bulk eTransfer Client07',null,'CAD',null,null,null,null,null,null,null,null,null,null,'No');
Insert into GTB_CUST_ACCOUNT_PREF (COMPANY_ID,ACCOUNT_NO,PAYMENT_PROD_TYPE,FUND_UTIL_TYPE,MAKER_ID,MAKER_DATE,AUTHORISER_ID,AUTHORISED_DATE,SEQNO,CORR_FEE_ACC_NO,BRANCH_NO,COMPANY_NAME,CORP_FEE_BRANCH_NO,SETTL_ACC_CURR,CORR_ACC_CURR,ORIGINATOR_ID,PRODUCT_CLASSIFICATION,ORIGINATOR_CURR,ACCOUNT_USAGE,DEFAULT_ACCOUNT,CHQ_STOCK_TYPE,ABA_ROUTING_NO,EXTERNAL_ACC_TYPE,INSTITUTION_NUMBER,EXTERNAL_ACCOUNT) values (17000007,'1700043','EMT','L','BCCMKR1',to_date('25-11-19','DD-MM-RR'),'BCCCKR1',to_date('25-11-19','DD-MM-RR'),23,null,'00017','Bulk eTransfer Client07',null,'CAD',null,null,null,null,null,null,null,null,null,null,'No');
Insert into GTB_CUST_ACCOUNT_PREF (COMPANY_ID,ACCOUNT_NO,PAYMENT_PROD_TYPE,FUND_UTIL_TYPE,MAKER_ID,MAKER_DATE,AUTHORISER_ID,AUTHORISED_DATE,SEQNO,CORR_FEE_ACC_NO,BRANCH_NO,COMPANY_NAME,CORP_FEE_BRANCH_NO,SETTL_ACC_CURR,CORR_ACC_CURR,ORIGINATOR_ID,PRODUCT_CLASSIFICATION,ORIGINATOR_CURR,ACCOUNT_USAGE,DEFAULT_ACCOUNT,CHQ_STOCK_TYPE,ABA_ROUTING_NO,EXTERNAL_ACC_TYPE,INSTITUTION_NUMBER,EXTERNAL_ACCOUNT) values (17000007,'1700041','Wires','A','BCCMKR1',to_date('25-11-19','DD-MM-RR'),'BCCCKR1',to_date('25-11-19','DD-MM-RR'),1,null,'00017','Bulk eTransfer Client07',null,'CAD',null,null,null,null,null,null,null,null,null,null,'No');
Insert into GTB_CUST_ACCOUNT_PREF (COMPANY_ID,ACCOUNT_NO,PAYMENT_PROD_TYPE,FUND_UTIL_TYPE,MAKER_ID,MAKER_DATE,AUTHORISER_ID,AUTHORISED_DATE,SEQNO,CORR_FEE_ACC_NO,BRANCH_NO,COMPANY_NAME,CORP_FEE_BRANCH_NO,SETTL_ACC_CURR,CORR_ACC_CURR,ORIGINATOR_ID,PRODUCT_CLASSIFICATION,ORIGINATOR_CURR,ACCOUNT_USAGE,DEFAULT_ACCOUNT,CHQ_STOCK_TYPE,ABA_ROUTING_NO,EXTERNAL_ACC_TYPE,INSTITUTION_NUMBER,EXTERNAL_ACCOUNT) values (17000007,'1700042','Wires','A','BCCMKR1',to_date('25-11-19','DD-MM-RR'),'BCCCKR1',to_date('25-11-19','DD-MM-RR'),2,null,'00017','Bulk eTransfer Client07',null,'USD',null,null,null,null,null,null,null,null,null,null,'No');
Insert into GTB_CUST_ACCOUNT_PREF (COMPANY_ID,ACCOUNT_NO,PAYMENT_PROD_TYPE,FUND_UTIL_TYPE,MAKER_ID,MAKER_DATE,AUTHORISER_ID,AUTHORISED_DATE,SEQNO,CORR_FEE_ACC_NO,BRANCH_NO,COMPANY_NAME,CORP_FEE_BRANCH_NO,SETTL_ACC_CURR,CORR_ACC_CURR,ORIGINATOR_ID,PRODUCT_CLASSIFICATION,ORIGINATOR_CURR,ACCOUNT_USAGE,DEFAULT_ACCOUNT,CHQ_STOCK_TYPE,ABA_ROUTING_NO,EXTERNAL_ACC_TYPE,INSTITUTION_NUMBER,EXTERNAL_ACCOUNT) values (17000007,'1700043','Wires','L','BCCMKR1',to_date('25-11-19','DD-MM-RR'),'BCCCKR1',to_date('25-11-19','DD-MM-RR'),3,null,'00017','Bulk eTransfer Client07',null,'CAD',null,null,null,null,null,null,null,null,null,null,'No');
Insert into GTB_CUST_ACCOUNT_PREF (COMPANY_ID,ACCOUNT_NO,PAYMENT_PROD_TYPE,FUND_UTIL_TYPE,MAKER_ID,MAKER_DATE,AUTHORISER_ID,AUTHORISED_DATE,SEQNO,CORR_FEE_ACC_NO,BRANCH_NO,COMPANY_NAME,CORP_FEE_BRANCH_NO,SETTL_ACC_CURR,CORR_ACC_CURR,ORIGINATOR_ID,PRODUCT_CLASSIFICATION,ORIGINATOR_CURR,ACCOUNT_USAGE,DEFAULT_ACCOUNT,CHQ_STOCK_TYPE,ABA_ROUTING_NO,EXTERNAL_ACC_TYPE,INSTITUTION_NUMBER,EXTERNAL_ACCOUNT) values (17000007,'1700044','Wires','L','BCCMKR1',to_date('25-11-19','DD-MM-RR'),'BCCCKR1',to_date('25-11-19','DD-MM-RR'),4,null,'00017','Bulk eTransfer Client07',null,'USD',null,null,null,null,null,null,null,null,null,null,'No');
Insert into GTB_CUST_ACCOUNT_PREF (COMPANY_ID,ACCOUNT_NO,PAYMENT_PROD_TYPE,FUND_UTIL_TYPE,MAKER_ID,MAKER_DATE,AUTHORISER_ID,AUTHORISED_DATE,SEQNO,CORR_FEE_ACC_NO,BRANCH_NO,COMPANY_NAME,CORP_FEE_BRANCH_NO,SETTL_ACC_CURR,CORR_ACC_CURR,ORIGINATOR_ID,PRODUCT_CLASSIFICATION,ORIGINATOR_CURR,ACCOUNT_USAGE,DEFAULT_ACCOUNT,CHQ_STOCK_TYPE,ABA_ROUTING_NO,EXTERNAL_ACC_TYPE,INSTITUTION_NUMBER,EXTERNAL_ACCOUNT) values (17000007,'1700047','Wires','L','BCCMKR1',to_date('25-11-19','DD-MM-RR'),'BCCCKR1',to_date('25-11-19','DD-MM-RR'),7,null,'00017','Bulk eTransfer Client07',null,'GBP',null,null,null,null,null,null,null,null,null,null,'No');

--GTB_ACC_OWNERSHIP
Insert into GTB_ACC_OWNERSHIP (ACCOUNT_NO,SEQNO,BRANCH_CODE,HOLDER_NO,IS_PREF,MAKER_ID,MAKER_DATE,AUTHORISER_ID,AUTHORISED_DATE,COMPANY_ID,COMPANY_NAME,IS_ACTIVE,ECIF_REFNO) values ('1700006',0,'00017',null,null,'BBDUSER01',to_date('21-06-19','DD-MM-RR'),'BBDUSER01',to_date('21-06-19','DD-MM-RR'),17000002,'Bulk eTransfer Client02','0','BETZIF106');
Insert into GTB_ACC_OWNERSHIP (ACCOUNT_NO,SEQNO,BRANCH_CODE,HOLDER_NO,IS_PREF,MAKER_ID,MAKER_DATE,AUTHORISER_ID,AUTHORISED_DATE,COMPANY_ID,COMPANY_NAME,IS_ACTIVE,ECIF_REFNO) values ('1700007',0,'00017',null,null,'BBDUSER01',to_date('21-06-19','DD-MM-RR'),'BBDUSER01',to_date('21-06-19','DD-MM-RR'),17000002,'Bulk eTransfer Client02','0','BETZIF107');
Insert into GTB_ACC_OWNERSHIP (ACCOUNT_NO,SEQNO,BRANCH_CODE,HOLDER_NO,IS_PREF,MAKER_ID,MAKER_DATE,AUTHORISER_ID,AUTHORISED_DATE,COMPANY_ID,COMPANY_NAME,IS_ACTIVE,ECIF_REFNO) values ('1700008',1,'00017',null,null,'BBDUSER01',to_date('21-06-19','DD-MM-RR'),'BBDUSER01',to_date('21-06-19','DD-MM-RR'),17000002,'Bulk eTransfer Client02','0','BETZIF108');
Insert into GTB_ACC_OWNERSHIP (ACCOUNT_NO,SEQNO,BRANCH_CODE,HOLDER_NO,IS_PREF,MAKER_ID,MAKER_DATE,AUTHORISER_ID,AUTHORISED_DATE,COMPANY_ID,COMPANY_NAME,IS_ACTIVE,ECIF_REFNO) values ('1700009',2,'00017',null,null,'BBDUSER01',to_date('21-06-19','DD-MM-RR'),'BBDUSER01',to_date('21-06-19','DD-MM-RR'),17000002,'Bulk eTransfer Client02','0','BETZIF109');
Insert into GTB_ACC_OWNERSHIP (ACCOUNT_NO,SEQNO,BRANCH_CODE,HOLDER_NO,IS_PREF,MAKER_ID,MAKER_DATE,AUTHORISER_ID,AUTHORISED_DATE,COMPANY_ID,COMPANY_NAME,IS_ACTIVE,ECIF_REFNO) values ('1700010',3,'00017',null,null,'BBDUSER01',to_date('21-06-19','DD-MM-RR'),'BBDUSER01',to_date('21-06-19','DD-MM-RR'),17000002,'Bulk eTransfer Client02','0','BETZIF110');
Insert into GTB_ACC_OWNERSHIP (ACCOUNT_NO,SEQNO,BRANCH_CODE,HOLDER_NO,IS_PREF,MAKER_ID,MAKER_DATE,AUTHORISER_ID,AUTHORISED_DATE,COMPANY_ID,COMPANY_NAME,IS_ACTIVE,ECIF_REFNO) values ('1700011',0,'00017',null,null,'BBDUSER01',to_date('21-06-19','DD-MM-RR'),'BBDUSER01',to_date('21-06-19','DD-MM-RR'),17000003,'Bulk eTransfer Client03','0','BETZIF111');
Insert into GTB_ACC_OWNERSHIP (ACCOUNT_NO,SEQNO,BRANCH_CODE,HOLDER_NO,IS_PREF,MAKER_ID,MAKER_DATE,AUTHORISER_ID,AUTHORISED_DATE,COMPANY_ID,COMPANY_NAME,IS_ACTIVE,ECIF_REFNO) values ('1700012',1,'00017',null,null,'BBDUSER01',to_date('21-06-19','DD-MM-RR'),'BBDUSER01',to_date('21-06-19','DD-MM-RR'),17000003,'Bulk eTransfer Client03','0','BETZIF112');
Insert into GTB_ACC_OWNERSHIP (ACCOUNT_NO,SEQNO,BRANCH_CODE,HOLDER_NO,IS_PREF,MAKER_ID,MAKER_DATE,AUTHORISER_ID,AUTHORISED_DATE,COMPANY_ID,COMPANY_NAME,IS_ACTIVE,ECIF_REFNO) values ('1700013',2,'00017',null,null,'BBDUSER01',to_date('21-06-19','DD-MM-RR'),'BBDUSER01',to_date('21-06-19','DD-MM-RR'),17000003,'Bulk eTransfer Client03','0','BETZIF113');
Insert into GTB_ACC_OWNERSHIP (ACCOUNT_NO,SEQNO,BRANCH_CODE,HOLDER_NO,IS_PREF,MAKER_ID,MAKER_DATE,AUTHORISER_ID,AUTHORISED_DATE,COMPANY_ID,COMPANY_NAME,IS_ACTIVE,ECIF_REFNO) values ('1700014',3,'00017',null,null,'BBDUSER01',to_date('21-06-19','DD-MM-RR'),'BBDUSER01',to_date('21-06-19','DD-MM-RR'),17000003,'Bulk eTransfer Client03','0','BETZIF114');
Insert into GTB_ACC_OWNERSHIP (ACCOUNT_NO,SEQNO,BRANCH_CODE,HOLDER_NO,IS_PREF,MAKER_ID,MAKER_DATE,AUTHORISER_ID,AUTHORISED_DATE,COMPANY_ID,COMPANY_NAME,IS_ACTIVE,ECIF_REFNO) values ('1700015',4,'00017',null,null,'BBDUSER01',to_date('21-06-19','DD-MM-RR'),'BBDUSER01',to_date('21-06-19','DD-MM-RR'),17000003,'Bulk eTransfer Client03','0','BETZIF115');
Insert into GTB_ACC_OWNERSHIP (ACCOUNT_NO,SEQNO,BRANCH_CODE,HOLDER_NO,IS_PREF,MAKER_ID,MAKER_DATE,AUTHORISER_ID,AUTHORISED_DATE,COMPANY_ID,COMPANY_NAME,IS_ACTIVE,ECIF_REFNO) values ('1700016',0,'00017',null,null,'BBDUSER01',to_date('21-06-19','DD-MM-RR'),'BBDUSER01',to_date('21-06-19','DD-MM-RR'),17000004,'Bulk eTransfer Client04','0','BETZIF116');
Insert into GTB_ACC_OWNERSHIP (ACCOUNT_NO,SEQNO,BRANCH_CODE,HOLDER_NO,IS_PREF,MAKER_ID,MAKER_DATE,AUTHORISER_ID,AUTHORISED_DATE,COMPANY_ID,COMPANY_NAME,IS_ACTIVE,ECIF_REFNO) values ('1700017',1,'00017',null,null,'BBDUSER01',to_date('21-06-19','DD-MM-RR'),'BBDUSER01',to_date('21-06-19','DD-MM-RR'),17000004,'Bulk eTransfer Client04','0','BETZIF117');
Insert into GTB_ACC_OWNERSHIP (ACCOUNT_NO,SEQNO,BRANCH_CODE,HOLDER_NO,IS_PREF,MAKER_ID,MAKER_DATE,AUTHORISER_ID,AUTHORISED_DATE,COMPANY_ID,COMPANY_NAME,IS_ACTIVE,ECIF_REFNO) values ('1700018',2,'00017',null,null,'BBDUSER01',to_date('21-06-19','DD-MM-RR'),'BBDUSER01',to_date('21-06-19','DD-MM-RR'),17000004,'Bulk eTransfer Client04','0','BETZIF118');
Insert into GTB_ACC_OWNERSHIP (ACCOUNT_NO,SEQNO,BRANCH_CODE,HOLDER_NO,IS_PREF,MAKER_ID,MAKER_DATE,AUTHORISER_ID,AUTHORISED_DATE,COMPANY_ID,COMPANY_NAME,IS_ACTIVE,ECIF_REFNO) values ('1700019',3,'00017',null,null,'BBDUSER01',to_date('21-06-19','DD-MM-RR'),'BBDUSER01',to_date('21-06-19','DD-MM-RR'),17000004,'Bulk eTransfer Client04','0','BETZIF119');
Insert into GTB_ACC_OWNERSHIP (ACCOUNT_NO,SEQNO,BRANCH_CODE,HOLDER_NO,IS_PREF,MAKER_ID,MAKER_DATE,AUTHORISER_ID,AUTHORISED_DATE,COMPANY_ID,COMPANY_NAME,IS_ACTIVE,ECIF_REFNO) values ('1700020',4,'00017',null,null,'BBDUSER01',to_date('21-06-19','DD-MM-RR'),'BBDUSER01',to_date('21-06-19','DD-MM-RR'),17000004,'Bulk eTransfer Client04','0','BETZIF120');
Insert into GTB_ACC_OWNERSHIP (ACCOUNT_NO,SEQNO,BRANCH_CODE,HOLDER_NO,IS_PREF,MAKER_ID,MAKER_DATE,AUTHORISER_ID,AUTHORISED_DATE,COMPANY_ID,COMPANY_NAME,IS_ACTIVE,ECIF_REFNO) values ('1700021',0,'00017',null,null,'BBDUSER01',to_date('21-06-19','DD-MM-RR'),'BBDUSER01',to_date('21-06-19','DD-MM-RR'),17000005,'Bulk eTransfer Client05','0','BETZIF121');
Insert into GTB_ACC_OWNERSHIP (ACCOUNT_NO,SEQNO,BRANCH_CODE,HOLDER_NO,IS_PREF,MAKER_ID,MAKER_DATE,AUTHORISER_ID,AUTHORISED_DATE,COMPANY_ID,COMPANY_NAME,IS_ACTIVE,ECIF_REFNO) values ('1700022',1,'00017',null,null,'BBDUSER01',to_date('21-06-19','DD-MM-RR'),'BBDUSER01',to_date('21-06-19','DD-MM-RR'),17000005,'Bulk eTransfer Client05','0','BETZIF122');
Insert into GTB_ACC_OWNERSHIP (ACCOUNT_NO,SEQNO,BRANCH_CODE,HOLDER_NO,IS_PREF,MAKER_ID,MAKER_DATE,AUTHORISER_ID,AUTHORISED_DATE,COMPANY_ID,COMPANY_NAME,IS_ACTIVE,ECIF_REFNO) values ('1700023',2,'00017',null,null,'BBDUSER01',to_date('21-06-19','DD-MM-RR'),'BBDUSER01',to_date('21-06-19','DD-MM-RR'),17000005,'Bulk eTransfer Client05','0','BETZIF123');
Insert into GTB_ACC_OWNERSHIP (ACCOUNT_NO,SEQNO,BRANCH_CODE,HOLDER_NO,IS_PREF,MAKER_ID,MAKER_DATE,AUTHORISER_ID,AUTHORISED_DATE,COMPANY_ID,COMPANY_NAME,IS_ACTIVE,ECIF_REFNO) values ('1700024',3,'00017',null,null,'BBDUSER01',to_date('21-06-19','DD-MM-RR'),'BBDUSER01',to_date('21-06-19','DD-MM-RR'),17000005,'Bulk eTransfer Client05','0','BETZIF124');
Insert into GTB_ACC_OWNERSHIP (ACCOUNT_NO,SEQNO,BRANCH_CODE,HOLDER_NO,IS_PREF,MAKER_ID,MAKER_DATE,AUTHORISER_ID,AUTHORISED_DATE,COMPANY_ID,COMPANY_NAME,IS_ACTIVE,ECIF_REFNO) values ('1700025',4,'00017',null,null,'BBDUSER01',to_date('21-06-19','DD-MM-RR'),'BBDUSER01',to_date('21-06-19','DD-MM-RR'),17000005,'Bulk eTransfer Client05','0','BETZIF125');
Insert into GTB_ACC_OWNERSHIP (ACCOUNT_NO,SEQNO,BRANCH_CODE,HOLDER_NO,IS_PREF,MAKER_ID,MAKER_DATE,AUTHORISER_ID,AUTHORISED_DATE,COMPANY_ID,COMPANY_NAME,IS_ACTIVE,ECIF_REFNO) values ('1700026',5,'00017',null,null,'BBDUSER01',to_date('21-06-19','DD-MM-RR'),'BBDUSER01',to_date('21-06-19','DD-MM-RR'),17000005,'Bulk eTransfer Client05','0','BETZIF126');
Insert into GTB_ACC_OWNERSHIP (ACCOUNT_NO,SEQNO,BRANCH_CODE,HOLDER_NO,IS_PREF,MAKER_ID,MAKER_DATE,AUTHORISER_ID,AUTHORISED_DATE,COMPANY_ID,COMPANY_NAME,IS_ACTIVE,ECIF_REFNO) values ('1700027',6,'00017',null,null,'BBDUSER01',to_date('21-06-19','DD-MM-RR'),'BBDUSER01',to_date('21-06-19','DD-MM-RR'),17000005,'Bulk eTransfer Client05','0','BETZIF127');
Insert into GTB_ACC_OWNERSHIP (ACCOUNT_NO,SEQNO,BRANCH_CODE,HOLDER_NO,IS_PREF,MAKER_ID,MAKER_DATE,AUTHORISER_ID,AUTHORISED_DATE,COMPANY_ID,COMPANY_NAME,IS_ACTIVE,ECIF_REFNO) values ('1700028',7,'00017',null,null,'BBDUSER01',to_date('21-06-19','DD-MM-RR'),'BBDUSER01',to_date('21-06-19','DD-MM-RR'),17000005,'Bulk eTransfer Client05','0','BETZIF128');
Insert into GTB_ACC_OWNERSHIP (ACCOUNT_NO,SEQNO,BRANCH_CODE,HOLDER_NO,IS_PREF,MAKER_ID,MAKER_DATE,AUTHORISER_ID,AUTHORISED_DATE,COMPANY_ID,COMPANY_NAME,IS_ACTIVE,ECIF_REFNO) values ('1700029',8,'00017',null,null,'BBDUSER01',to_date('21-06-19','DD-MM-RR'),'BBDUSER01',to_date('21-06-19','DD-MM-RR'),17000005,'Bulk eTransfer Client05','0','BETZIF129');
Insert into GTB_ACC_OWNERSHIP (ACCOUNT_NO,SEQNO,BRANCH_CODE,HOLDER_NO,IS_PREF,MAKER_ID,MAKER_DATE,AUTHORISER_ID,AUTHORISED_DATE,COMPANY_ID,COMPANY_NAME,IS_ACTIVE,ECIF_REFNO) values ('1700030',9,'00017',null,null,'BBDUSER01',to_date('21-06-19','DD-MM-RR'),'BBDUSER01',to_date('21-06-19','DD-MM-RR'),17000005,'Bulk eTransfer Client05','0','BETZIF130');
Insert into GTB_ACC_OWNERSHIP (ACCOUNT_NO,SEQNO,BRANCH_CODE,HOLDER_NO,IS_PREF,MAKER_ID,MAKER_DATE,AUTHORISER_ID,AUTHORISED_DATE,COMPANY_ID,COMPANY_NAME,IS_ACTIVE,ECIF_REFNO) values ('1700031',0,'00017',null,null,'BBDUSER01',to_date('21-06-19','DD-MM-RR'),'BBDUSER01',to_date('21-06-19','DD-MM-RR'),17000005,'Bulk eTransfer Client05','0','BETZIF131');
Insert into GTB_ACC_OWNERSHIP (ACCOUNT_NO,SEQNO,BRANCH_CODE,HOLDER_NO,IS_PREF,MAKER_ID,MAKER_DATE,AUTHORISER_ID,AUTHORISED_DATE,COMPANY_ID,COMPANY_NAME,IS_ACTIVE,ECIF_REFNO) values ('1700032',0,'00017',null,null,'BBDUSER01',to_date('21-06-19','DD-MM-RR'),'BBDUSER01',to_date('21-06-19','DD-MM-RR'),17000006,'Bulk eTransfer Client06','0','BETZIF132');
Insert into GTB_ACC_OWNERSHIP (ACCOUNT_NO,SEQNO,BRANCH_CODE,HOLDER_NO,IS_PREF,MAKER_ID,MAKER_DATE,AUTHORISER_ID,AUTHORISED_DATE,COMPANY_ID,COMPANY_NAME,IS_ACTIVE,ECIF_REFNO) values ('1700033',1,'00017',null,null,'BBDUSER01',to_date('21-06-19','DD-MM-RR'),'BBDUSER01',to_date('21-06-19','DD-MM-RR'),17000006,'Bulk eTransfer Client06','0','BETZIF133');
Insert into GTB_ACC_OWNERSHIP (ACCOUNT_NO,SEQNO,BRANCH_CODE,HOLDER_NO,IS_PREF,MAKER_ID,MAKER_DATE,AUTHORISER_ID,AUTHORISED_DATE,COMPANY_ID,COMPANY_NAME,IS_ACTIVE,ECIF_REFNO) values ('1700034',2,'00017',null,null,'BBDUSER01',to_date('21-06-19','DD-MM-RR'),'BBDUSER01',to_date('21-06-19','DD-MM-RR'),17000006,'Bulk eTransfer Client06','0','BETZIF134');
Insert into GTB_ACC_OWNERSHIP (ACCOUNT_NO,SEQNO,BRANCH_CODE,HOLDER_NO,IS_PREF,MAKER_ID,MAKER_DATE,AUTHORISER_ID,AUTHORISED_DATE,COMPANY_ID,COMPANY_NAME,IS_ACTIVE,ECIF_REFNO) values ('1700035',3,'00017',null,null,'BBDUSER01',to_date('21-06-19','DD-MM-RR'),'BBDUSER01',to_date('21-06-19','DD-MM-RR'),17000006,'Bulk eTransfer Client06','0','BETZIF135');
Insert into GTB_ACC_OWNERSHIP (ACCOUNT_NO,SEQNO,BRANCH_CODE,HOLDER_NO,IS_PREF,MAKER_ID,MAKER_DATE,AUTHORISER_ID,AUTHORISED_DATE,COMPANY_ID,COMPANY_NAME,IS_ACTIVE,ECIF_REFNO) values ('1700036',4,'00017',null,null,'BBDUSER01',to_date('21-06-19','DD-MM-RR'),'BBDUSER01',to_date('21-06-19','DD-MM-RR'),17000006,'Bulk eTransfer Client06','0','BETZIF136');
Insert into GTB_ACC_OWNERSHIP (ACCOUNT_NO,SEQNO,BRANCH_CODE,HOLDER_NO,IS_PREF,MAKER_ID,MAKER_DATE,AUTHORISER_ID,AUTHORISED_DATE,COMPANY_ID,COMPANY_NAME,IS_ACTIVE,ECIF_REFNO) values ('1700037',5,'00017',null,null,'BBDUSER01',to_date('21-06-19','DD-MM-RR'),'BBDUSER01',to_date('21-06-19','DD-MM-RR'),17000006,'Bulk eTransfer Client06','0','BETZIF137');
Insert into GTB_ACC_OWNERSHIP (ACCOUNT_NO,SEQNO,BRANCH_CODE,HOLDER_NO,IS_PREF,MAKER_ID,MAKER_DATE,AUTHORISER_ID,AUTHORISED_DATE,COMPANY_ID,COMPANY_NAME,IS_ACTIVE,ECIF_REFNO) values ('1700038',6,'00017',null,null,'BBDUSER01',to_date('21-06-19','DD-MM-RR'),'BBDUSER01',to_date('21-06-19','DD-MM-RR'),17000006,'Bulk eTransfer Client06','0','BETZIF138');
Insert into GTB_ACC_OWNERSHIP (ACCOUNT_NO,SEQNO,BRANCH_CODE,HOLDER_NO,IS_PREF,MAKER_ID,MAKER_DATE,AUTHORISER_ID,AUTHORISED_DATE,COMPANY_ID,COMPANY_NAME,IS_ACTIVE,ECIF_REFNO) values ('1700039',7,'00017',null,null,'BBDUSER01',to_date('21-06-19','DD-MM-RR'),'BBDUSER01',to_date('21-06-19','DD-MM-RR'),17000006,'Bulk eTransfer Client06','0','BETZIF139');
Insert into GTB_ACC_OWNERSHIP (ACCOUNT_NO,SEQNO,BRANCH_CODE,HOLDER_NO,IS_PREF,MAKER_ID,MAKER_DATE,AUTHORISER_ID,AUTHORISED_DATE,COMPANY_ID,COMPANY_NAME,IS_ACTIVE,ECIF_REFNO) values ('1700040',8,'00017',null,null,'BBDUSER01',to_date('21-06-19','DD-MM-RR'),'BBDUSER01',to_date('21-06-19','DD-MM-RR'),17000006,'Bulk eTransfer Client06','0','BETZIF140');
Insert into GTB_ACC_OWNERSHIP (ACCOUNT_NO,SEQNO,BRANCH_CODE,HOLDER_NO,IS_PREF,MAKER_ID,MAKER_DATE,AUTHORISER_ID,AUTHORISED_DATE,COMPANY_ID,COMPANY_NAME,IS_ACTIVE,ECIF_REFNO) values ('1700041',0,'00017',null,null,'BBDUSER01',to_date('21-06-19','DD-MM-RR'),'BBDUSER01',to_date('21-06-19','DD-MM-RR'),17000007,'Bulk eTransfer Client07','0','BETZIF141');
Insert into GTB_ACC_OWNERSHIP (ACCOUNT_NO,SEQNO,BRANCH_CODE,HOLDER_NO,IS_PREF,MAKER_ID,MAKER_DATE,AUTHORISER_ID,AUTHORISED_DATE,COMPANY_ID,COMPANY_NAME,IS_ACTIVE,ECIF_REFNO) values ('1700042',1,'00017',null,null,'BBDUSER01',to_date('21-06-19','DD-MM-RR'),'BBDUSER01',to_date('21-06-19','DD-MM-RR'),17000007,'Bulk eTransfer Client07','0','BETZIF142');
Insert into GTB_ACC_OWNERSHIP (ACCOUNT_NO,SEQNO,BRANCH_CODE,HOLDER_NO,IS_PREF,MAKER_ID,MAKER_DATE,AUTHORISER_ID,AUTHORISED_DATE,COMPANY_ID,COMPANY_NAME,IS_ACTIVE,ECIF_REFNO) values ('1700043',2,'00017',null,null,'BBDUSER01',to_date('21-06-19','DD-MM-RR'),'BBDUSER01',to_date('21-06-19','DD-MM-RR'),17000007,'Bulk eTransfer Client07','0','BETZIF143');
Insert into GTB_ACC_OWNERSHIP (ACCOUNT_NO,SEQNO,BRANCH_CODE,HOLDER_NO,IS_PREF,MAKER_ID,MAKER_DATE,AUTHORISER_ID,AUTHORISED_DATE,COMPANY_ID,COMPANY_NAME,IS_ACTIVE,ECIF_REFNO) values ('1700044',3,'00017',null,null,'BBDUSER01',to_date('21-06-19','DD-MM-RR'),'BBDUSER01',to_date('21-06-19','DD-MM-RR'),17000007,'Bulk eTransfer Client07','0','BETZIF144');
Insert into GTB_ACC_OWNERSHIP (ACCOUNT_NO,SEQNO,BRANCH_CODE,HOLDER_NO,IS_PREF,MAKER_ID,MAKER_DATE,AUTHORISER_ID,AUTHORISED_DATE,COMPANY_ID,COMPANY_NAME,IS_ACTIVE,ECIF_REFNO) values ('1700045',4,'00017',null,null,'BBDUSER01',to_date('21-06-19','DD-MM-RR'),'BBDUSER01',to_date('21-06-19','DD-MM-RR'),17000007,'Bulk eTransfer Client07','0','BETZIF145');
Insert into GTB_ACC_OWNERSHIP (ACCOUNT_NO,SEQNO,BRANCH_CODE,HOLDER_NO,IS_PREF,MAKER_ID,MAKER_DATE,AUTHORISER_ID,AUTHORISED_DATE,COMPANY_ID,COMPANY_NAME,IS_ACTIVE,ECIF_REFNO) values ('1700046',5,'00017',null,null,'BBDUSER01',to_date('21-06-19','DD-MM-RR'),'BBDUSER01',to_date('21-06-19','DD-MM-RR'),17000007,'Bulk eTransfer Client07','0','BETZIF146');
Insert into GTB_ACC_OWNERSHIP (ACCOUNT_NO,SEQNO,BRANCH_CODE,HOLDER_NO,IS_PREF,MAKER_ID,MAKER_DATE,AUTHORISER_ID,AUTHORISED_DATE,COMPANY_ID,COMPANY_NAME,IS_ACTIVE,ECIF_REFNO) values ('1700047',6,'00017',null,null,'BBDUSER01',to_date('21-06-19','DD-MM-RR'),'BBDUSER01',to_date('21-06-19','DD-MM-RR'),17000007,'Bulk eTransfer Client07','0','BETZIF147');
Insert into GTB_ACC_OWNERSHIP (ACCOUNT_NO,SEQNO,BRANCH_CODE,HOLDER_NO,IS_PREF,MAKER_ID,MAKER_DATE,AUTHORISER_ID,AUTHORISED_DATE,COMPANY_ID,COMPANY_NAME,IS_ACTIVE,ECIF_REFNO) values ('1700048',7,'00017',null,null,'BBDUSER01',to_date('21-06-19','DD-MM-RR'),'BBDUSER01',to_date('21-06-19','DD-MM-RR'),17000007,'Bulk eTransfer Client07','0','BETZIF148');
Insert into GTB_ACC_OWNERSHIP (ACCOUNT_NO,SEQNO,BRANCH_CODE,HOLDER_NO,IS_PREF,MAKER_ID,MAKER_DATE,AUTHORISER_ID,AUTHORISED_DATE,COMPANY_ID,COMPANY_NAME,IS_ACTIVE,ECIF_REFNO) values ('1700049',8,'00017',null,null,'BBDUSER01',to_date('21-06-19','DD-MM-RR'),'BBDUSER01',to_date('21-06-19','DD-MM-RR'),17000007,'Bulk eTransfer Client07','0','BETZIF149');
COMMIT;
--ELCM--
delete from stub_elcm where cust_id in ('17000001','17000002','17000003','17000004','17000005','17000006','17000007');
Insert into stub_elcm (CUST_ID,MSGSTAT,CODE,DESCP,RESPONE_TYPE) values ('17000001','SUCCESS','0001','SUCCESSFUL','S');
Insert into stub_elcm (CUST_ID,MSGSTAT,CODE,DESCP,RESPONE_TYPE) values ('17000002','SUCCESS','0001','SUCCESSFUL','S');
Insert into stub_elcm (CUST_ID,MSGSTAT,CODE,DESCP,RESPONE_TYPE) values ('17000003','SUCCESS','0001','SUCCESSFUL','S');
Insert into stub_elcm (CUST_ID,MSGSTAT,CODE,DESCP,RESPONE_TYPE) values ('17000004','SUCCESS','0001','SUCCESSFUL','S');
Insert into stub_elcm (CUST_ID,MSGSTAT,CODE,DESCP,RESPONE_TYPE) values ('17000005','SUCCESS','0001','SUCCESSFUL','S');
Insert into stub_elcm (CUST_ID,MSGSTAT,CODE,DESCP,RESPONE_TYPE) values ('17000006','SUCCESS','0001','SUCCESSFUL','S');
Insert into stub_elcm (CUST_ID,MSGSTAT,CODE,DESCP,RESPONE_TYPE) values ('17000007','SUCCESS','0001','SUCCESSFUL','S');
--ENVOY--
delete from stub_psh_envoy where accounttransitnumber in ('1700001','1700002','1700006','1700007','1700009','1700011','1700015','1700016','1700017','1700018','1700019','1700020','1700021','1700023','1700026','1700028','1700029','1700030','1700033','1700034','1700038','1700039','1700043','1700044');
Insert into stub_psh_envoy (STATUSCODE,CDIAGNOSTICTEXT,ACCOUNTTRANSITNUMBER,ACCOUNTTRANSITID,STATUS,BALANCESAVAILABLEAMT,RESP_TYPE) values ('DI00','Transaction successful','1700001','00017','Active',100000,'S');
Insert into stub_psh_envoy (STATUSCODE,CDIAGNOSTICTEXT,ACCOUNTTRANSITNUMBER,ACCOUNTTRANSITID,STATUS,BALANCESAVAILABLEAMT,RESP_TYPE) values ('DI00','Transaction successful','1700002','00017','Active',100000,'S');
Insert into stub_psh_envoy (STATUSCODE,CDIAGNOSTICTEXT,ACCOUNTTRANSITNUMBER,ACCOUNTTRANSITID,STATUS,BALANCESAVAILABLEAMT,RESP_TYPE) values ('DI00','Transaction successful','1700006','00017','Active',100000,'S');
Insert into stub_psh_envoy (STATUSCODE,CDIAGNOSTICTEXT,ACCOUNTTRANSITNUMBER,ACCOUNTTRANSITID,STATUS,BALANCESAVAILABLEAMT,RESP_TYPE) values ('DI00','Transaction successful','1700007','00017','Active',100000,'S');
Insert into stub_psh_envoy (STATUSCODE,CDIAGNOSTICTEXT,ACCOUNTTRANSITNUMBER,ACCOUNTTRANSITID,STATUS,BALANCESAVAILABLEAMT,RESP_TYPE) values ('DI00','Transaction successful','1700009','00017','Active',100000,'S');
Insert into stub_psh_envoy (STATUSCODE,CDIAGNOSTICTEXT,ACCOUNTTRANSITNUMBER,ACCOUNTTRANSITID,STATUS,BALANCESAVAILABLEAMT,RESP_TYPE) values ('DI00','Transaction successful','1700011','00017','Active',100000,'S');
Insert into stub_psh_envoy (STATUSCODE,CDIAGNOSTICTEXT,ACCOUNTTRANSITNUMBER,ACCOUNTTRANSITID,STATUS,BALANCESAVAILABLEAMT,RESP_TYPE) values ('DI00','Transaction successful','1700015','00017','Active',100000,'S');
Insert into stub_psh_envoy (STATUSCODE,CDIAGNOSTICTEXT,ACCOUNTTRANSITNUMBER,ACCOUNTTRANSITID,STATUS,BALANCESAVAILABLEAMT,RESP_TYPE) values ('DI00','Transaction successful','1700016','00017','Active',100000,'S');
Insert into stub_psh_envoy (STATUSCODE,CDIAGNOSTICTEXT,ACCOUNTTRANSITNUMBER,ACCOUNTTRANSITID,STATUS,BALANCESAVAILABLEAMT,RESP_TYPE) values ('DI00','Transaction successful','1700017','00017','Active',100000,'S');
Insert into stub_psh_envoy (STATUSCODE,CDIAGNOSTICTEXT,ACCOUNTTRANSITNUMBER,ACCOUNTTRANSITID,STATUS,BALANCESAVAILABLEAMT,RESP_TYPE) values ('DI00','Transaction successful','1700018','00017','Active',100000,'S');
Insert into stub_psh_envoy (STATUSCODE,CDIAGNOSTICTEXT,ACCOUNTTRANSITNUMBER,ACCOUNTTRANSITID,STATUS,BALANCESAVAILABLEAMT,RESP_TYPE) values ('DI00','Transaction successful','1700019','00017','Active',100000,'S');
Insert into stub_psh_envoy (STATUSCODE,CDIAGNOSTICTEXT,ACCOUNTTRANSITNUMBER,ACCOUNTTRANSITID,STATUS,BALANCESAVAILABLEAMT,RESP_TYPE) values ('DI00','Transaction successful','1700020','00017','Active',100000,'S');
Insert into stub_psh_envoy (STATUSCODE,CDIAGNOSTICTEXT,ACCOUNTTRANSITNUMBER,ACCOUNTTRANSITID,STATUS,BALANCESAVAILABLEAMT,RESP_TYPE) values ('DI00','Transaction successful','1700021','00017','Active',100000,'S');
Insert into stub_psh_envoy (STATUSCODE,CDIAGNOSTICTEXT,ACCOUNTTRANSITNUMBER,ACCOUNTTRANSITID,STATUS,BALANCESAVAILABLEAMT,RESP_TYPE) values ('DI00','Transaction successful','1700023','00017','Active',100000,'S');
Insert into stub_psh_envoy (STATUSCODE,CDIAGNOSTICTEXT,ACCOUNTTRANSITNUMBER,ACCOUNTTRANSITID,STATUS,BALANCESAVAILABLEAMT,RESP_TYPE) values ('DI00','Transaction successful','1700026','00017','Active',100000,'S');
Insert into stub_psh_envoy (STATUSCODE,CDIAGNOSTICTEXT,ACCOUNTTRANSITNUMBER,ACCOUNTTRANSITID,STATUS,BALANCESAVAILABLEAMT,RESP_TYPE) values ('DI00','Transaction successful','1700028','00017','Active',100000,'S');
Insert into stub_psh_envoy (STATUSCODE,CDIAGNOSTICTEXT,ACCOUNTTRANSITNUMBER,ACCOUNTTRANSITID,STATUS,BALANCESAVAILABLEAMT,RESP_TYPE) values ('DI00','Transaction successful','1700029','00017','Active',100000,'S');
Insert into stub_psh_envoy (STATUSCODE,CDIAGNOSTICTEXT,ACCOUNTTRANSITNUMBER,ACCOUNTTRANSITID,STATUS,BALANCESAVAILABLEAMT,RESP_TYPE) values ('DI00','Transaction successful','1700030','00017','Active',100000,'S');
Insert into stub_psh_envoy (STATUSCODE,CDIAGNOSTICTEXT,ACCOUNTTRANSITNUMBER,ACCOUNTTRANSITID,STATUS,BALANCESAVAILABLEAMT,RESP_TYPE) values ('DI00','Transaction successful','1700033','00017','Active',100000,'S');
Insert into stub_psh_envoy (STATUSCODE,CDIAGNOSTICTEXT,ACCOUNTTRANSITNUMBER,ACCOUNTTRANSITID,STATUS,BALANCESAVAILABLEAMT,RESP_TYPE) values ('DI00','Transaction successful','1700034','00017','Active',100000,'S');
Insert into stub_psh_envoy (STATUSCODE,CDIAGNOSTICTEXT,ACCOUNTTRANSITNUMBER,ACCOUNTTRANSITID,STATUS,BALANCESAVAILABLEAMT,RESP_TYPE) values ('DI00','Transaction successful','1700038','00017','Active',100000,'S');
Insert into stub_psh_envoy (STATUSCODE,CDIAGNOSTICTEXT,ACCOUNTTRANSITNUMBER,ACCOUNTTRANSITID,STATUS,BALANCESAVAILABLEAMT,RESP_TYPE) values ('DI00','Transaction successful','1700039','00017','Active',100000,'S');
Insert into stub_psh_envoy (STATUSCODE,CDIAGNOSTICTEXT,ACCOUNTTRANSITNUMBER,ACCOUNTTRANSITID,STATUS,BALANCESAVAILABLEAMT,RESP_TYPE) values ('DI00','Transaction successful','1700043','00017','Active',100000,'S');
Insert into stub_psh_envoy (STATUSCODE,CDIAGNOSTICTEXT,ACCOUNTTRANSITNUMBER,ACCOUNTTRANSITID,STATUS,BALANCESAVAILABLEAMT,RESP_TYPE) values ('DI00','Transaction successful','1700044','00017','Active',100000,'S');
--FXRD--
delete from STUB_FXRD where TXN_FX_ID in ('FXID1705','FXID1706','FXID1707');
Insert into STUB_FXRD (CONSUMERID,CONTRACTNO,CONTRACTRATE,VALDATE,TRADEDATE,STARTDATE,ERRORCODE,ERRORMSG,RESPTYPE,TXN_FX_ID) values('PSH','BETFXRD11705',1.49302,to_date('31-12-20','DD-MM-RR'),to_date('04-01-17','DD-MM-RR'),to_date('04-11-19','DD-MM-RR'),0,'Success','S','FXID1705');
Insert into STUB_FXRD (CONSUMERID,CONTRACTNO,CONTRACTRATE,VALDATE,TRADEDATE,STARTDATE,ERRORCODE,ERRORMSG,RESPTYPE,TXN_FX_ID) values('PSH','BETFXRD11706',1.49302,to_date('31-12-20','DD-MM-RR'),to_date('04-01-17','DD-MM-RR'),to_date('04-11-19','DD-MM-RR'),0,'Success','S','FXID1706');
Insert into STUB_FXRD (CONSUMERID,CONTRACTNO,CONTRACTRATE,VALDATE,TRADEDATE,STARTDATE,ERRORCODE,ERRORMSG,RESPTYPE,TXN_FX_ID) values('PSH','BETFXRD11707',1.49302,to_date('31-12-20','DD-MM-RR'),to_date('04-01-17','DD-MM-RR'),to_date('04-11-19','DD-MM-RR'),0,'Success','S','FXID1707');
--FX GET RATE--
delete from stub_fxgetrate where customer_id in ('FXID1705','FXID1706','FXID1707');
Insert into stub_fxgetrate (CODE,DESCRIPTION,QUOTEID,EQVI_AMT,RATESOURCEINDICATOR,RESPONSE_TYPE,CUSTOMER_ID,CONTRACT_RATE) values (0,'Transcation Successfull','QUOTEBET11705',2000,1,'S','FXID1705',1.5);
Insert into stub_fxgetrate (CODE,DESCRIPTION,QUOTEID,EQVI_AMT,RATESOURCEINDICATOR,RESPONSE_TYPE,CUSTOMER_ID,CONTRACT_RATE) values (0,'Transcation Successfull','QUOTEBET11706',2000,1,'S','FXID1706',1.6);
Insert into stub_fxgetrate (CODE,DESCRIPTION,QUOTEID,EQVI_AMT,RATESOURCEINDICATOR,RESPONSE_TYPE,CUSTOMER_ID,CONTRACT_RATE) values (0,'Transcation Successfull','QUOTEBET11707',2000,1,'S','FXID1707',1.7);
--FX BOOK RATE--
delete from stub_fx_bookrate where quoteid in ('QUOTEBET11705','QUOTEBET11706','QUOTEBET11707');
Insert into stub_fx_bookrate (CODE,DESCRIPTION,QUOTEID,CONTRACTNUMBER,TRACEINFO,EXTERNALREFERENCEPROPERTY,RESPONE_TYPE) values ('0','Transcation Successful','QUOTEBET11705','91005','3255','7656,445,56','S');
Insert into stub_fx_bookrate (CODE,DESCRIPTION,QUOTEID,CONTRACTNUMBER,TRACEINFO,EXTERNALREFERENCEPROPERTY,RESPONE_TYPE) values ('0','Transcation Successful','QUOTEBET11706','91006','3256','7656,445,56','S');
Insert into stub_fx_bookrate (CODE,DESCRIPTION,QUOTEID,CONTRACTNUMBER,TRACEINFO,EXTERNALREFERENCEPROPERTY,RESPONE_TYPE) values ('0','Transcation Successful','QUOTEBET11707','91007','3257','7656,445,56','S');
--STUB_WIRE_FEE_DEBIT--
delete from STUB_WIRE_FEE_DEBIT where CORR_FEE_ACC in ('1700001','1700010','1700021');
Insert into STUB_WIRE_FEE_DEBIT (PAN_NO,CORR_FEE_ACC,CORR_TRANSIT_NO,APPROVAL_CODE,RESPONSE_CODE,RESPONSE_TYPE) values (1700000000000007,'1700001','00017','1234','000','S');
Insert into STUB_WIRE_FEE_DEBIT (PAN_NO,CORR_FEE_ACC,CORR_TRANSIT_NO,APPROVAL_CODE,RESPONSE_CODE,RESPONSE_TYPE) values (1700000000000006,'1700010','00017','1234','000','S');
Insert into STUB_WIRE_FEE_DEBIT (PAN_NO,CORR_FEE_ACC,CORR_TRANSIT_NO,APPROVAL_CODE,RESPONSE_CODE,RESPONSE_TYPE) values (1700000000000005,'1700021','00017','1234','000','S');
--UMM--Stub_Wiredebit--
delete from Stub_Wiredebit where PAN_NO in ('1700000000000005','1700000000000006','1700000000000007');
Insert into Stub_Wiredebit (PAN_NO,DEBIT_ACC,TRANSIT_NO,APPROVAL_CODE,RESPONSE_CODE,RESPONSE_TYPE) values ('1700000000000005','1700021','00017','1234','000','S');
Insert into Stub_Wiredebit (PAN_NO,DEBIT_ACC,TRANSIT_NO,APPROVAL_CODE,RESPONSE_CODE,RESPONSE_TYPE) values ('1700000000000005','1700022','00017','1234','000','S');
Insert into Stub_Wiredebit (PAN_NO,DEBIT_ACC,TRANSIT_NO,APPROVAL_CODE,RESPONSE_CODE,RESPONSE_TYPE) values ('1700000000000005','1700023','00017','1234','000','S');
Insert into Stub_Wiredebit (PAN_NO,DEBIT_ACC,TRANSIT_NO,APPROVAL_CODE,RESPONSE_CODE,RESPONSE_TYPE) values ('1700000000000005','1700024','00017','1234','000','S');
Insert into Stub_Wiredebit (PAN_NO,DEBIT_ACC,TRANSIT_NO,APPROVAL_CODE,RESPONSE_CODE,RESPONSE_TYPE) values ('1700000000000005','1700025','00017','1234','000','S');
Insert into Stub_Wiredebit (PAN_NO,DEBIT_ACC,TRANSIT_NO,APPROVAL_CODE,RESPONSE_CODE,RESPONSE_TYPE) values ('1700000000000005','1700026','00017','1234','000','S');
Insert into Stub_Wiredebit (PAN_NO,DEBIT_ACC,TRANSIT_NO,APPROVAL_CODE,RESPONSE_CODE,RESPONSE_TYPE) values ('1700000000000005','1700027','00017','1234','000','S');
Insert into Stub_Wiredebit (PAN_NO,DEBIT_ACC,TRANSIT_NO,APPROVAL_CODE,RESPONSE_CODE,RESPONSE_TYPE) values ('1700000000000005','1700028','00017','1234','000','S');
Insert into Stub_Wiredebit (PAN_NO,DEBIT_ACC,TRANSIT_NO,APPROVAL_CODE,RESPONSE_CODE,RESPONSE_TYPE) values ('1700000000000005','1700029','00017','1234','000','S');
Insert into Stub_Wiredebit (PAN_NO,DEBIT_ACC,TRANSIT_NO,APPROVAL_CODE,RESPONSE_CODE,RESPONSE_TYPE) values ('1700000000000005','1700030','00017','1234','000','S');
Insert into Stub_Wiredebit (PAN_NO,DEBIT_ACC,TRANSIT_NO,APPROVAL_CODE,RESPONSE_CODE,RESPONSE_TYPE) values ('1700000000000005','1700031','00017','1234','000','S');
Insert into Stub_Wiredebit (PAN_NO,DEBIT_ACC,TRANSIT_NO,APPROVAL_CODE,RESPONSE_CODE,RESPONSE_TYPE) values ('1700000000000006','1700032','00017','1234','000','S');
Insert into Stub_Wiredebit (PAN_NO,DEBIT_ACC,TRANSIT_NO,APPROVAL_CODE,RESPONSE_CODE,RESPONSE_TYPE) values ('1700000000000006','1700033','00017','1234','000','S');
Insert into Stub_Wiredebit (PAN_NO,DEBIT_ACC,TRANSIT_NO,APPROVAL_CODE,RESPONSE_CODE,RESPONSE_TYPE) values ('1700000000000006','1700034','00017','1234','000','S');
Insert into Stub_Wiredebit (PAN_NO,DEBIT_ACC,TRANSIT_NO,APPROVAL_CODE,RESPONSE_CODE,RESPONSE_TYPE) values ('1700000000000006','1700035','00017','1234','000','S');
Insert into Stub_Wiredebit (PAN_NO,DEBIT_ACC,TRANSIT_NO,APPROVAL_CODE,RESPONSE_CODE,RESPONSE_TYPE) values ('1700000000000006','1700036','00017','1234','000','S');
Insert into Stub_Wiredebit (PAN_NO,DEBIT_ACC,TRANSIT_NO,APPROVAL_CODE,RESPONSE_CODE,RESPONSE_TYPE) values ('1700000000000006','1700037','00017','1234','000','S');
Insert into Stub_Wiredebit (PAN_NO,DEBIT_ACC,TRANSIT_NO,APPROVAL_CODE,RESPONSE_CODE,RESPONSE_TYPE) values ('1700000000000006','1700038','00017','1234','000','S');
Insert into Stub_Wiredebit (PAN_NO,DEBIT_ACC,TRANSIT_NO,APPROVAL_CODE,RESPONSE_CODE,RESPONSE_TYPE) values ('1700000000000006','1700039','00017','1234','000','S');
Insert into Stub_Wiredebit (PAN_NO,DEBIT_ACC,TRANSIT_NO,APPROVAL_CODE,RESPONSE_CODE,RESPONSE_TYPE) values ('1700000000000006','1700040','00017','1234','000','S');
Insert into Stub_Wiredebit (PAN_NO,DEBIT_ACC,TRANSIT_NO,APPROVAL_CODE,RESPONSE_CODE,RESPONSE_TYPE) values ('1700000000000007','1700041','00017','1234','000','S');
Insert into Stub_Wiredebit (PAN_NO,DEBIT_ACC,TRANSIT_NO,APPROVAL_CODE,RESPONSE_CODE,RESPONSE_TYPE) values ('1700000000000007','1700042','00017','1234','000','S');
Insert into Stub_Wiredebit (PAN_NO,DEBIT_ACC,TRANSIT_NO,APPROVAL_CODE,RESPONSE_CODE,RESPONSE_TYPE) values ('1700000000000007','1700043','00017','1234','000','S');
Insert into Stub_Wiredebit (PAN_NO,DEBIT_ACC,TRANSIT_NO,APPROVAL_CODE,RESPONSE_CODE,RESPONSE_TYPE) values ('1700000000000007','1700044','00017','1234','000','S');
Insert into Stub_Wiredebit (PAN_NO,DEBIT_ACC,TRANSIT_NO,APPROVAL_CODE,RESPONSE_CODE,RESPONSE_TYPE) values ('1700000000000007','1700045','00017','1234','000','S');
Insert into Stub_Wiredebit (PAN_NO,DEBIT_ACC,TRANSIT_NO,APPROVAL_CODE,RESPONSE_CODE,RESPONSE_TYPE) values ('1700000000000007','1700046','00017','1234','000','S');
Insert into Stub_Wiredebit (PAN_NO,DEBIT_ACC,TRANSIT_NO,APPROVAL_CODE,RESPONSE_CODE,RESPONSE_TYPE) values ('1700000000000007','1700047','00017','1234','000','S');
Insert into Stub_Wiredebit (PAN_NO,DEBIT_ACC,TRANSIT_NO,APPROVAL_CODE,RESPONSE_CODE,RESPONSE_TYPE) values ('1700000000000007','1700048','00017','1234','000','S');
Insert into Stub_Wiredebit (PAN_NO,DEBIT_ACC,TRANSIT_NO,APPROVAL_CODE,RESPONSE_CODE,RESPONSE_TYPE) values ('1700000000000007','1700049','00017','1234','000','S');
--UMM--STUB_CTR_DEBIT--
delete from STUB_CTR_DEBIT where TO_ACCOUNT in ('3300001');
Insert into STUB_CTR_DEBIT (RESPONSE_CODE,RESPONSE_CODE_DESC,APPROVAL_CODE,FROM_ACCOUNT,TO_ACCOUNT,RESPONSE_TYPE) values ('000','Approved Success','1234','1700021','3300001','S');
Insert into STUB_CTR_DEBIT (RESPONSE_CODE,RESPONSE_CODE_DESC,APPROVAL_CODE,FROM_ACCOUNT,TO_ACCOUNT,RESPONSE_TYPE) values ('000','Approved Success','1234','1700022','3300001','S');
Insert into STUB_CTR_DEBIT (RESPONSE_CODE,RESPONSE_CODE_DESC,APPROVAL_CODE,FROM_ACCOUNT,TO_ACCOUNT,RESPONSE_TYPE) values ('000','Approved Success','1234','1700023','3300001','S');
Insert into STUB_CTR_DEBIT (RESPONSE_CODE,RESPONSE_CODE_DESC,APPROVAL_CODE,FROM_ACCOUNT,TO_ACCOUNT,RESPONSE_TYPE) values ('000','Approved Success','1234','1700024','3300001','S');
Insert into STUB_CTR_DEBIT (RESPONSE_CODE,RESPONSE_CODE_DESC,APPROVAL_CODE,FROM_ACCOUNT,TO_ACCOUNT,RESPONSE_TYPE) values ('000','Approved Success','1234','1700025','3300001','S');
Insert into STUB_CTR_DEBIT (RESPONSE_CODE,RESPONSE_CODE_DESC,APPROVAL_CODE,FROM_ACCOUNT,TO_ACCOUNT,RESPONSE_TYPE) values ('000','Approved Success','1234','1700026','3300001','S');
Insert into STUB_CTR_DEBIT (RESPONSE_CODE,RESPONSE_CODE_DESC,APPROVAL_CODE,FROM_ACCOUNT,TO_ACCOUNT,RESPONSE_TYPE) values ('000','Approved Success','1234','1700027','3300001','S');
Insert into STUB_CTR_DEBIT (RESPONSE_CODE,RESPONSE_CODE_DESC,APPROVAL_CODE,FROM_ACCOUNT,TO_ACCOUNT,RESPONSE_TYPE) values ('000','Approved Success','1234','1700028','3300001','S');
Insert into STUB_CTR_DEBIT (RESPONSE_CODE,RESPONSE_CODE_DESC,APPROVAL_CODE,FROM_ACCOUNT,TO_ACCOUNT,RESPONSE_TYPE) values ('000','Approved Success','1234','1700029','3300001','S');
Insert into STUB_CTR_DEBIT (RESPONSE_CODE,RESPONSE_CODE_DESC,APPROVAL_CODE,FROM_ACCOUNT,TO_ACCOUNT,RESPONSE_TYPE) values ('000','Approved Success','1234','1700030','3300001','S');
Insert into STUB_CTR_DEBIT (RESPONSE_CODE,RESPONSE_CODE_DESC,APPROVAL_CODE,FROM_ACCOUNT,TO_ACCOUNT,RESPONSE_TYPE) values ('000','Approved Success','1234','1700031','3300001','S');
Insert into STUB_CTR_DEBIT (RESPONSE_CODE,RESPONSE_CODE_DESC,APPROVAL_CODE,FROM_ACCOUNT,TO_ACCOUNT,RESPONSE_TYPE) values ('000','Approved Success','1234','1700032','3300001','S');
Insert into STUB_CTR_DEBIT (RESPONSE_CODE,RESPONSE_CODE_DESC,APPROVAL_CODE,FROM_ACCOUNT,TO_ACCOUNT,RESPONSE_TYPE) values ('000','Approved Success','1234','1700033','3300001','S');
Insert into STUB_CTR_DEBIT (RESPONSE_CODE,RESPONSE_CODE_DESC,APPROVAL_CODE,FROM_ACCOUNT,TO_ACCOUNT,RESPONSE_TYPE) values ('000','Approved Success','1234','1700034','3300001','S');
Insert into STUB_CTR_DEBIT (RESPONSE_CODE,RESPONSE_CODE_DESC,APPROVAL_CODE,FROM_ACCOUNT,TO_ACCOUNT,RESPONSE_TYPE) values ('000','Approved Success','1234','1700035','3300001','S');
Insert into STUB_CTR_DEBIT (RESPONSE_CODE,RESPONSE_CODE_DESC,APPROVAL_CODE,FROM_ACCOUNT,TO_ACCOUNT,RESPONSE_TYPE) values ('000','Approved Success','1234','1700036','3300001','S');
Insert into STUB_CTR_DEBIT (RESPONSE_CODE,RESPONSE_CODE_DESC,APPROVAL_CODE,FROM_ACCOUNT,TO_ACCOUNT,RESPONSE_TYPE) values ('000','Approved Success','1234','1700037','3300001','S');
Insert into STUB_CTR_DEBIT (RESPONSE_CODE,RESPONSE_CODE_DESC,APPROVAL_CODE,FROM_ACCOUNT,TO_ACCOUNT,RESPONSE_TYPE) values ('000','Approved Success','1234','1700038','3300001','S');
Insert into STUB_CTR_DEBIT (RESPONSE_CODE,RESPONSE_CODE_DESC,APPROVAL_CODE,FROM_ACCOUNT,TO_ACCOUNT,RESPONSE_TYPE) values ('000','Approved Success','1234','1700039','3300001','S');
Insert into STUB_CTR_DEBIT (RESPONSE_CODE,RESPONSE_CODE_DESC,APPROVAL_CODE,FROM_ACCOUNT,TO_ACCOUNT,RESPONSE_TYPE) values ('000','Approved Success','1234','1700040','3300001','S');
Insert into STUB_CTR_DEBIT (RESPONSE_CODE,RESPONSE_CODE_DESC,APPROVAL_CODE,FROM_ACCOUNT,TO_ACCOUNT,RESPONSE_TYPE) values ('000','Approved Success','1234','1700041','3300001','S');
Insert into STUB_CTR_DEBIT (RESPONSE_CODE,RESPONSE_CODE_DESC,APPROVAL_CODE,FROM_ACCOUNT,TO_ACCOUNT,RESPONSE_TYPE) values ('000','Approved Success','1234','1700042','3300001','S');
Insert into STUB_CTR_DEBIT (RESPONSE_CODE,RESPONSE_CODE_DESC,APPROVAL_CODE,FROM_ACCOUNT,TO_ACCOUNT,RESPONSE_TYPE) values ('000','Approved Success','1234','1700043','3300001','S');
Insert into STUB_CTR_DEBIT (RESPONSE_CODE,RESPONSE_CODE_DESC,APPROVAL_CODE,FROM_ACCOUNT,TO_ACCOUNT,RESPONSE_TYPE) values ('000','Approved Success','1234','1700044','3300001','S');
Insert into STUB_CTR_DEBIT (RESPONSE_CODE,RESPONSE_CODE_DESC,APPROVAL_CODE,FROM_ACCOUNT,TO_ACCOUNT,RESPONSE_TYPE) values ('000','Approved Success','1234','1700045','3300001','S');
Insert into STUB_CTR_DEBIT (RESPONSE_CODE,RESPONSE_CODE_DESC,APPROVAL_CODE,FROM_ACCOUNT,TO_ACCOUNT,RESPONSE_TYPE) values ('000','Approved Success','1234','1700046','3300001','S');
Insert into STUB_CTR_DEBIT (RESPONSE_CODE,RESPONSE_CODE_DESC,APPROVAL_CODE,FROM_ACCOUNT,TO_ACCOUNT,RESPONSE_TYPE) values ('000','Approved Success','1234','1700047','3300001','S');
Insert into STUB_CTR_DEBIT (RESPONSE_CODE,RESPONSE_CODE_DESC,APPROVAL_CODE,FROM_ACCOUNT,TO_ACCOUNT,RESPONSE_TYPE) values ('000','Approved Success','1234','1700048','3300001','S');
Insert into STUB_CTR_DEBIT (RESPONSE_CODE,RESPONSE_CODE_DESC,APPROVAL_CODE,FROM_ACCOUNT,TO_ACCOUNT,RESPONSE_TYPE) values ('000','Approved Success','1234','1700049','3300001','S');
--UMM--STUB_EMTDEBIT
select * from STUB_EMTDEBIT
where PAN_NO in ('1700000000000001', '1700000000000002', '1700000000000003','1700000000000004' ,'1700000000000005','1700000000000006', '1700000000000007');
delete from STUB_EMTDEBIT where PAN_NO in ('1700000000000001','1700000000000002','1700000000000003','1700000000000004','1700000000000005','1700000000000006','1700000000000007');
Insert into STUB_EMTDEBIT (PAN_NO,DEBIT_ACC,TRANSIT_NO,APPROVAL_CODE,RESPONSE_CODE,RESPONSE_TYPE) values (1700000000000001,'1700001','00017','1234','000','S');
Insert into STUB_EMTDEBIT (PAN_NO,DEBIT_ACC,TRANSIT_NO,APPROVAL_CODE,RESPONSE_CODE,RESPONSE_TYPE) values (1700000000000001,'1700002','00017','1234','000','S');
Insert into STUB_EMTDEBIT (PAN_NO,DEBIT_ACC,TRANSIT_NO,APPROVAL_CODE,RESPONSE_CODE,RESPONSE_TYPE) values (1700000000000001,'1700003','00017','1234','000','S');
Insert into STUB_EMTDEBIT (PAN_NO,DEBIT_ACC,TRANSIT_NO,APPROVAL_CODE,RESPONSE_CODE,RESPONSE_TYPE) values (1700000000000001,'1700004','00017','1234','000','S');
Insert into STUB_EMTDEBIT (PAN_NO,DEBIT_ACC,TRANSIT_NO,APPROVAL_CODE,RESPONSE_CODE,RESPONSE_TYPE) values (1700000000000001,'1700005','00017','1234','000','S');
Insert into STUB_EMTDEBIT (PAN_NO,DEBIT_ACC,TRANSIT_NO,APPROVAL_CODE,RESPONSE_CODE,RESPONSE_TYPE) values (1700000000000002,'1700006','00017','1234','000','S');
Insert into STUB_EMTDEBIT (PAN_NO,DEBIT_ACC,TRANSIT_NO,APPROVAL_CODE,RESPONSE_CODE,RESPONSE_TYPE) values (1700000000000002,'1700007','00017','1234','000','S');
Insert into STUB_EMTDEBIT (PAN_NO,DEBIT_ACC,TRANSIT_NO,APPROVAL_CODE,RESPONSE_CODE,RESPONSE_TYPE) values (1700000000000002,'1700008','00017','1234','000','S');
Insert into STUB_EMTDEBIT (PAN_NO,DEBIT_ACC,TRANSIT_NO,APPROVAL_CODE,RESPONSE_CODE,RESPONSE_TYPE) values (1700000000000002,'1700009','00017','1234','000','S');
Insert into STUB_EMTDEBIT (PAN_NO,DEBIT_ACC,TRANSIT_NO,APPROVAL_CODE,RESPONSE_CODE,RESPONSE_TYPE) values (1700000000000002,'1700010','00017','1234','000','S');
Insert into STUB_EMTDEBIT (PAN_NO,DEBIT_ACC,TRANSIT_NO,APPROVAL_CODE,RESPONSE_CODE,RESPONSE_TYPE) values (1700000000000003,'1700011','00017','1234','000','S');
Insert into STUB_EMTDEBIT (PAN_NO,DEBIT_ACC,TRANSIT_NO,APPROVAL_CODE,RESPONSE_CODE,RESPONSE_TYPE) values (1700000000000003,'1700012','00017','1234','000','S');
Insert into STUB_EMTDEBIT (PAN_NO,DEBIT_ACC,TRANSIT_NO,APPROVAL_CODE,RESPONSE_CODE,RESPONSE_TYPE) values (1700000000000003,'1700013','00017','1234','000','S');
Insert into STUB_EMTDEBIT (PAN_NO,DEBIT_ACC,TRANSIT_NO,APPROVAL_CODE,RESPONSE_CODE,RESPONSE_TYPE) values (1700000000000003,'1700014','00017','1234','000','S');
Insert into STUB_EMTDEBIT (PAN_NO,DEBIT_ACC,TRANSIT_NO,APPROVAL_CODE,RESPONSE_CODE,RESPONSE_TYPE) values (1700000000000003,'1700015','00017','1234','000','S');
Insert into STUB_EMTDEBIT (PAN_NO,DEBIT_ACC,TRANSIT_NO,APPROVAL_CODE,RESPONSE_CODE,RESPONSE_TYPE) values (1700000000000004,'1700016','00017','1234','000','S');
Insert into STUB_EMTDEBIT (PAN_NO,DEBIT_ACC,TRANSIT_NO,APPROVAL_CODE,RESPONSE_CODE,RESPONSE_TYPE) values (1700000000000004,'1700017','00017','1234','000','S');
Insert into STUB_EMTDEBIT (PAN_NO,DEBIT_ACC,TRANSIT_NO,APPROVAL_CODE,RESPONSE_CODE,RESPONSE_TYPE) values (1700000000000004,'1700018','00017','1234','000','S');
Insert into STUB_EMTDEBIT (PAN_NO,DEBIT_ACC,TRANSIT_NO,APPROVAL_CODE,RESPONSE_CODE,RESPONSE_TYPE) values (1700000000000004,'1700019','00017','1234','000','S');
Insert into STUB_EMTDEBIT (PAN_NO,DEBIT_ACC,TRANSIT_NO,APPROVAL_CODE,RESPONSE_CODE,RESPONSE_TYPE) values (1700000000000004,'1700020','00017','1234','000','S');
Insert into STUB_EMTDEBIT (PAN_NO,DEBIT_ACC,TRANSIT_NO,APPROVAL_CODE,RESPONSE_CODE,RESPONSE_TYPE) values (1700000000000005,'1700021','00017','1234','000','S');
Insert into STUB_EMTDEBIT (PAN_NO,DEBIT_ACC,TRANSIT_NO,APPROVAL_CODE,RESPONSE_CODE,RESPONSE_TYPE) values (1700000000000005,'1700022','00017','1234','000','S');
Insert into STUB_EMTDEBIT (PAN_NO,DEBIT_ACC,TRANSIT_NO,APPROVAL_CODE,RESPONSE_CODE,RESPONSE_TYPE) values (1700000000000005,'1700023','00017','1234','000','S');
Insert into STUB_EMTDEBIT (PAN_NO,DEBIT_ACC,TRANSIT_NO,APPROVAL_CODE,RESPONSE_CODE,RESPONSE_TYPE) values (1700000000000005,'1700024','00017','1234','000','S');
Insert into STUB_EMTDEBIT (PAN_NO,DEBIT_ACC,TRANSIT_NO,APPROVAL_CODE,RESPONSE_CODE,RESPONSE_TYPE) values (1700000000000005,'1700025','00017','1234','000','S');
Insert into STUB_EMTDEBIT (PAN_NO,DEBIT_ACC,TRANSIT_NO,APPROVAL_CODE,RESPONSE_CODE,RESPONSE_TYPE) values (1700000000000005,'1700026','00017','1234','000','S');
Insert into STUB_EMTDEBIT (PAN_NO,DEBIT_ACC,TRANSIT_NO,APPROVAL_CODE,RESPONSE_CODE,RESPONSE_TYPE) values (1700000000000005,'1700027','00017','1234','000','S');
Insert into STUB_EMTDEBIT (PAN_NO,DEBIT_ACC,TRANSIT_NO,APPROVAL_CODE,RESPONSE_CODE,RESPONSE_TYPE) values (1700000000000005,'1700028','00017','1234','000','S');
Insert into STUB_EMTDEBIT (PAN_NO,DEBIT_ACC,TRANSIT_NO,APPROVAL_CODE,RESPONSE_CODE,RESPONSE_TYPE) values (1700000000000005,'1700029','00017','1234','000','S');
Insert into STUB_EMTDEBIT (PAN_NO,DEBIT_ACC,TRANSIT_NO,APPROVAL_CODE,RESPONSE_CODE,RESPONSE_TYPE) values (1700000000000005,'1700030','00017','1234','000','S');
Insert into STUB_EMTDEBIT (PAN_NO,DEBIT_ACC,TRANSIT_NO,APPROVAL_CODE,RESPONSE_CODE,RESPONSE_TYPE) values (1700000000000005,'1700031','00017','1234','000','S');
Insert into STUB_EMTDEBIT (PAN_NO,DEBIT_ACC,TRANSIT_NO,APPROVAL_CODE,RESPONSE_CODE,RESPONSE_TYPE) values (1700000000000006,'1700032','00017','1234','000','S');
Insert into STUB_EMTDEBIT (PAN_NO,DEBIT_ACC,TRANSIT_NO,APPROVAL_CODE,RESPONSE_CODE,RESPONSE_TYPE) values (1700000000000006,'1700033','00017','1234','000','S');
Insert into STUB_EMTDEBIT (PAN_NO,DEBIT_ACC,TRANSIT_NO,APPROVAL_CODE,RESPONSE_CODE,RESPONSE_TYPE) values (1700000000000006,'1700034','00017','1234','000','S');
Insert into STUB_EMTDEBIT (PAN_NO,DEBIT_ACC,TRANSIT_NO,APPROVAL_CODE,RESPONSE_CODE,RESPONSE_TYPE) values (1700000000000006,'1700035','00017','1234','000','S');
Insert into STUB_EMTDEBIT (PAN_NO,DEBIT_ACC,TRANSIT_NO,APPROVAL_CODE,RESPONSE_CODE,RESPONSE_TYPE) values (1700000000000006,'1700036','00017','1234','000','S');
Insert into STUB_EMTDEBIT (PAN_NO,DEBIT_ACC,TRANSIT_NO,APPROVAL_CODE,RESPONSE_CODE,RESPONSE_TYPE) values (1700000000000006,'1700037','00017','1234','000','S');
Insert into STUB_EMTDEBIT (PAN_NO,DEBIT_ACC,TRANSIT_NO,APPROVAL_CODE,RESPONSE_CODE,RESPONSE_TYPE) values (1700000000000006,'1700038','00017','1234','000','S');
Insert into STUB_EMTDEBIT (PAN_NO,DEBIT_ACC,TRANSIT_NO,APPROVAL_CODE,RESPONSE_CODE,RESPONSE_TYPE) values (1700000000000006,'1700039','00017','1234','000','S');
Insert into STUB_EMTDEBIT (PAN_NO,DEBIT_ACC,TRANSIT_NO,APPROVAL_CODE,RESPONSE_CODE,RESPONSE_TYPE) values (1700000000000006,'1700040','00017','1234','000','S');
Insert into STUB_EMTDEBIT (PAN_NO,DEBIT_ACC,TRANSIT_NO,APPROVAL_CODE,RESPONSE_CODE,RESPONSE_TYPE) values (1700000000000007,'1700041','00017','1234','000','S');
Insert into STUB_EMTDEBIT (PAN_NO,DEBIT_ACC,TRANSIT_NO,APPROVAL_CODE,RESPONSE_CODE,RESPONSE_TYPE) values (1700000000000007,'1700042','00017','1234','000','S');
Insert into STUB_EMTDEBIT (PAN_NO,DEBIT_ACC,TRANSIT_NO,APPROVAL_CODE,RESPONSE_CODE,RESPONSE_TYPE) values (1700000000000007,'1700043','00017','1234','000','S');
Insert into STUB_EMTDEBIT (PAN_NO,DEBIT_ACC,TRANSIT_NO,APPROVAL_CODE,RESPONSE_CODE,RESPONSE_TYPE) values (1700000000000007,'1700044','00017','1234','000','S');
Insert into STUB_EMTDEBIT (PAN_NO,DEBIT_ACC,TRANSIT_NO,APPROVAL_CODE,RESPONSE_CODE,RESPONSE_TYPE) values (1700000000000007,'1700045','00017','1234','000','S');
Insert into STUB_EMTDEBIT (PAN_NO,DEBIT_ACC,TRANSIT_NO,APPROVAL_CODE,RESPONSE_CODE,RESPONSE_TYPE) values (1700000000000007,'1700046','00017','1234','000','S');
Insert into STUB_EMTDEBIT (PAN_NO,DEBIT_ACC,TRANSIT_NO,APPROVAL_CODE,RESPONSE_CODE,RESPONSE_TYPE) values (1700000000000007,'1700047','00017','1234','000','S');
Insert into STUB_EMTDEBIT (PAN_NO,DEBIT_ACC,TRANSIT_NO,APPROVAL_CODE,RESPONSE_CODE,RESPONSE_TYPE) values (1700000000000007,'1700048','00017','1234','000','S');
COMMIT;

Delete from AUT_PREBV_LHS where testcaseid like ('BET_BVM_SC%');
REM INSERTING into AUT_PREBV_LHS
SET DEFINE OFF;
Insert into AUT_PREBV_LHS (TESTCASEID,TASKID,QUEUEID,TRN_STATUS_CODE,CUST_REF_NUM,INT_EX_CODE,INT_EX_DESC,EXT_EX_CODE,EXT_EX_DESC,EX_KEY) values ('BET_BVM_SC027',71126,60921,'TXSETL','BULK0127',null,null,null,null,0);
Insert into AUT_PREBV_LHS (TESTCASEID,TASKID,QUEUEID,TRN_STATUS_CODE,CUST_REF_NUM,INT_EX_CODE,INT_EX_DESC,EXT_EX_CODE,EXT_EX_DESC,EX_KEY) values ('BET_BVM_SC027',71126,60922,'TXSETL','BULK0128',null,null,null,null,0);
Insert into AUT_PREBV_LHS (TESTCASEID,TASKID,QUEUEID,TRN_STATUS_CODE,CUST_REF_NUM,INT_EX_CODE,INT_EX_DESC,EXT_EX_CODE,EXT_EX_DESC,EX_KEY) values ('BET_BVM_SC027',71126,61182,'TXPRNT','BULK0129',null,null,null,null,0);
Insert into AUT_PREBV_LHS (TESTCASEID,TASKID,QUEUEID,TRN_STATUS_CODE,CUST_REF_NUM,INT_EX_CODE,INT_EX_DESC,EXT_EX_CODE,EXT_EX_DESC,EX_KEY) values ('BET_BVM_SC027',409,61131,'TXREJE','BULK0130','ERR_TXN_PROP_001','Processing Options are not specified in the Proper Code value Format','NARR','Processing Options not specified in Proper Code value Format',0);
Insert into AUT_PREBV_LHS (TESTCASEID,TASKID,QUEUEID,TRN_STATUS_CODE,CUST_REF_NUM,INT_EX_CODE,INT_EX_DESC,EXT_EX_CODE,EXT_EX_DESC,EX_KEY) values ('BET_BVM_SC007',409,61131,'TXREJE','BULK0052','ERR_TXN_PROP_005','Value for Processing Option CANC-PERIOD is not valid','NARR','Value for CANC-PERIOD is not valid',0);
Insert into AUT_PREBV_LHS (TESTCASEID,TASKID,QUEUEID,TRN_STATUS_CODE,CUST_REF_NUM,INT_EX_CODE,INT_EX_DESC,EXT_EX_CODE,EXT_EX_DESC,EX_KEY) values ('BET_BVM_SC008',71126,61188,'TXSETL','BULK0053',null,null,null,null,0);
Insert into AUT_PREBV_LHS (TESTCASEID,TASKID,QUEUEID,TRN_STATUS_CODE,CUST_REF_NUM,INT_EX_CODE,INT_EX_DESC,EXT_EX_CODE,EXT_EX_DESC,EX_KEY) values ('BET_BVM_SC008',71126,61188,'TXSETL','BULK0054',null,null,null,null,0);
Insert into AUT_PREBV_LHS (TESTCASEID,TASKID,QUEUEID,TRN_STATUS_CODE,CUST_REF_NUM,INT_EX_CODE,INT_EX_DESC,EXT_EX_CODE,EXT_EX_DESC,EX_KEY) values ('BET_BVM_SC008',71126,61188,'TXSETL','BULK0055',null,null,null,null,0);
Insert into AUT_PREBV_LHS (TESTCASEID,TASKID,QUEUEID,TRN_STATUS_CODE,CUST_REF_NUM,INT_EX_CODE,INT_EX_DESC,EXT_EX_CODE,EXT_EX_DESC,EX_KEY) values ('BET_BVM_SC008',409,61131,'TXREJE','BULK0056','ERR_TXN_PROP_006','Value for Processing Option RECP-RMND-FREQ is not valid','NARR','Value for RECP-RMND-FREQ is not valid',0);
Insert into AUT_PREBV_LHS (TESTCASEID,TASKID,QUEUEID,TRN_STATUS_CODE,CUST_REF_NUM,INT_EX_CODE,INT_EX_DESC,EXT_EX_CODE,EXT_EX_DESC,EX_KEY) values ('BET_BVM_SC008',409,61131,'TXREJE','BULK0057','ERR_TXN_PROP_006','Value for Processing Option RECP-RMND-FREQ is not valid','NARR','Value for RECP-RMND-FREQ is not valid',0);
Insert into AUT_PREBV_LHS (TESTCASEID,TASKID,QUEUEID,TRN_STATUS_CODE,CUST_REF_NUM,INT_EX_CODE,INT_EX_DESC,EXT_EX_CODE,EXT_EX_DESC,EX_KEY) values ('BET_BVM_SC008',409,61131,'TXREJE','BULK0058','ERR_TXN_PROP_006','Value for Processing Option RECP-RMND-FREQ is not valid','NARR','Value for RECP-RMND-FREQ is not valid',0);
Insert into AUT_PREBV_LHS (TESTCASEID,TASKID,QUEUEID,TRN_STATUS_CODE,CUST_REF_NUM,INT_EX_CODE,INT_EX_DESC,EXT_EX_CODE,EXT_EX_DESC,EX_KEY) values ('BET_BVM_SC008',409,61131,'TXREJE','BULK0059','ERR_TXN_PROP_006','Value for Processing Option RECP-RMND-FREQ is not valid','NARR','Value for RECP-RMND-FREQ is not valid',0);
Insert into AUT_PREBV_LHS (TESTCASEID,TASKID,QUEUEID,TRN_STATUS_CODE,CUST_REF_NUM,INT_EX_CODE,INT_EX_DESC,EXT_EX_CODE,EXT_EX_DESC,EX_KEY) values ('BET_BVM_SC008',409,61131,'TXREJE','BULK0060','ERR_TXN_PROP_006','Value for Processing Option RECP-RMND-FREQ is not valid','NARR','Value for RECP-RMND-FREQ is not valid',0);
Insert into AUT_PREBV_LHS (TESTCASEID,TASKID,QUEUEID,TRN_STATUS_CODE,CUST_REF_NUM,INT_EX_CODE,INT_EX_DESC,EXT_EX_CODE,EXT_EX_DESC,EX_KEY) values ('BET_BVM_SC009',71126,61188,'TXSETL','BULK0061',null,null,null,null,0);
Insert into AUT_PREBV_LHS (TESTCASEID,TASKID,QUEUEID,TRN_STATUS_CODE,CUST_REF_NUM,INT_EX_CODE,INT_EX_DESC,EXT_EX_CODE,EXT_EX_DESC,EX_KEY) values ('BET_BVM_SC009',71126,61188,'TXSETL','BULK0062',null,null,null,null,0);
Insert into AUT_PREBV_LHS (TESTCASEID,TASKID,QUEUEID,TRN_STATUS_CODE,CUST_REF_NUM,INT_EX_CODE,INT_EX_DESC,EXT_EX_CODE,EXT_EX_DESC,EX_KEY) values ('BET_BVM_SC009',409,61131,'TXREJE','BULK0063','ERR_TXN_PROP_007','Value for Processing Option RECP-RMND-MXCOUNT is not valid','NARR','Value for RECP-RMND-MXCOUNT is not valid',0);
Insert into AUT_PREBV_LHS (TESTCASEID,TASKID,QUEUEID,TRN_STATUS_CODE,CUST_REF_NUM,INT_EX_CODE,INT_EX_DESC,EXT_EX_CODE,EXT_EX_DESC,EX_KEY) values ('BET_BVM_SC009',409,61131,'TXREJE','BULK0064','ERR_TXN_PROP_007','Value for Processing Option RECP-RMND-MXCOUNT is not valid','NARR','Value for RECP-RMND-MXCOUNT is not valid',0);
Insert into AUT_PREBV_LHS (TESTCASEID,TASKID,QUEUEID,TRN_STATUS_CODE,CUST_REF_NUM,INT_EX_CODE,INT_EX_DESC,EXT_EX_CODE,EXT_EX_DESC,EX_KEY) values ('BET_BVM_SC009',409,61131,'TXREJE','BULK0065','ERR_TXN_PROP_007','Value for Processing Option RECP-RMND-MXCOUNT is not valid','NARR','Value for RECP-RMND-MXCOUNT is not valid',0);
Insert into AUT_PREBV_LHS (TESTCASEID,TASKID,QUEUEID,TRN_STATUS_CODE,CUST_REF_NUM,INT_EX_CODE,INT_EX_DESC,EXT_EX_CODE,EXT_EX_DESC,EX_KEY) values ('BET_BVM_SC009',409,61131,'TXREJE','BULK0066','ERR_TXN_PROP_007','Value for Processing Option RECP-RMND-MXCOUNT is not valid','NARR','Value for RECP-RMND-MXCOUNT is not valid',0);
Insert into AUT_PREBV_LHS (TESTCASEID,TASKID,QUEUEID,TRN_STATUS_CODE,CUST_REF_NUM,INT_EX_CODE,INT_EX_DESC,EXT_EX_CODE,EXT_EX_DESC,EX_KEY) values ('BET_BVM_SC010',409,61131,'TXREJE','BULK0067','ERR_TXN_BETMV_002','Beneficiary email address is in incorrect format','NARR','Beneficiary email format is incorrect',0);
Insert into AUT_PREBV_LHS (TESTCASEID,TASKID,QUEUEID,TRN_STATUS_CODE,CUST_REF_NUM,INT_EX_CODE,INT_EX_DESC,EXT_EX_CODE,EXT_EX_DESC,EX_KEY) values ('BET_BVM_SC010',409,61131,'TXREJE','BULK0068','ERR_TXN_BETMV_002','Beneficiary email address is in incorrect format','NARR','Beneficiary email format is incorrect',0);
Insert into AUT_PREBV_LHS (TESTCASEID,TASKID,QUEUEID,TRN_STATUS_CODE,CUST_REF_NUM,INT_EX_CODE,INT_EX_DESC,EXT_EX_CODE,EXT_EX_DESC,EX_KEY) values ('BET_BVM_SC010',409,61131,'TXREJE','BULK0069','ERR_TXN_BETMV_002','Beneficiary email address is in incorrect format','NARR','Beneficiary email format is incorrect',0);
Insert into AUT_PREBV_LHS (TESTCASEID,TASKID,QUEUEID,TRN_STATUS_CODE,CUST_REF_NUM,INT_EX_CODE,INT_EX_DESC,EXT_EX_CODE,EXT_EX_DESC,EX_KEY) values ('BET_BVM_SC010',409,61131,'TXREJE','BULK0070','ERR_TXN_BETMV_002','Beneficiary email address is in incorrect format','NARR','Beneficiary email format is incorrect',0);
Insert into AUT_PREBV_LHS (TESTCASEID,TASKID,QUEUEID,TRN_STATUS_CODE,CUST_REF_NUM,INT_EX_CODE,INT_EX_DESC,EXT_EX_CODE,EXT_EX_DESC,EX_KEY) values ('BET_BVM_SC010',71126,61188,'TXSETL','BULK0071',null,null,null,null,0);
Insert into AUT_PREBV_LHS (TESTCASEID,TASKID,QUEUEID,TRN_STATUS_CODE,CUST_REF_NUM,INT_EX_CODE,INT_EX_DESC,EXT_EX_CODE,EXT_EX_DESC,EX_KEY) values ('BET_BVM_SC010',71126,61188,'TXSETL','BULK0072',null,null,null,null,0);
Insert into AUT_PREBV_LHS (TESTCASEID,TASKID,QUEUEID,TRN_STATUS_CODE,CUST_REF_NUM,INT_EX_CODE,INT_EX_DESC,EXT_EX_CODE,EXT_EX_DESC,EX_KEY) values ('BET_BVM_SC011',71126,61188,'TXSETL','BULK0076',null,null,null,null,0);
Insert into AUT_PREBV_LHS (TESTCASEID,TASKID,QUEUEID,TRN_STATUS_CODE,CUST_REF_NUM,INT_EX_CODE,INT_EX_DESC,EXT_EX_CODE,EXT_EX_DESC,EX_KEY) values ('BET_BVM_SC011',71126,61188,'TXSETL','BULK0077',null,null,null,null,0);
Insert into AUT_PREBV_LHS (TESTCASEID,TASKID,QUEUEID,TRN_STATUS_CODE,CUST_REF_NUM,INT_EX_CODE,INT_EX_DESC,EXT_EX_CODE,EXT_EX_DESC,EX_KEY) values ('BET_BVM_SC011',71126,61188,'TXSETL','BULK0078',null,null,null,null,0);
Insert into AUT_PREBV_LHS (TESTCASEID,TASKID,QUEUEID,TRN_STATUS_CODE,CUST_REF_NUM,INT_EX_CODE,INT_EX_DESC,EXT_EX_CODE,EXT_EX_DESC,EX_KEY) values ('BET_BVM_SC011',71126,61188,'TXSETL','BULK0079',null,null,null,null,0);
Insert into AUT_PREBV_LHS (TESTCASEID,TASKID,QUEUEID,TRN_STATUS_CODE,CUST_REF_NUM,INT_EX_CODE,INT_EX_DESC,EXT_EX_CODE,EXT_EX_DESC,EX_KEY) values ('BET_BVM_SC011',71126,61188,'TXSETL','BULK0080',null,null,null,null,0);
Insert into AUT_PREBV_LHS (TESTCASEID,TASKID,QUEUEID,TRN_STATUS_CODE,CUST_REF_NUM,INT_EX_CODE,INT_EX_DESC,EXT_EX_CODE,EXT_EX_DESC,EX_KEY) values ('BET_BVM_SC011',71126,61188,'TXSETL','BULK0081',null,null,null,null,0);
Insert into AUT_PREBV_LHS (TESTCASEID,TASKID,QUEUEID,TRN_STATUS_CODE,CUST_REF_NUM,INT_EX_CODE,INT_EX_DESC,EXT_EX_CODE,EXT_EX_DESC,EX_KEY) values ('BET_BVM_SC011',409,61131,'TXREJE','BULK0082','ERR_TXN_BETMV_003','Beneficiary Phone Number is in incorrect format','NARR','Beneficiary Phone number format is incorrect',0);
Insert into AUT_PREBV_LHS (TESTCASEID,TASKID,QUEUEID,TRN_STATUS_CODE,CUST_REF_NUM,INT_EX_CODE,INT_EX_DESC,EXT_EX_CODE,EXT_EX_DESC,EX_KEY) values ('BET_BVM_SC011',409,61131,'TXREJE','BULK0083','ERR_TXN_BETMV_003','Beneficiary Phone Number is in incorrect format','NARR','Beneficiary Phone number format is incorrect',0);
Insert into AUT_PREBV_LHS (TESTCASEID,TASKID,QUEUEID,TRN_STATUS_CODE,CUST_REF_NUM,INT_EX_CODE,INT_EX_DESC,EXT_EX_CODE,EXT_EX_DESC,EX_KEY) values ('BET_BVM_SC011',409,61131,'TXREJE','BULK0084','ERR_TXN_BETMV_003','Beneficiary Phone Number is in incorrect format','NARR','Beneficiary Phone number format is incorrect',0);
Insert into AUT_PREBV_LHS (TESTCASEID,TASKID,QUEUEID,TRN_STATUS_CODE,CUST_REF_NUM,INT_EX_CODE,INT_EX_DESC,EXT_EX_CODE,EXT_EX_DESC,EX_KEY) values ('BET_BVM_SC012',71126,61188,'TXSETL','BULK0088',null,null,null,null,0);
Insert into AUT_PREBV_LHS (TESTCASEID,TASKID,QUEUEID,TRN_STATUS_CODE,CUST_REF_NUM,INT_EX_CODE,INT_EX_DESC,EXT_EX_CODE,EXT_EX_DESC,EX_KEY) values ('BET_BVM_SC012',71126,61188,'TXSETL','BULK0089',null,null,null,null,0);
Insert into AUT_PREBV_LHS (TESTCASEID,TASKID,QUEUEID,TRN_STATUS_CODE,CUST_REF_NUM,INT_EX_CODE,INT_EX_DESC,EXT_EX_CODE,EXT_EX_DESC,EX_KEY) values ('BET_BVM_SC012',409,61131,'TXREJE','BULK0090','ERR_TXN_BETMV_008','Value for Contact Language Preference is invalid','NARR','Contact Language Preference is invalid',0);
Insert into AUT_PREBV_LHS (TESTCASEID,TASKID,QUEUEID,TRN_STATUS_CODE,CUST_REF_NUM,INT_EX_CODE,INT_EX_DESC,EXT_EX_CODE,EXT_EX_DESC,EX_KEY) values ('BET_BVM_SC012',409,61131,'TXREJE','BULK0091','ERR_TXN_BETMV_008','Value for Contact Language Preference is invalid','NARR','Contact Language Preference is invalid',0);
Insert into AUT_PREBV_LHS (TESTCASEID,TASKID,QUEUEID,TRN_STATUS_CODE,CUST_REF_NUM,INT_EX_CODE,INT_EX_DESC,EXT_EX_CODE,EXT_EX_DESC,EX_KEY) values ('BET_BVM_SC013',409,61131,'TXREJE','BULK0094','ERR_TXN_BETMV_001','Either Beneficiary email address or Beneficiary Phone Number should be present','NARR','Beneficiary email or Phone should be present',0);
Insert into AUT_PREBV_LHS (TESTCASEID,TASKID,QUEUEID,TRN_STATUS_CODE,CUST_REF_NUM,INT_EX_CODE,INT_EX_DESC,EXT_EX_CODE,EXT_EX_DESC,EX_KEY) values ('BET_BVM_SC013',71126,61188,'TXSETL','BULK0095',null,null,null,null,0);
Insert into AUT_PREBV_LHS (TESTCASEID,TASKID,QUEUEID,TRN_STATUS_CODE,CUST_REF_NUM,INT_EX_CODE,INT_EX_DESC,EXT_EX_CODE,EXT_EX_DESC,EX_KEY) values ('BET_BVM_SC013',409,61131,'TXREJE','BULK0096','ERR_TXN_BETMV_005','Security question and answer related details missing','NARR','Security question and answer related details missing',0);
Insert into AUT_PREBV_LHS (TESTCASEID,TASKID,QUEUEID,TRN_STATUS_CODE,CUST_REF_NUM,INT_EX_CODE,INT_EX_DESC,EXT_EX_CODE,EXT_EX_DESC,EX_KEY) values ('BET_BVM_SC013',409,61131,'TXREJE','BULK0097','ERR_TXN_BETMV_005','Security question and answer related details missing','NARR','Security question and answer related details missing',0);
Insert into AUT_PREBV_LHS (TESTCASEID,TASKID,QUEUEID,TRN_STATUS_CODE,CUST_REF_NUM,INT_EX_CODE,INT_EX_DESC,EXT_EX_CODE,EXT_EX_DESC,EX_KEY) values ('BET_BVM_SC013',409,61131,'TXREJE','BULK0098','ERR_TXN_BETMV_005','Security question and answer related details missing','NARR','Security question and answer related details missing',0);
Insert into AUT_PREBV_LHS (TESTCASEID,TASKID,QUEUEID,TRN_STATUS_CODE,CUST_REF_NUM,INT_EX_CODE,INT_EX_DESC,EXT_EX_CODE,EXT_EX_DESC,EX_KEY) values ('BET_BVM_SC013',409,61131,'TXREJE','BULK0099','ERR_TXN_BETMV_006','Recipient reminder max count not present','NARR','Recipient reminder max count missing',0);
Insert into AUT_PREBV_LHS (TESTCASEID,TASKID,QUEUEID,TRN_STATUS_CODE,CUST_REF_NUM,INT_EX_CODE,INT_EX_DESC,EXT_EX_CODE,EXT_EX_DESC,EX_KEY) values ('BET_BVM_SC014',71126,61188,'TXSETL','BULK0100',null,null,null,null,0);
Insert into AUT_PREBV_LHS (TESTCASEID,TASKID,QUEUEID,TRN_STATUS_CODE,CUST_REF_NUM,INT_EX_CODE,INT_EX_DESC,EXT_EX_CODE,EXT_EX_DESC,EX_KEY) values ('BET_BVM_SC016',409,489,'TXREJE','BULK0102','ERR_TXN_CUSTPREF_VAL_002','Invalid product type','AG01','Payment Type Not Authorized',0);
Insert into AUT_PREBV_LHS (TESTCASEID,TASKID,QUEUEID,TRN_STATUS_CODE,CUST_REF_NUM,INT_EX_CODE,INT_EX_DESC,EXT_EX_CODE,EXT_EX_DESC,EX_KEY) values ('BET_BVM_SC018',71126,61188,'TXSETL','BULK0104',null,null,null,null,0);
Insert into AUT_PREBV_LHS (TESTCASEID,TASKID,QUEUEID,TRN_STATUS_CODE,CUST_REF_NUM,INT_EX_CODE,INT_EX_DESC,EXT_EX_CODE,EXT_EX_DESC,EX_KEY) values ('BET_BVM_SC018',409,61131,'TXREJE','BULK0105','ERR_TXN_MAXAMT_001','Payment amount exceeds the allowed limit for the payment type','AM14','Amount Exceeds Limit',0);
Insert into AUT_PREBV_LHS (TESTCASEID,TASKID,QUEUEID,TRN_STATUS_CODE,CUST_REF_NUM,INT_EX_CODE,INT_EX_DESC,EXT_EX_CODE,EXT_EX_DESC,EX_KEY) values ('BET_BVM_SC018',409,61131,'TXREJE','BULK0106','ERR_TXN_AMT_VAL_001','Invalid Payment Amount','AM12','Amount Invalid / Missing',0);
Insert into AUT_PREBV_LHS (TESTCASEID,TASKID,QUEUEID,TRN_STATUS_CODE,CUST_REF_NUM,INT_EX_CODE,INT_EX_DESC,EXT_EX_CODE,EXT_EX_DESC,EX_KEY) values ('BET_BVM_SC018',409,61131,'TXREJE','BULK0107','ERR_TXN_ALWD_CCY_001','Only CAD-CAD payments allowed for the payment type','NARR','Only CAD-CAD payments allowed for the payment type',0);
Insert into AUT_PREBV_LHS (TESTCASEID,TASKID,QUEUEID,TRN_STATUS_CODE,CUST_REF_NUM,INT_EX_CODE,INT_EX_DESC,EXT_EX_CODE,EXT_EX_DESC,EX_KEY) values ('BET_BVM_SC019',426,61192,'TXWRHD','BULK0108',null,null,null,null,0);
Insert into AUT_PREBV_LHS (TESTCASEID,TASKID,QUEUEID,TRN_STATUS_CODE,CUST_REF_NUM,INT_EX_CODE,INT_EX_DESC,EXT_EX_CODE,EXT_EX_DESC,EX_KEY) values ('BET_BVM_SC019',409,61131,'TXREJE','BULK0109','ERR_TXN_CALVAL_003','Payment date exceeds future date parameters','CH03','Value Date Exceeds Limit',0);
Insert into AUT_PREBV_LHS (TESTCASEID,TASKID,QUEUEID,TRN_STATUS_CODE,CUST_REF_NUM,INT_EX_CODE,INT_EX_DESC,EXT_EX_CODE,EXT_EX_DESC,EX_KEY) values ('BET_BVM_SC019',409,61131,'TXREJE','BULK0110','ERR_TXN_CALVAL_001','Value date is earlier than the current date','DT03','Invalid Date',0);
Insert into AUT_PREBV_LHS (TESTCASEID,TASKID,QUEUEID,TRN_STATUS_CODE,CUST_REF_NUM,INT_EX_CODE,INT_EX_DESC,EXT_EX_CODE,EXT_EX_DESC,EX_KEY) values ('BET_BVM_SC021',71126,61188,'TXSETL','BULK0112',null,null,null,null,0);
Insert into AUT_PREBV_LHS (TESTCASEID,TASKID,QUEUEID,TRN_STATUS_CODE,CUST_REF_NUM,INT_EX_CODE,INT_EX_DESC,EXT_EX_CODE,EXT_EX_DESC,EX_KEY) values ('BET_BVM_SC022',71126,61188,'TXSETL','BULK0113',null,null,null,null,0);
Insert into AUT_PREBV_LHS (TESTCASEID,TASKID,QUEUEID,TRN_STATUS_CODE,CUST_REF_NUM,INT_EX_CODE,INT_EX_DESC,EXT_EX_CODE,EXT_EX_DESC,EX_KEY) values ('BET_BVM_SC023',409,61131,'TXREJE','BULK0114','ERR_TXN_CUSTPREF_VAL_001','Account is not entitled for Payment Type','AG01','Payment Type Not Authorized',0);
Insert into AUT_PREBV_LHS (TESTCASEID,TASKID,QUEUEID,TRN_STATUS_CODE,CUST_REF_NUM,INT_EX_CODE,INT_EX_DESC,EXT_EX_CODE,EXT_EX_DESC,EX_KEY) values ('BET_BVM_SC024',409,61131,'TXREJE','BULK0115','ERR_TXN_CUSTPREF_VAL_006','Payment received via incorrect file/channel','NARR','Le paiement a été reçu par l’intermédiaire d’un fichier ou d’un canal incorrect',0);
Insert into AUT_PREBV_LHS (TESTCASEID,TASKID,QUEUEID,TRN_STATUS_CODE,CUST_REF_NUM,INT_EX_CODE,INT_EX_DESC,EXT_EX_CODE,EXT_EX_DESC,EX_KEY) values ('BET_BVM_SC025',423,61261,'TXSUSP','BULK0116','ERR_TXN_IWS_001','Timeout for IWS call','NA','NA',0);
Insert into AUT_PREBV_LHS (TESTCASEID,TASKID,QUEUEID,TRN_STATUS_CODE,CUST_REF_NUM,INT_EX_CODE,INT_EX_DESC,EXT_EX_CODE,EXT_EX_DESC,EX_KEY) values ('BET_BVM_SC025',71126,60921,'TXSETL','BULK0117',null,null,null,null,0);
Insert into AUT_PREBV_LHS (TESTCASEID,TASKID,QUEUEID,TRN_STATUS_CODE,CUST_REF_NUM,INT_EX_CODE,INT_EX_DESC,EXT_EX_CODE,EXT_EX_DESC,EX_KEY) values ('BET_BVM_SC025',71126,60922,'TXSETL','BULK0118',null,null,null,null,0);
Insert into AUT_PREBV_LHS (TESTCASEID,TASKID,QUEUEID,TRN_STATUS_CODE,CUST_REF_NUM,INT_EX_CODE,INT_EX_DESC,EXT_EX_CODE,EXT_EX_DESC,EX_KEY) values ('BET_BVM_SC025',71126,61182,'TXPRNT','BULK0119',null,null,null,null,0);
Insert into AUT_PREBV_LHS (TESTCASEID,TASKID,QUEUEID,TRN_STATUS_CODE,CUST_REF_NUM,INT_EX_CODE,INT_EX_DESC,EXT_EX_CODE,EXT_EX_DESC,EX_KEY) values ('BET_BVM_SC026',423,61261,'TXSUSP','BULK0126','ERR_TXN_IWS_001','Timeout for IWS call',null,null,0);
Insert into AUT_PREBV_LHS (TESTCASEID,TASKID,QUEUEID,TRN_STATUS_CODE,CUST_REF_NUM,INT_EX_CODE,INT_EX_DESC,EXT_EX_CODE,EXT_EX_DESC,EX_KEY) values ('BET_BVM_SC026',71126,60921,'TXSETL','BULK0127',null,null,null,null,0);
Insert into AUT_PREBV_LHS (TESTCASEID,TASKID,QUEUEID,TRN_STATUS_CODE,CUST_REF_NUM,INT_EX_CODE,INT_EX_DESC,EXT_EX_CODE,EXT_EX_DESC,EX_KEY) values ('BET_BVM_SC026',71126,60922,'TXSETL','BULK0128',null,null,null,null,0);
Insert into AUT_PREBV_LHS (TESTCASEID,TASKID,QUEUEID,TRN_STATUS_CODE,CUST_REF_NUM,INT_EX_CODE,INT_EX_DESC,EXT_EX_CODE,EXT_EX_DESC,EX_KEY) values ('BET_BVM_SC026',71126,61182,'TXPRNT','BULK0129',null,null,null,null,0);
Insert into AUT_PREBV_LHS (TESTCASEID,TASKID,QUEUEID,TRN_STATUS_CODE,CUST_REF_NUM,INT_EX_CODE,INT_EX_DESC,EXT_EX_CODE,EXT_EX_DESC,EX_KEY) values ('BET_BVM_SC026',409,61131,'TXREJE','BULK0130','ERR_TXN_PROP_001','Processing Options are not specified in the Proper Code value Format',null,null,0);
Insert into AUT_PREBV_LHS (TESTCASEID,TASKID,QUEUEID,TRN_STATUS_CODE,CUST_REF_NUM,INT_EX_CODE,INT_EX_DESC,EXT_EX_CODE,EXT_EX_DESC,EX_KEY) values ('BET_BVM_SC027',423,61261,'TXSUSP','BULK0126','ERR_TXN_IWS_001','Timeout for IWS call','NA','NA',0);
Insert into AUT_PREBV_LHS (TESTCASEID,TASKID,QUEUEID,TRN_STATUS_CODE,CUST_REF_NUM,INT_EX_CODE,INT_EX_DESC,EXT_EX_CODE,EXT_EX_DESC,EX_KEY) values ('BET_BVM_SC001',409,61131,'TXREJE','BULK0001','ERR_TXN_PROP_001','Processing Options are not specified in the Proper Code value Format','NARR','Processing Options not specified in Proper Code value Format',0);
Insert into AUT_PREBV_LHS (TESTCASEID,TASKID,QUEUEID,TRN_STATUS_CODE,CUST_REF_NUM,INT_EX_CODE,INT_EX_DESC,EXT_EX_CODE,EXT_EX_DESC,EX_KEY) values ('BET_BVM_SC001',409,61131,'TXREJE','BULK0002','ERR_TXN_PROP_001','Processing Options are not specified in the Proper Code value Format','NARR','Processing Options not specified in Proper Code value Format',0);
Insert into AUT_PREBV_LHS (TESTCASEID,TASKID,QUEUEID,TRN_STATUS_CODE,CUST_REF_NUM,INT_EX_CODE,INT_EX_DESC,EXT_EX_CODE,EXT_EX_DESC,EX_KEY) values ('BET_BVM_SC001',409,61131,'TXREJE','BULK0003','ERR_TXN_PROP_001','Processing Options are not specified in the Proper Code value Format','NARR','Processing Options not specified in Proper Code value Format',0);
Insert into AUT_PREBV_LHS (TESTCASEID,TASKID,QUEUEID,TRN_STATUS_CODE,CUST_REF_NUM,INT_EX_CODE,INT_EX_DESC,EXT_EX_CODE,EXT_EX_DESC,EX_KEY) values ('BET_BVM_SC001',409,61131,'TXREJE','BULK0004','ERR_TXN_PROP_001','Processing Options are not specified in the Proper Code value Format','NARR','Processing Options not specified in Proper Code value Format',0);
Insert into AUT_PREBV_LHS (TESTCASEID,TASKID,QUEUEID,TRN_STATUS_CODE,CUST_REF_NUM,INT_EX_CODE,INT_EX_DESC,EXT_EX_CODE,EXT_EX_DESC,EX_KEY) values ('BET_BVM_SC001',409,61131,'TXREJE','BULK0005','ERR_TXN_PROP_001','Processing Options are not specified in the Proper Code value Format','NARR','Processing Options not specified in Proper Code value Format',0);
Insert into AUT_PREBV_LHS (TESTCASEID,TASKID,QUEUEID,TRN_STATUS_CODE,CUST_REF_NUM,INT_EX_CODE,INT_EX_DESC,EXT_EX_CODE,EXT_EX_DESC,EX_KEY) values ('BET_BVM_SC001',409,61131,'TXREJE','BULK0006','ERR_TXN_PROP_001','Processing Options are not specified in the Proper Code value Format','NARR','Processing Options not specified in Proper Code value Format',0);
Insert into AUT_PREBV_LHS (TESTCASEID,TASKID,QUEUEID,TRN_STATUS_CODE,CUST_REF_NUM,INT_EX_CODE,INT_EX_DESC,EXT_EX_CODE,EXT_EX_DESC,EX_KEY) values ('BET_BVM_SC001',409,61131,'TXREJE','BULK0007','ERR_TXN_PROP_001','Processing Options are not specified in the Proper Code value Format','NARR','Processing Options not specified in Proper Code value Format',0);
Insert into AUT_PREBV_LHS (TESTCASEID,TASKID,QUEUEID,TRN_STATUS_CODE,CUST_REF_NUM,INT_EX_CODE,INT_EX_DESC,EXT_EX_CODE,EXT_EX_DESC,EX_KEY) values ('BET_BVM_SC001',409,61131,'TXREJE','BULK0008','ERR_TXN_PROP_001','Processing Options are not specified in the Proper Code value Format','NARR','Processing Options not specified in Proper Code value Format',0);
Insert into AUT_PREBV_LHS (TESTCASEID,TASKID,QUEUEID,TRN_STATUS_CODE,CUST_REF_NUM,INT_EX_CODE,INT_EX_DESC,EXT_EX_CODE,EXT_EX_DESC,EX_KEY) values ('BET_BVM_SC002',409,61131,'TXREJE','BULK0009','ERR_TXN_PROP_001','Processing Options are not specified in the Proper Code value Format','NARR','Processing Options not specified in Proper Code value Format',0);
Insert into AUT_PREBV_LHS (TESTCASEID,TASKID,QUEUEID,TRN_STATUS_CODE,CUST_REF_NUM,INT_EX_CODE,INT_EX_DESC,EXT_EX_CODE,EXT_EX_DESC,EX_KEY) values ('BET_BVM_SC002',409,61131,'TXREJE','BULK0010','ERR_TXN_PROP_001','Processing Options are not specified in the Proper Code value Format','NARR','Processing Options not specified in Proper Code value Format',0);
Insert into AUT_PREBV_LHS (TESTCASEID,TASKID,QUEUEID,TRN_STATUS_CODE,CUST_REF_NUM,INT_EX_CODE,INT_EX_DESC,EXT_EX_CODE,EXT_EX_DESC,EX_KEY) values ('BET_BVM_SC002',409,61131,'TXREJE','BULK0011','ERR_TXN_PROP_001','Processing Options are not specified in the Proper Code value Format','NARR','Processing Options not specified in Proper Code value Format',0);
Insert into AUT_PREBV_LHS (TESTCASEID,TASKID,QUEUEID,TRN_STATUS_CODE,CUST_REF_NUM,INT_EX_CODE,INT_EX_DESC,EXT_EX_CODE,EXT_EX_DESC,EX_KEY) values ('BET_BVM_SC002',409,61131,'TXREJE','BULK0012','ERR_TXN_PROP_001','Processing Options are not specified in the Proper Code value Format','NARR','Processing Options not specified in Proper Code value Format',0);
Insert into AUT_PREBV_LHS (TESTCASEID,TASKID,QUEUEID,TRN_STATUS_CODE,CUST_REF_NUM,INT_EX_CODE,INT_EX_DESC,EXT_EX_CODE,EXT_EX_DESC,EX_KEY) values ('BET_BVM_SC002',409,61131,'TXREJE','BULK0013','ERR_TXN_PROP_001','Processing Options are not specified in the Proper Code value Format','NARR','Processing Options not specified in Proper Code value Format',0);
Insert into AUT_PREBV_LHS (TESTCASEID,TASKID,QUEUEID,TRN_STATUS_CODE,CUST_REF_NUM,INT_EX_CODE,INT_EX_DESC,EXT_EX_CODE,EXT_EX_DESC,EX_KEY) values ('BET_BVM_SC002',409,61131,'TXREJE','BULK0014','ERR_TXN_PROP_001','Processing Options are not specified in the Proper Code value Format','NARR','Processing Options not specified in Proper Code value Format',0);
Insert into AUT_PREBV_LHS (TESTCASEID,TASKID,QUEUEID,TRN_STATUS_CODE,CUST_REF_NUM,INT_EX_CODE,INT_EX_DESC,EXT_EX_CODE,EXT_EX_DESC,EX_KEY) values ('BET_BVM_SC002',409,61131,'TXREJE','BULK0015','ERR_TXN_PROP_001','Processing Options are not specified in the Proper Code value Format','NARR','Processing Options not specified in Proper Code value Format',0);
Insert into AUT_PREBV_LHS (TESTCASEID,TASKID,QUEUEID,TRN_STATUS_CODE,CUST_REF_NUM,INT_EX_CODE,INT_EX_DESC,EXT_EX_CODE,EXT_EX_DESC,EX_KEY) values ('BET_BVM_SC002',409,61131,'TXREJE','BULK0016','ERR_TXN_PROP_001','Processing Options are not specified in the Proper Code value Format','NARR','Processing Options not specified in Proper Code value Format',0);
Insert into AUT_PREBV_LHS (TESTCASEID,TASKID,QUEUEID,TRN_STATUS_CODE,CUST_REF_NUM,INT_EX_CODE,INT_EX_DESC,EXT_EX_CODE,EXT_EX_DESC,EX_KEY) values ('BET_BVM_SC003',409,61131,'TXREJE','BULK0017','ERR_TXN_PROP_001','Processing Options are not specified in the Proper Code value Format','NARR','Processing Options not specified in Proper Code value Format',0);
Insert into AUT_PREBV_LHS (TESTCASEID,TASKID,QUEUEID,TRN_STATUS_CODE,CUST_REF_NUM,INT_EX_CODE,INT_EX_DESC,EXT_EX_CODE,EXT_EX_DESC,EX_KEY) values ('BET_BVM_SC003',409,61131,'TXREJE','BULK0018','ERR_TXN_PROP_001','Processing Options are not specified in the Proper Code value Format','NARR','Processing Options not specified in Proper Code value Format',0);
Insert into AUT_PREBV_LHS (TESTCASEID,TASKID,QUEUEID,TRN_STATUS_CODE,CUST_REF_NUM,INT_EX_CODE,INT_EX_DESC,EXT_EX_CODE,EXT_EX_DESC,EX_KEY) values ('BET_BVM_SC003',409,61131,'TXREJE','BULK0019','ERR_TXN_PROP_001','Processing Options are not specified in the Proper Code value Format','NARR','Processing Options not specified in Proper Code value Format',0);
Insert into AUT_PREBV_LHS (TESTCASEID,TASKID,QUEUEID,TRN_STATUS_CODE,CUST_REF_NUM,INT_EX_CODE,INT_EX_DESC,EXT_EX_CODE,EXT_EX_DESC,EX_KEY) values ('BET_BVM_SC003',409,61131,'TXREJE','BULK0020','ERR_TXN_PROP_001','Processing Options are not specified in the Proper Code value Format','NARR','Processing Options not specified in Proper Code value Format',0);
Insert into AUT_PREBV_LHS (TESTCASEID,TASKID,QUEUEID,TRN_STATUS_CODE,CUST_REF_NUM,INT_EX_CODE,INT_EX_DESC,EXT_EX_CODE,EXT_EX_DESC,EX_KEY) values ('BET_BVM_SC003',409,61131,'TXREJE','BULK0021','ERR_TXN_PROP_001','Processing Options are not specified in the Proper Code value Format','NARR','Processing Options not specified in Proper Code value Format',0);
Insert into AUT_PREBV_LHS (TESTCASEID,TASKID,QUEUEID,TRN_STATUS_CODE,CUST_REF_NUM,INT_EX_CODE,INT_EX_DESC,EXT_EX_CODE,EXT_EX_DESC,EX_KEY) values ('BET_BVM_SC003',409,61131,'TXREJE','BULK0022','ERR_TXN_PROP_001','Processing Options are not specified in the Proper Code value Format','NARR','Processing Options not specified in Proper Code value Format',0);
Insert into AUT_PREBV_LHS (TESTCASEID,TASKID,QUEUEID,TRN_STATUS_CODE,CUST_REF_NUM,INT_EX_CODE,INT_EX_DESC,EXT_EX_CODE,EXT_EX_DESC,EX_KEY) values ('BET_BVM_SC003',71126,61188,'TXSETL','BULK0023',null,null,null,null,0);
Insert into AUT_PREBV_LHS (TESTCASEID,TASKID,QUEUEID,TRN_STATUS_CODE,CUST_REF_NUM,INT_EX_CODE,INT_EX_DESC,EXT_EX_CODE,EXT_EX_DESC,EX_KEY) values ('BET_BVM_SC003',409,61131,'TXREJE','BULK0024','ERR_TXN_PROP_001','Processing Options are not specified in the Proper Code value Format','NARR','Processing Options not specified in Proper Code value Format',0);
Insert into AUT_PREBV_LHS (TESTCASEID,TASKID,QUEUEID,TRN_STATUS_CODE,CUST_REF_NUM,INT_EX_CODE,INT_EX_DESC,EXT_EX_CODE,EXT_EX_DESC,EX_KEY) values ('BET_BVM_SC004',409,61131,'TXREJE','BULK0025','ERR_TXN_PROP_002','Value for Processing Option QUESTION is not valid','NARR','Value for QUESTION is not valid',0);
Insert into AUT_PREBV_LHS (TESTCASEID,TASKID,QUEUEID,TRN_STATUS_CODE,CUST_REF_NUM,INT_EX_CODE,INT_EX_DESC,EXT_EX_CODE,EXT_EX_DESC,EX_KEY) values ('BET_BVM_SC004',409,61131,'TXREJE','BULK0026','ERR_TXN_PROP_003','Value for Processing Option ANSWER is not valid','NARR','Value for ANSWER is not valid',0);
Insert into AUT_PREBV_LHS (TESTCASEID,TASKID,QUEUEID,TRN_STATUS_CODE,CUST_REF_NUM,INT_EX_CODE,INT_EX_DESC,EXT_EX_CODE,EXT_EX_DESC,EX_KEY) values ('BET_BVM_SC004',409,61131,'TXREJE','BULK0027','ERR_TXN_PROP_004','Value for Processing Option ANS-HASH-SALT is not valid','NARR','Value for ANS-HASH-SALT is not valid',0);
Insert into AUT_PREBV_LHS (TESTCASEID,TASKID,QUEUEID,TRN_STATUS_CODE,CUST_REF_NUM,INT_EX_CODE,INT_EX_DESC,EXT_EX_CODE,EXT_EX_DESC,EX_KEY) values ('BET_BVM_SC004',409,61131,'TXREJE','BULK0028','ERR_TXN_PROP_005','Value for Processing Option CANC-PERIOD is not valid','NARR','Value for CANC-PERIOD is not valid',0);
Insert into AUT_PREBV_LHS (TESTCASEID,TASKID,QUEUEID,TRN_STATUS_CODE,CUST_REF_NUM,INT_EX_CODE,INT_EX_DESC,EXT_EX_CODE,EXT_EX_DESC,EX_KEY) values ('BET_BVM_SC004',409,61131,'TXREJE','BULK0029','ERR_TXN_PROP_006','Value for Processing Option RECP-RMND-FREQ is not valid','NARR','Value for RECP-RMND-FREQ is not valid',0);
Insert into AUT_PREBV_LHS (TESTCASEID,TASKID,QUEUEID,TRN_STATUS_CODE,CUST_REF_NUM,INT_EX_CODE,INT_EX_DESC,EXT_EX_CODE,EXT_EX_DESC,EX_KEY) values ('BET_BVM_SC004',409,61131,'TXREJE','BULK0030','ERR_TXN_PROP_007','Value for Processing Option RECP-RMND-MXCOUNT is not valid','NARR','Value for RECP-RMND-MXCOUNT is not valid',0);
Insert into AUT_PREBV_LHS (TESTCASEID,TASKID,QUEUEID,TRN_STATUS_CODE,CUST_REF_NUM,INT_EX_CODE,INT_EX_DESC,EXT_EX_CODE,EXT_EX_DESC,EX_KEY) values ('BET_BVM_SC004',71126,61188,'TXSETL','BULK0031',null,null,null,null,0);
Insert into AUT_PREBV_LHS (TESTCASEID,TASKID,QUEUEID,TRN_STATUS_CODE,CUST_REF_NUM,INT_EX_CODE,INT_EX_DESC,EXT_EX_CODE,EXT_EX_DESC,EX_KEY) values ('BET_BVM_SC004',409,61131,'TXREJE','BULK0032','ERR_TXN_PROP_009','Value for Processing Option CUST-NOTF-TEMPLATE-ID is not valid','NARR','Value for CUST-NOTF-TEMPLATE-ID is not valid',0);
Insert into AUT_PREBV_LHS (TESTCASEID,TASKID,QUEUEID,TRN_STATUS_CODE,CUST_REF_NUM,INT_EX_CODE,INT_EX_DESC,EXT_EX_CODE,EXT_EX_DESC,EX_KEY) values ('BET_BVM_SC005',71126,61188,'TXSETL','BULK0033',null,null,null,null,0);
Insert into AUT_PREBV_LHS (TESTCASEID,TASKID,QUEUEID,TRN_STATUS_CODE,CUST_REF_NUM,INT_EX_CODE,INT_EX_DESC,EXT_EX_CODE,EXT_EX_DESC,EX_KEY) values ('BET_BVM_SC005',71126,61188,'TXSETL','BULK0034',null,null,null,null,0);
Insert into AUT_PREBV_LHS (TESTCASEID,TASKID,QUEUEID,TRN_STATUS_CODE,CUST_REF_NUM,INT_EX_CODE,INT_EX_DESC,EXT_EX_CODE,EXT_EX_DESC,EX_KEY) values ('BET_BVM_SC005',71126,61188,'TXSETL','BULK0035',null,null,null,null,0);
Insert into AUT_PREBV_LHS (TESTCASEID,TASKID,QUEUEID,TRN_STATUS_CODE,CUST_REF_NUM,INT_EX_CODE,INT_EX_DESC,EXT_EX_CODE,EXT_EX_DESC,EX_KEY) values ('BET_BVM_SC005',71126,61188,'TXSETL','BULK0036',null,null,null,null,0);
Insert into AUT_PREBV_LHS (TESTCASEID,TASKID,QUEUEID,TRN_STATUS_CODE,CUST_REF_NUM,INT_EX_CODE,INT_EX_DESC,EXT_EX_CODE,EXT_EX_DESC,EX_KEY) values ('BET_BVM_SC005',71126,61188,'TXSETL','BULK0037',null,null,null,null,0);
Insert into AUT_PREBV_LHS (TESTCASEID,TASKID,QUEUEID,TRN_STATUS_CODE,CUST_REF_NUM,INT_EX_CODE,INT_EX_DESC,EXT_EX_CODE,EXT_EX_DESC,EX_KEY) values ('BET_BVM_SC005',71126,61188,'TXSETL','BULK0038',null,null,null,null,0);
Insert into AUT_PREBV_LHS (TESTCASEID,TASKID,QUEUEID,TRN_STATUS_CODE,CUST_REF_NUM,INT_EX_CODE,INT_EX_DESC,EXT_EX_CODE,EXT_EX_DESC,EX_KEY) values ('BET_BVM_SC005',71126,61188,'TXSETL','BULK0039',null,null,null,null,0);
Insert into AUT_PREBV_LHS (TESTCASEID,TASKID,QUEUEID,TRN_STATUS_CODE,CUST_REF_NUM,INT_EX_CODE,INT_EX_DESC,EXT_EX_CODE,EXT_EX_DESC,EX_KEY) values ('BET_BVM_SC005',71126,61188,'TXSETL','BULK0040',null,null,null,null,0);
Insert into AUT_PREBV_LHS (TESTCASEID,TASKID,QUEUEID,TRN_STATUS_CODE,CUST_REF_NUM,INT_EX_CODE,INT_EX_DESC,EXT_EX_CODE,EXT_EX_DESC,EX_KEY) values ('BET_BVM_SC006',71126,61188,'TXSETL','BULK0041',null,null,null,null,0);
Insert into AUT_PREBV_LHS (TESTCASEID,TASKID,QUEUEID,TRN_STATUS_CODE,CUST_REF_NUM,INT_EX_CODE,INT_EX_DESC,EXT_EX_CODE,EXT_EX_DESC,EX_KEY) values ('BET_BVM_SC006',71126,61188,'TXSETL','BULK0042',null,null,null,null,0);
Insert into AUT_PREBV_LHS (TESTCASEID,TASKID,QUEUEID,TRN_STATUS_CODE,CUST_REF_NUM,INT_EX_CODE,INT_EX_DESC,EXT_EX_CODE,EXT_EX_DESC,EX_KEY) values ('BET_BVM_SC006',409,61131,'TXREJE','BULK0043','ERR_TXN_PROP_004','Value for Processing Option ANS-HASH-SALT is not valid','NARR','Value for ANS-HASH-SALT is not valid',0);
Insert into AUT_PREBV_LHS (TESTCASEID,TASKID,QUEUEID,TRN_STATUS_CODE,CUST_REF_NUM,INT_EX_CODE,INT_EX_DESC,EXT_EX_CODE,EXT_EX_DESC,EX_KEY) values ('BET_BVM_SC006',71126,61188,'TXSETL','BULK0044',null,null,null,null,0);
Insert into AUT_PREBV_LHS (TESTCASEID,TASKID,QUEUEID,TRN_STATUS_CODE,CUST_REF_NUM,INT_EX_CODE,INT_EX_DESC,EXT_EX_CODE,EXT_EX_DESC,EX_KEY) values ('BET_BVM_SC006',71126,61188,'TXSETL','BULK0045',null,null,null,null,0);
Insert into AUT_PREBV_LHS (TESTCASEID,TASKID,QUEUEID,TRN_STATUS_CODE,CUST_REF_NUM,INT_EX_CODE,INT_EX_DESC,EXT_EX_CODE,EXT_EX_DESC,EX_KEY) values ('BET_BVM_SC007',71126,61188,'TXSETL','BULK0046',null,null,null,null,0);
Insert into AUT_PREBV_LHS (TESTCASEID,TASKID,QUEUEID,TRN_STATUS_CODE,CUST_REF_NUM,INT_EX_CODE,INT_EX_DESC,EXT_EX_CODE,EXT_EX_DESC,EX_KEY) values ('BET_BVM_SC007',71126,61188,'TXSETL','BULK0047',null,null,null,null,0);
Insert into AUT_PREBV_LHS (TESTCASEID,TASKID,QUEUEID,TRN_STATUS_CODE,CUST_REF_NUM,INT_EX_CODE,INT_EX_DESC,EXT_EX_CODE,EXT_EX_DESC,EX_KEY) values ('BET_BVM_SC007',71126,61188,'TXSETL','BULK0048',null,null,null,null,0);
Insert into AUT_PREBV_LHS (TESTCASEID,TASKID,QUEUEID,TRN_STATUS_CODE,CUST_REF_NUM,INT_EX_CODE,INT_EX_DESC,EXT_EX_CODE,EXT_EX_DESC,EX_KEY) values ('BET_BVM_SC007',409,61131,'TXREJE','BULK0049','ERR_TXN_PROP_005','Value for Processing Option CANC-PERIOD is not valid','NARR','Value for CANC-PERIOD is not valid',0);
Insert into AUT_PREBV_LHS (TESTCASEID,TASKID,QUEUEID,TRN_STATUS_CODE,CUST_REF_NUM,INT_EX_CODE,INT_EX_DESC,EXT_EX_CODE,EXT_EX_DESC,EX_KEY) values ('BET_BVM_SC007',409,61131,'TXREJE','BULK0050','ERR_TXN_PROP_005','Value for Processing Option CANC-PERIOD is not valid','NARR','Value for CANC-PERIOD is not valid',0);
Insert into AUT_PREBV_LHS (TESTCASEID,TASKID,QUEUEID,TRN_STATUS_CODE,CUST_REF_NUM,INT_EX_CODE,INT_EX_DESC,EXT_EX_CODE,EXT_EX_DESC,EX_KEY) values ('BET_BVM_SC007',409,61131,'TXREJE','BULK0051','ERR_TXN_PROP_005','Value for Processing Option CANC-PERIOD is not valid','NARR','Value for CANC-PERIOD is not valid',0);
Insert into AUT_PREBV_LHS (TESTCASEID,TASKID,QUEUEID,TRN_STATUS_CODE,CUST_REF_NUM,INT_EX_CODE,INT_EX_DESC,EXT_EX_CODE,EXT_EX_DESC,EX_KEY) values ('BET_BVM_SC020',409,61131,'TXREJE','BULK0111','ERR_BCH_DBT_001','Total batch debit amount exceeds limit','NARR','Total batch debit amount exceeds limit',0);
Insert into AUT_PREBV_LHS (TESTCASEID,TASKID,QUEUEID,TRN_STATUS_CODE,CUST_REF_NUM,INT_EX_CODE,INT_EX_DESC,EXT_EX_CODE,EXT_EX_DESC,EX_KEY) values ('BET_BVM_SC020',409,61131,'TXREJE','BULK0111a','ERR_BCH_DBT_001','Total batch debit amount exceeds limit','NARR','Total batch debit amount exceeds limit',0);
Insert into AUT_PREBV_LHS (TESTCASEID,TASKID,QUEUEID,TRN_STATUS_CODE,CUST_REF_NUM,INT_EX_CODE,INT_EX_DESC,EXT_EX_CODE,EXT_EX_DESC,EX_KEY) values ('BET_BVM_SC020',409,61131,'TXREJE','BULK0111b','ERR_BCH_DBT_001','Total batch debit amount exceeds limit','NARR','Total batch debit amount exceeds limit',0);
Insert into AUT_PREBV_LHS (TESTCASEID,TASKID,QUEUEID,TRN_STATUS_CODE,CUST_REF_NUM,INT_EX_CODE,INT_EX_DESC,EXT_EX_CODE,EXT_EX_DESC,EX_KEY) values ('BET_BVM_SC020',409,61131,'TXREJE','BULK0111c','ERR_BCH_DBT_001','Total batch debit amount exceeds limit','NARR','Total batch debit amount exceeds limit',0);
Insert into AUT_PREBV_LHS (TESTCASEID,TASKID,QUEUEID,TRN_STATUS_CODE,CUST_REF_NUM,INT_EX_CODE,INT_EX_DESC,EXT_EX_CODE,EXT_EX_DESC,EX_KEY) values ('BET_BVM_SC020',409,61131,'TXREJE','BULK0111d','ERR_BCH_DBT_001','Total batch debit amount exceeds limit','NARR','Total batch debit amount exceeds limit',0);
Insert into AUT_PREBV_LHS (TESTCASEID,TASKID,QUEUEID,TRN_STATUS_CODE,CUST_REF_NUM,INT_EX_CODE,INT_EX_DESC,EXT_EX_CODE,EXT_EX_DESC,EX_KEY) values ('BET_BVM_SC020',409,61131,'TXREJE','BULK0111e','ERR_BCH_DBT_001','Total batch debit amount exceeds limit','NARR','Total batch debit amount exceeds limit',0);
Insert into AUT_PREBV_LHS (TESTCASEID,TASKID,QUEUEID,TRN_STATUS_CODE,CUST_REF_NUM,INT_EX_CODE,INT_EX_DESC,EXT_EX_CODE,EXT_EX_DESC,EX_KEY) values ('BET_BVM_SC028',423,61261,'TXSUSP','BULK0131','ERR_TXN_IWS_001','Timeout for IWS call','NA','NA',0);
Insert into AUT_PREBV_LHS (TESTCASEID,TASKID,QUEUEID,TRN_STATUS_CODE,CUST_REF_NUM,INT_EX_CODE,INT_EX_DESC,EXT_EX_CODE,EXT_EX_DESC,EX_KEY) values ('BET_BVM_SC028',71126,60921,'TXSETL','BULK0132',null,null,null,null,0);
Insert into AUT_PREBV_LHS (TESTCASEID,TASKID,QUEUEID,TRN_STATUS_CODE,CUST_REF_NUM,INT_EX_CODE,INT_EX_DESC,EXT_EX_CODE,EXT_EX_DESC,EX_KEY) values ('BET_BVM_SC028',71126,60922,'TXSETL','BULK0133',null,null,null,null,0);
Insert into AUT_PREBV_LHS (TESTCASEID,TASKID,QUEUEID,TRN_STATUS_CODE,CUST_REF_NUM,INT_EX_CODE,INT_EX_DESC,EXT_EX_CODE,EXT_EX_DESC,EX_KEY) values ('BET_BVM_SC028',71126,61182,'TXPRNT','BULK0134',null,null,null,null,0);
Insert into AUT_PREBV_LHS (TESTCASEID,TASKID,QUEUEID,TRN_STATUS_CODE,CUST_REF_NUM,INT_EX_CODE,INT_EX_DESC,EXT_EX_CODE,EXT_EX_DESC,EX_KEY) values ('BET_BVM_SC028',409,61131,'TXREJE','BULK0135','ERR_TXN_PROP_001','Processing Options are not specified in the Proper Code value Format','NARR','Processing Options not specified in Proper Code value Format',0);
Insert into AUT_PREBV_LHS (TESTCASEID,TASKID,QUEUEID,TRN_STATUS_CODE,CUST_REF_NUM,INT_EX_CODE,INT_EX_DESC,EXT_EX_CODE,EXT_EX_DESC,EX_KEY) values ('BET_BVM_SC029',423,61261,'TXSUSP','BULK0136','ERR_TXN_IWS_001','Timeout for IWS call','NA','NA',0);
Insert into AUT_PREBV_LHS (TESTCASEID,TASKID,QUEUEID,TRN_STATUS_CODE,CUST_REF_NUM,INT_EX_CODE,INT_EX_DESC,EXT_EX_CODE,EXT_EX_DESC,EX_KEY) values ('BET_BVM_SC029',71126,60921,'TXSETL','BULK0137',null,null,null,null,0);
Insert into AUT_PREBV_LHS (TESTCASEID,TASKID,QUEUEID,TRN_STATUS_CODE,CUST_REF_NUM,INT_EX_CODE,INT_EX_DESC,EXT_EX_CODE,EXT_EX_DESC,EX_KEY) values ('BET_BVM_SC029',71126,60922,'TXSETL','BULK0138',null,null,null,null,0);
Insert into AUT_PREBV_LHS (TESTCASEID,TASKID,QUEUEID,TRN_STATUS_CODE,CUST_REF_NUM,INT_EX_CODE,INT_EX_DESC,EXT_EX_CODE,EXT_EX_DESC,EX_KEY) values ('BET_BVM_SC029',71126,61182,'TXPRNT','BULK0139',null,null,null,null,0);
Insert into AUT_PREBV_LHS (TESTCASEID,TASKID,QUEUEID,TRN_STATUS_CODE,CUST_REF_NUM,INT_EX_CODE,INT_EX_DESC,EXT_EX_CODE,EXT_EX_DESC,EX_KEY) values ('BET_BVM_SC029',409,61131,'TXREJE','BULK0140','ERR_TXN_PROP_001','Processing Options are not specified in the Proper Code value Format','NARR','Processing Options not specified in Proper Code value Format',0);
Insert into AUT_PREBV_LHS (TESTCASEID,TASKID,QUEUEID,TRN_STATUS_CODE,CUST_REF_NUM,INT_EX_CODE,INT_EX_DESC,EXT_EX_CODE,EXT_EX_DESC,EX_KEY) values ('BET_BVM_SC030',423,61261,'TXSUSP','BULK0141','ERR_TXN_IWS_001','Timeout for IWS call','NA','NA',0);
Insert into AUT_PREBV_LHS (TESTCASEID,TASKID,QUEUEID,TRN_STATUS_CODE,CUST_REF_NUM,INT_EX_CODE,INT_EX_DESC,EXT_EX_CODE,EXT_EX_DESC,EX_KEY) values ('BET_BVM_SC030',71126,60921,'TXSETL','BULK0142',null,null,null,null,0);
Insert into AUT_PREBV_LHS (TESTCASEID,TASKID,QUEUEID,TRN_STATUS_CODE,CUST_REF_NUM,INT_EX_CODE,INT_EX_DESC,EXT_EX_CODE,EXT_EX_DESC,EX_KEY) values ('BET_BVM_SC030',71126,60922,'TXSETL','BULK0143',null,null,null,null,0);
Insert into AUT_PREBV_LHS (TESTCASEID,TASKID,QUEUEID,TRN_STATUS_CODE,CUST_REF_NUM,INT_EX_CODE,INT_EX_DESC,EXT_EX_CODE,EXT_EX_DESC,EX_KEY) values ('BET_BVM_SC030',71126,61182,'TXPRNT','BULK0144',null,null,null,null,0);
Insert into AUT_PREBV_LHS (TESTCASEID,TASKID,QUEUEID,TRN_STATUS_CODE,CUST_REF_NUM,INT_EX_CODE,INT_EX_DESC,EXT_EX_CODE,EXT_EX_DESC,EX_KEY) values ('BET_BVM_SC030',409,61131,'TXREJE','BULK0145','ERR_TXN_PROP_001','Processing Options are not specified in the Proper Code value Format','NARR','Processing Options not specified in Proper Code value Format',0);
Insert into AUT_PREBV_LHS (TESTCASEID,TASKID,QUEUEID,TRN_STATUS_CODE,CUST_REF_NUM,INT_EX_CODE,INT_EX_DESC,EXT_EX_CODE,EXT_EX_DESC,EX_KEY) values ('BET_BVM_SC031',423,61261,'TXSUSP','BULK0146','ERR_TXN_IWS_001','Timeout for IWS call','NA','NA',0);
Insert into AUT_PREBV_LHS (TESTCASEID,TASKID,QUEUEID,TRN_STATUS_CODE,CUST_REF_NUM,INT_EX_CODE,INT_EX_DESC,EXT_EX_CODE,EXT_EX_DESC,EX_KEY) values ('BET_BVM_SC031',71126,60921,'TXSETL','BULK0147',null,null,null,null,0);
Insert into AUT_PREBV_LHS (TESTCASEID,TASKID,QUEUEID,TRN_STATUS_CODE,CUST_REF_NUM,INT_EX_CODE,INT_EX_DESC,EXT_EX_CODE,EXT_EX_DESC,EX_KEY) values ('BET_BVM_SC031',71126,60922,'TXSETL','BULK0148',null,null,null,null,0);
Insert into AUT_PREBV_LHS (TESTCASEID,TASKID,QUEUEID,TRN_STATUS_CODE,CUST_REF_NUM,INT_EX_CODE,INT_EX_DESC,EXT_EX_CODE,EXT_EX_DESC,EX_KEY) values ('BET_BVM_SC031',71126,61182,'TXPRNT','BULK0149',null,null,null,null,0);
commit;